name,turnover,holding_period_days,concentration_hhi,buy_sell_symmetry,volatility_pref,ind_交通运输,ind_传媒,ind_公用事业,ind_农林牧渔,ind_化工,ind_医药生物,ind_商贸零售,ind_国防军工,ind_基础化工,ind_家用电器,ind_建筑材料,ind_建筑装饰,ind_房地产,ind_有色金属,ind_机械设备,ind_汽车,ind_煤炭,ind_环保,ind_电力设备,ind_电子,ind_石油石化,ind_社会服务,ind_纺织服饰,ind_综合,ind_美容护理,ind_计算机,ind_轻工制造,ind_通信,ind_钢铁,ind_银行,ind_非银金融,ind_食品饮料
sim_acct_0000,5.9505793950531185,54.300462228768126,0.4977312064986597,0.5626347803860436,0.07250059010754517,0.18294126928646823,8.669241804449029e-35,1.2972909342621114e-23,1.4333207897191112e-24,8.447249041068873e-102,3.336135869712029e-73,0.11316820403242414,2.740630385046337e-24,8.006274242321452e-90,6.4291301410649665e-06,4.219378989571782e-17,1.593546362310615e-159,7.922274626361846e-43,4.556141256924474e-71,2.43320739383547e-24,1.1521047284054927e-56,0.32254233941467625,1.4604670472376258e-30,5.542534395913727e-78,4.468566596737667e-12,0.05842804328617181,5.469053511653448e-28,0.20647280891134837,3.500489914583303e-76,6.849314856958836e-18,2.3573915494613472e-54,1.2417954875062652e-20,0.010036551358352921,0.03828834553377736,0.06811600778757682,3.801878279815752e-103,1.2545945057637795e-09
sim_acct_0001,79.80385159600804,3.3699315308035707,0.3360338801528653,0.6068904109537726,0.13107153036326874,1.0763589693640697e-06,9.734174804094861e-108,0.11123703046702768,2.4515830634839883e-47,9.418859648735846e-101,4.512576866647616e-07,3.9192675972952936e-16,0.011996896162337522,0.001388608324126641,4.640969435968434e-43,0.00429967804662875,3.349056888982943e-05,4.904109106010336e-59,0.6434230287188933,7.041216373838784e-05,6.189270282541566e-09,4.51835157769004e-30,4.831243909774693e-106,0.0008945068470022383,0.0004918392841427774,1.545941327343621e-08,0.03520510849401011,4.430555233898712e-14,1.852666593490509e-36,8.130434403455757e-49,0.06447183330845213,2.038156381767684e-18,8.593348445741391e-05,0.0002781869888285251,2.397022680748591e-30,0.12612189787607953,2.524335136006066e-16
sim_acct_0002,33.520534033580674,6.249023500960744,0.34650079596980027,0.38766775811976206,0.04061678188508499,4.341201620969205e-81,0.03690355922812129,4.940688596629615e-36,1.662110787659455e-12,6.369600643122277e-37,4.816717830327245e-05,4.666422639110662e-80,2.0677608526305693e-09,0.19596935705757826,6.170918240191072e-07,0.0002988561273693448,2.2111160875428188e-13,3.707810731450509e-19,0.012384480731962222,0.028307550872522326,0.00046854800966108844,6.467975352448689e-119,1.1152969225142957e-15,0.4554655755617035,0.269627478622801,2.0702147611630223e-06,6.1421615919556636e-12,9.548437678066378e-19,1.7617627878510723e-29,3.147298984840834e-34,0.000523736351959228,2.3058421871538838e-38,3.273957666278938e-53,4.7563146175056387e-39,2.0048050861388108e-69,3.2292746746595515e-72,8.756460141613787e-10
sim_acct_0003,5.4993823050431025,52.134347111317304,0.49041618485539035,0.5908915337729188,0.06134160205079175,0.26110962949930044,7.879698539335612e-08,8.662164450228293e-113,3.7789921030948974e-16,9.163525539351314e-46,4.477875526937959e-09,0.1473987738335008,0.00020438130097982243,5.132606162928099e-47,1.9374509493531185e-43,2.700423938283145e-62,3.0550347454929674e-55,4.039054552832199e-20,3.80406689281949e-86,4.67532668230323e-54,3.684647461808593e-11,0.15290593675425254,5.224526116242596e-77,3.0824605752265206e-07,0.008119725943693359,0.02182024327269519,3.2624549385420766e-65,0.10167458561532328,1.0924429562659253e-18,2.2083089615284065e-46,4.262782530989976e-112,0.022802589100743825,2.04669925894899e-07,0.2724651037884647,0.011498434649969474,1.338529259798929e-11,2.6154727723574842e-58
sim_acct_0004,87.28803236224248,3.0091693243641107,0.26722918802913237,0.5215121098614736,0.1206854034942098,1.4864573368428218e-05,2.1020074552452547e-50,0.006426743268996132,1.7874726669489732e-18,6.047356606728074e-18,1.1162897531750408e-07,0.0026250043453907956,0.00375040272546933,1.400894997001898e-91,1.700284450399833e-47,0.10903042862440247,0.01036251610753912,3.190558656870125e-50,0.5629812927292837,0.00341658489828966,0.0013046494712292745,3.2512125742541484e-29,1.7462386718837235e-12,0.1004509439458153,0.03470683507445923,0.00016257877827074502,7.41820793736346e-14,1.6875300788403804e-67,0.0008478745134334474,3.5872202829695483e-13,0.07201721325132988,2.2458545035811032e-13,9.18972481721945e-19,9.672660887947439e-23,1.3678858670417373e-24,0.09190195606134352,1.6078483752020456e-67
sim_acct_0005,38.99795222978342,6.038462452600852,0.3466314738081808,0.46067705005023835,0.034925032274247876,1.5589280116012414e-73,0.01599759551565721,0.014787960552799507,4.048200112409424e-19,1.3150588476582348e-06,3.653612147997775e-05,1.1041502070782735e-283,0.0010505988948262175,0.30528990516783655,6.478809675096979e-27,2.0176037465120488e-77,3.494735755754559e-98,3.0178313571584177e-81,0.032754963138473245,0.004860476943031372,5.903844322030304e-14,1.3413717565852355e-13,0.02595836109826975,0.15939289924780492,0.39637775913056666,0.04295699527537938,3.3034332342112283e-38,1.3412062613419427e-12,5.124211587150335e-05,1.0503655048188111e-19,0.00048339173762164785,3.1792654845557267e-21,1.8563589363153107e-41,3.8484141286823444e-84,1.1735332118816625e-28,4.7995245738556276e-135,3.732050507766602e-46
sim_acct_0006,5.248257997534709,69.50126371523372,0.47573879133279523,0.6063573103188854,0.07433445536436714,0.3612289757718777,0.0013444460920581745,3.1852231360161468e-80,5.757514432666601e-47,3.5864381899200704e-16,4.506762797219112e-107,0.07414936719021324,5.842391317255034e-28,1.1651411267325515e-08,1.5112469661483292e-05,5.577102859680524e-29,2.0039572654053708e-92,7.063117683656986e-16,1.2847361398308493e-28,3.811265047429296e-86,1.0372833646109136e-46,0.40684902172853826,0.01623067348809242,2.0557815864749113e-15,3.4332688796788137e-103,0.014724901484604166,8.352160291065579e-42,0.11655665906283597,1.5147082317033598e-39,0.006812480744527243,4.044923774674232e-35,2.1948699359199353e-31,4.128991800831852e-07,0.002043268234511122,2.6593992335665196e-05,5.582414295250806e-06,1.2492775855024046e-05
sim_acct_0007,121.73066961840665,2.7492701527344523,0.27945571319409607,0.3372042225346397,0.08240933483800343,3.3384427110148774e-11,5.352201073375538e-32,1.320098039155082e-06,1.0106603332684273e-83,1.7762489808379218e-07,2.2203309834017143e-20,0.0015277619787863919,0.01193802231449284,1.880324076584456e-37,7.608738390981782e-44,0.002373378904430606,1.1456423638077579e-06,4.838473545089702e-07,0.8273627984880686,6.296646794108254e-05,1.0247110484867586e-05,0.0028932187229572214,4.2099698879938536e-33,0.006499552455649058,0.004167189557730109,1.3820934843798203e-05,2.4344376645537927e-56,0.020444707009686734,1.622240524680219e-29,3.0860101346741727e-12,0.10413112796638802,3.6677843574258836e-14,4.265480209682845e-15,1.5506203843472885e-09,1.8396794454967052e-25,0.013543920933499915,0.005028158355253644
sim_acct_0008,37.948221191398375,6.934910207857956,0.43075733439647673,0.5687292867473422,0.036093773755231685,6.355404123608046e-29,0.047357043655391014,0.0004214624161403362,2.053014113811826e-09,3.3449774318027223e-38,2.649501109198573e-07,1.0182447365251342e-17,0.00026596586076183817,0.2987167229356426,6.592319962467389e-48,3.5638573207982175e-24,4.853640025747458e-36,0.025072117619916248,0.06815134932537732,0.0008913228707634007,0.004291346599340758,1.8275462309734662e-27,6.521493387492448e-14,0.26168285947733216,0.2234706361122619,0.012951417299272697,3.1116335907089337e-24,7.829653261432753e-105,3.6891037615403266e-12,1.3880598155139908e-49,0.05142491111862341,2.826519009576384e-76,5.756032302057929e-57,0.005174807715561557,8.446841998817471e-47,2.747722383226302e-28,0.00012776998673539325
sim_acct_0009,4.414335068786447,62.750615946264276,0.5118767075998538,0.4297634850760157,0.07998154652663989,0.23381783628967104,5.923013181602775e-102,2.1526982316933558e-19,9.358665311781474e-38,3.430144233471071e-44,1.1843703637681325e-45,0.007941172647088676,6.1056464565767845e-34,1.2335626723410062e-97,3.2699288763313105e-15,7.464329796989675e-94,1.5478142051445388e-190,1.0465539702854499e-47,1.350309066685503e-92,1.9989870077567334e-62,7.639001447354546e-33,0.21546568050442103,1.2277342288268355e-43,1.777574023877445e-115,1.9667837099068744e-11,0.26287991998875115,0.0013892676074308313,0.19563856995965692,2.8220001765772405e-110,2.6646715569543063e-111,2.3861944407875145e-165,1.5454800255833975e-20,4.558104425680831e-20,0.037624469296571775,0.04524308368673745,8.392324317875212e-38,2.5664154142832978e-68
sim_acct_0010,85.85502324857586,2.867419045466643,0.33713334730653166,0.5698703058796725,0.11776669614370455,0.015546527067171186,1.7236852123662433e-71,1.0062534953811174e-06,2.8286337314491934e-42,4.9848055433119007e-36,0.002089751872490337,1.765655658198139e-06,0.0002614112069197102,6.30904382814047e-115,2.1727188557204024e-37,0.0005249862704795198,7.29240188723604e-07,4.5293237998688856e-14,0.6861318405194874,1.051562388799778e-15,0.011537543994416732,8.650240886040035e-150,0.04077695544747602,0.07238570371838404,0.0026067628559391437,2.4655338738338667e-14,7.746729478347135e-40,9.25394293243852e-39,2.960305211482352e-14,3.290061473504328e-41,0.005333968947706729,4.763872895731569e-15,3.945502903692506e-31,0.00010257890913867884,2.478638075469462e-16,0.1626984680409424,5.682627126834801e-96
sim_acct_0011,41.43050610646754,8.504529789112883,0.35332313292831713,0.46706344820819945,0.034196957180512494,2.3777031823075173e-75,0.11950246005447462,2.9815812653593814e-11,2.4651005020929363e-10,3.2964839589631525e-26,1.8418707732691525e-11,1.1521230744119309e-48,0.3072051219801367,0.2442192319368185,7.340115481691112e-83,3.794994937567558e-41,0.04741571457087456,1.057311023335365e-84,0.016366628028411517,9.547539286402833e-05,1.643214064224748e-65,8.220333285509526e-12,9.133168540093051e-32,0.032949025073396074,0.218211268129574,0.0031597031867918023,1.44962758968004e-13,1.3327540686032942e-28,2.845215807459631e-07,2.6427401492831646e-13,0.010875086820029889,6.097383979360969e-13,7.796928317001662e-50,1.0610349096721356e-12,2.729258717263886e-15,3.311653590038572e-19,1.368556760273548e-67
sim_acct_0012,6.065429272157651,53.627126938056286,0.4466723322307484,0.5926031047102299,0.07191855126693356,0.1663686295360022,3.406378617930925e-32,7.794256979214825e-45,1.657815815997781e-24,2.5530564210946112e-19,4.499979815244359e-09,0.002724148139941673,3.62796544244703e-56,5.823378192260542e-75,4.580901386890851e-78,3.934291330278123e-147,6.937951295175133e-105,3.6724076108911067e-19,6.947092183350747e-33,5.862331742074511e-61,6.226637810497671e-26,0.39090447145564194,3.05297775252294e-11,1.6208338315279285e-11,1.676162085875938e-253,0.10929698099344128,2.683967708816558e-52,0.21067280203497502,7.994496077577533e-91,4.021572262003499e-06,4.632683669964339e-45,0.07487268110140294,7.963177951812105e-21,0.0021021081014005755,0.04305415251821442,2.1952009257647747e-31,1.2522377762252834e-76
sim_acct_0013,87.73205925647797,2.899374837915576,0.27921461394291847,0.4645481069430162,0.10335921774529971,0.0014484980142832398,2.0030590744297288e-08,7.11844614589573e-11,0.0014041481302503266,2.512141223977296e-47,0.0017748710811141195,0.07571804905091344,0.16787174849168288,1.3106001406236188e-24,6.141551809000642e-54,1.456208934936112e-07,0.00014296693371928165,3.018658337307016e-12,0.30598955533866046,0.002242396357727372,0.007286740541306649,3.426399357814842e-25,3.937224676599554e-09,0.04892706994717102,0.011454729810059383,6.865117452185376e-10,1.8818181808045127e-08,1.3302512558170552e-25,0.20606607251213627,2.906015359501535e-06,0.03505993129380609,7.496657182762567e-05,1.4992148189204807e-08,6.738078886975933e-05,3.787333307051292e-10,0.1344677645826253,1.4089388265424068e-74
sim_acct_0014,47.0035320917218,8.495163553796875,0.4290161196009539,0.6035988369317624,0.04359365783932802,2.8863387735227607e-05,0.022384296839564687,6.154443316548942e-20,0.0004441287927430814,4.277702811596137e-71,0.00017466509029735017,3.4564600326239943e-41,0.008723944427681029,0.34930056840667234,1.4864963169552029e-15,1.9135608397156595e-53,5.146064446934313e-27,1.4720930655541934e-09,0.023419385320762008,0.0014906485376829644,6.215485375706594e-10,1.0025186039799548e-59,5.457564373157733e-09,0.12420802724424196,0.020374535918124655,0.1631103592513495,1.3952444896532894e-22,6.227224132487913e-08,2.0197455819219725e-93,3.262907257561143e-46,0.2863405069545538,1.0423886639034868e-12,1.0117355059981935e-12,3.0883948831840005e-12,1.0743469733838699e-99,4.785261361252807e-43,3.1197470727766995e-49
sim_acct_0015,8.348830722473886,74.56162811777634,0.4373806219962385,0.4835652525870028,0.06831900625565134,0.4198293615341724,2.5792966038539888e-15,2.8020056526717123e-24,1.3761633066317262e-106,1.7510784225657593e-45,2.5338297648677388e-26,0.12358580119149384,8.161089157300178e-123,2.1505198746971453e-84,2.9993893702518485e-18,6.714930725577016e-08,1.21998603674002e-117,0.000503111119979871,7.687981139699929e-145,1.781754689574742e-07,6.315000410432835e-25,0.30096941630712226,4.659271014379246e-08,5.813488828608656e-219,1.1716164078264026e-150,0.007420231491952381,2.5973471846212954e-70,0.14675665136190427,1.2047803451662552e-78,1.9034283723178343e-43,6.414769772202126e-11,4.436388253061319e-141,2.880257487425203e-180,3.18040765801784e-06,0.0008566585901777011,7.5296013902546e-05,1.2876192033710103e-23
sim_acct_0016,86.9944901017549,3.0475662964223336,0.35794058915740196,0.5399692748897879,0.130513106302702,2.1951285909131077e-05,8.581956187096418e-125,0.001407390471422064,5.1402926896655105e-05,8.117959821537133e-32,2.0549576072530793e-25,3.931812421375324e-08,0.10823043186885073,6.082194929209612e-54,4.2636185186643773e-47,0.0407673697842664,0.06615956738465141,1.0031173205251844e-10,0.4466441243632147,3.1365714858312917e-06,0.02606338461869777,3.635532056878604e-14,1.0953236689458226e-05,0.1269466416804766,0.00021907730994222082,8.139393820259542e-13,2.2148406272048376e-15,2.93787964596224e-31,6.249093892591985e-49,2.7479973859992864e-185,0.006087739584848064,2.121622253360089e-50,1.7483338418736826e-14,1.2235731021353531e-23,1.4583752599574274e-138,0.17738678949334324,2.2786500720509208e-68
sim_acct_0017,42.311758059878514,6.303949059556269,0.382078643759395,0.44785982302120547,0.04125903198045547,0.00768004147296366,0.0010583282001527265,0.0021705756448392255,1.2560460213605948e-16,6.211944746316028e-14,0.035704527045568535,2.254726359258555e-14,0.0016893944184984053,0.5982191217927123,4.0198459155239845e-31,7.097630440182583e-25,2.6521742572494816e-26,2.6026633749305572e-42,0.024588917277277054,0.006075556784275071,9.33560376452057e-49,3.730523372359679e-55,0.009787276913505083,0.13981681776725308,0.14043719951075037,0.006106528332777059,9.267030327886905e-19,1.2808955802287831e-18,9.008914441710606e-76,3.54325624415962e-16,0.026659033578979936,5.938567051435719e-111,3.464756397637952e-23,1.8895185491235156e-28,6.681260362324844e-06,1.1008933622552946e-147,2.6580755197262176e-66
sim_acct_0018,6.395886384887851,49.61708693129668,0.5670145753921115,0.530762650598204,0.07801074788306467,0.5747371876818691,8.171970613736993e-10,0.006026287687641785,4.8545057119029646e-57,1.3805911193175152e-32,2.529469614512101e-49,0.0001871099097885602,2.7827079929484496e-40,8.837524972661641e-44,0.0006465297610019216,8.345999617063626e-161,4.3737467715663904e-13,1.5088584584264651e-52,2.1798570979064424e-133,1.2907236465499187e-58,3.4943099694933864e-26,0.16229355066069195,8.579854570580082e-18,4.286931440678996e-14,1.2150411983275129e-10,0.0833511882615468,9.951779471253877e-09,0.14852654961417522,2.9217319541919178e-39,2.667177037557925e-17,1.7438686717307826e-139,8.529159811368842e-46,9.295632277656727e-13,0.024231585516457353,1.4936805874565582e-11,2.0351488307508567e-17,4.188544005771097e-17
sim_acct_0019,90.68009197103918,3.3423316517073145,0.313232589953115,0.3996219002190253,0.10770684446607388,6.5368617232593384e-09,1.85826762999345e-153,2.582297103878908e-09,8.32283449412223e-65,1.1358551125390293e-45,3.2750542896361255e-11,8.350408832255153e-08,0.03071376255179991,5.30801505979542e-14,0.023477233612185264,2.8297441148228103e-06,0.01737714405536475,6.953281823630788e-13,0.47747423283015045,1.4071046439771937e-20,0.005172388513359016,2.1184967550632254e-151,4.273686827474049e-38,0.00323768737422178,0.07796098763934604,0.0017216995439553778,1.302455735716591e-43,7.488551713657535e-24,7.87022096753044e-23,7.00917373698838e-91,0.12645100027821374,1.4712020380856154e-60,3.610231414463668e-46,9.454402051571175e-27,4.617289892797777e-30,0.23641081924015805,1.219603847860891e-07
sim_acct_0020,35.90860270785861,7.987485558938896,0.40766413092023485,0.4974319648600856,0.03290836494327554,3.726849726992244e-62,0.13242856793332997,0.0007112159502930688,5.9590314885952914e-05,6.077642974815121e-25,0.004753337609870229,2.3194859538646498e-36,0.05160228138078976,0.2292200457104403,0.0017475981892827433,0.00014618107762952106,1.6940446192862277e-140,2.5661254807050574e-36,0.03371129408314925,0.08966355688528202,9.42903830529479e-06,1.1876973907785676e-59,8.529198640141156e-09,0.2606985324761561,0.10122241902845035,0.05432252370783685,1.205763801292167e-09,2.663421154618608e-101,1.121970909892492e-29,0.0064971109825992706,0.033206305896737016,4.425095571798354e-63,3.0731186419847143e-57,3.57530720866008e-148,4.405030342623252e-37,2.1610647820370906e-54,1.378829980030154e-20
sim_acct_0021,5.690995582836052,62.02722411461051,0.532549299822599,0.5700387383683555,0.07309494185004006,0.3287031756675149,5.566023359152495e-67,3.013927152816019e-32,7.976420182053989e-09,9.860096006727869e-51,4.015833101868272e-76,0.014392408157622749,7.377882945033191e-40,5.45979772235936e-53,3.2509202489550555e-22,9.712388640240835e-08,2.1268949923679142e-86,5.4470688821160374e-76,0.01147828927609035,9.085763312609886e-08,0.0003981707176473846,0.1589737005627079,4.15105170057976e-09,1.0777168646206658e-23,6.9515139741262625e-09,0.06078272073841428,2.0538539481472493e-68,0.41883103108533454,1.806722638765553e-19,1.3905452081074316e-47,4.150157580004377e-31,2.4780342769509904e-62,1.673236724602823e-114,0.006147927181494322,0.00025475916807296713,2.483631985220757e-05,1.277406474297206e-05
sim_acct_0022,89.02324225595339,3.5081598921951014,0.2878213079162282,0.3984148647142213,0.15323811553317535,5.910375385892965e-07,4.181233749296844e-64,7.247303161474792e-20,6.182416021748819e-43,2.805874155636246e-142,1.3936191224968738e-06,1.113828538942677e-11,0.017184124064555967,3.885218506786532e-13,1.3689334713809968e-148,2.4679359414862725e-05,0.014050573641871334,3.208387661932143e-11,0.8231405970407989,0.0021624512762738303,8.921715631640357e-05,3.44059196976208e-20,5.5373035789737105e-15,0.0712929910964428,0.008308161416706074,6.436691644188806e-08,1.168912962946746e-21,1.5111146849415459e-22,5.1944362564086436e-05,0.03150096878927807,0.00019193155446315546,7.624943436820444e-17,0.005853628360997445,1.1932900933206038e-17,6.222205635663342e-25,0.026146682813123052,5.879632077387549e-35
sim_acct_0023,57.669975183489385,6.173122072755395,0.3711875198091629,0.4637663762063418,0.04012513137585857,1.5875146137680563e-43,0.04782077691769398,2.0463804923350925e-22,0.00014682276876978761,6.028823151102201e-70,0.003459030990374755,3.392736070251171e-08,0.0015798825201783937,0.18996849347306055,1.5906859832892902e-62,8.165959668386508e-39,6.076347734004299e-31,1.5927455466477024e-30,0.30328871211536795,0.0061920217973793,1.184260412561022e-09,3.348563721549103e-42,6.308893368148087e-20,0.037063542518564516,0.23315803633641735,0.0056564440614522375,1.6793318049103341e-18,1.0562666979044487e-56,1.4266344635304592e-05,1.4712610021477468e-16,0.17165193504448456,6.755088791194407e-42,5.5718451964419115e-30,4.466972030027763e-17,8.538521456623082e-118,3.6590597900605224e-26,3.381997932083446e-98
sim_acct_0024,6.647198539352463,56.6755389471782,0.5018452806250896,0.5683251229555156,0.0850143910438852,0.27913610063114863,1.0704738983038543e-23,1.0163157262447176e-06,5.11114907377219e-22,4.7197509904491636e-12,8.922714967733987e-112,0.038428441277235006,4.135476650556516e-64,1.1347286083355517e-32,2.926480339535136e-36,2.4116607680247433e-20,3.310804378835278e-30,5.734713556843853e-58,0.00043996310199286194,5.08399850404372e-56,1.374023903224259e-51,0.23439821133798053,1.645856932870535e-39,2.2564400812844825e-91,1.0480184672078991e-22,0.06855083443556712,7.413057958848977e-26,0.2391562568649373,2.58535344637222e-42,8.202811958555339e-62,8.852247261181277e-38,4.45224049462537e-46,1.6290823713059386e-76,0.05836331388628731,0.08152586214440524,3.244758126921659e-88,1.2480895956364511e-35
sim_acct_0025,106.78417591510198,3.7474057139662764,0.24067399049010646,0.549951042081541,0.11065834371440464,6.91860322102979e-08,9.470590472242344e-13,0.009064695584105198,3.1348277343368656e-07,1.294189276393795e-124,0.0006066736871740907,5.344102060161117e-10,0.08797090545062769,4.715996804880582e-07,1.5288164647090183e-54,0.0012331610008406906,0.03126397634602198,1.8433679792964867e-73,0.27404456907743374,0.00746304752612632,0.0071273061933150375,7.718108223572953e-16,2.457436119072169e-25,0.039022226538169856,0.015368405640268432,0.00609442791141813,1.159257721759264e-37,7.956313987632276e-18,2.700750876585827e-60,2.4861059808288987e-117,0.009464667997029332,1.5027098780640954e-15,1.517999362976128e-07,3.632491153411106e-22,2.0054736107836634e-67,0.5100903110678042,0.0011846193758836383
sim_acct_0026,36.00551419375433,6.723642458224987,0.3529340134065309,0.47970147376962885,0.037936595612648207,1.5760909251997835e-10,0.1586217351297093,1.3855261517009007e-05,0.002351742003451055,1.480858193751801e-11,0.18850378081166072,1.2099130378827716e-23,0.17402746349962447,0.16701927793862784,2.6538691661655143e-22,1.7213092788508706e-70,3.1376665770954277e-105,1.779759709196497e-45,2.4127088966371654e-08,0.017132686652291583,6.619724365859411e-26,3.700917579961993e-98,3.4091147996365905e-40,0.02306262162608207,0.15401812011468008,0.005155232738279851,2.70554490924875e-20,1.1211081152611172e-24,9.533873374716175e-11,4.740996478339058e-15,0.11009345982922594,1.2744965742206794e-43,5.821471439540184e-59,1.359774097043807e-52,2.0118551008528185e-26,6.606851894340001e-46,3.210315098503659e-51
sim_acct_0027,5.295066867801434,64.81867908368748,0.3253054641050964,0.7485025760880213,0.07914916924815943,0.32895728745604147,8.358742392941284e-46,7.806232857041458e-103,1.3195457200595215e-25,9.20001393669535e-42,1.567520133900116e-195,0.02678846796109134,3.3982509762718235e-12,0.0,2.3859477752516643e-36,0.10772339223971081,5.709535075656178e-43,4.50946898309086e-48,3.7192596692644986e-06,1.7242156178371146e-35,9.49106073842832e-24,0.1405263483929571,2.4280374118861004e-111,0.002563649428978358,2.9056221265123013e-08,0.21364241990416874,1.376121700355478e-39,0.16689117782175805,8.213276411519612e-26,0.00443443737494662,0.00023534110742909494,1.755854684922789e-33,0.008115629963183638,0.00011613081702852222,1.969213417524498e-06,2.4933349125117978e-42,1.227201789581132e-34
sim_acct_0028,87.80493641472466,3.2748514100266664,0.28342641794590623,0.5451178783510449,0.12368656306789523,2.5690491170149157e-07,1.692928027987835e-24,0.048259631859461805,9.19867728318251e-05,2.132385991400459e-15,0.03226832916907341,0.00011729619644335996,0.028190813550870237,3.195701029465527e-112,8.431142399621348e-51,0.09055502550668999,0.010172173210076373,4.134050418379194e-08,0.4602771510287565,0.07313939557112067,0.0013218578889477007,8.822061457045775e-19,3.3161843429986587e-79,0.03582446031703894,0.12398240216270849,5.8164630718152106e-08,3.4844068113935326e-19,0.023209630661351364,9.752132586222567e-10,2.8350189661590246e-40,0.0013017309451291894,6.729566281936206e-09,3.659252888732234e-35,0.0016303637302232975,1.613330219206773e-52,0.06965738634459091,9.698573375882477e-10
sim_acct_0029,40.6685210695152,7.979578236625467,0.3673896530750167,0.5048385219349999,0.034424897064473006,8.927638866609574e-38,0.03216837694383029,4.993437061792852e-10,3.0853017748231912e-09,1.3789866438041745e-31,0.0008392239327442846,1.1967452987149734e-58,3.588155896370922e-05,0.07823807976667913,6.671593460896782e-13,0.0029204171889161286,3.7912026753413664e-10,1.5982623855790545e-24,0.15085175463470435,0.12462786896820484,0.0387706455926112,1.6923028505555648e-09,1.8652102494814548e-06,0.16331353149040734,0.16272712783820337,0.11276193642139591,1.887526680502271e-37,1.2928657484374993e-65,5.41682899125384e-141,0.001900261352563519,0.13078609644723818,1.736339567440069e-108,2.726810354779682e-19,1.7406694726211382e-132,5.692699655229359e-05,6.85546290538137e-33,9.674926046348333e-48
sim_acct_0030,6.0886476728160845,59.97947779515821,0.42183152923678324,0.4749925523145122,0.0647232057799605,0.4991400529618297,9.805730387909029e-11,0.000577764529651681,3.109970319526468e-59,2.715411601075926e-59,2.416711499362251e-14,0.01948577860735489,6.668648304087518e-40,1.4619685155979202e-47,7.290315253142664e-12,4.897434129554105e-119,8.298245576300476e-190,1.208041913569022e-66,1.097329564856239e-17,3.246311038301866e-29,1.4991447422521234e-06,0.04635700377108235,2.939143082794039e-44,1.4161339553070814e-151,7.001558391440922e-11,0.03994160695105163,1.0867588232077849e-23,0.3929975574914042,4.69506454929088e-10,1.7869451872392517e-14,4.808804529474711e-47,5.046207654913858e-67,1.446424426883311e-35,0.0014299381696899894,6.879772828189466e-05,3.846627361962154e-21,3.9417000860620887e-91
sim_acct_0031,77.14820014764999,2.428833086207061,0.24446428840489998,0.5231964048163938,0.11523472685959517,3.673267342616632e-15,1.308714665967134e-35,0.007228143583278027,1.6319896729342977e-30,2.832008158537087e-20,0.043612011715966945,0.0015672486563865708,0.12015890875974027,2.1689517080874927e-56,4.460672923152921e-23,0.026087336970009638,0.13718507398877536,1.0184103226023508e-54,0.08918826700944979,0.0016825672067036605,0.0012838161011455688,9.745468491517998e-10,4.5900465938607095e-35,0.035642258182411395,0.003187110228661534,1.4210733203097452e-05,4.066039373849979e-43,4.894394467251801e-36,1.0896408796276384e-10,5.502653401872609e-25,0.0026686009517303704,1.6955368347860692e-20,4.2708617687116304e-05,1.8452687018189515e-64,0.23322724322690314,0.2972244929844329,2.8735425679183646e-111
sim_acct_0032,36.04273924154664,6.6961128480485215,0.3658411727403622,0.43288042503114327,0.03663661423544604,8.252905032336698e-81,0.10012502337452016,3.450135342351133e-06,0.00010007428614962624,5.942075315153683e-39,0.0014584512386338103,1.1193170769756425e-103,0.0007206448467777848,0.38353588551110585,1.915773857627331e-06,3.0349039785103205e-54,1.1167135035491602e-50,0.004459875210188317,0.012394732588191043,0.01274677823106215,0.0447374930650508,1.7013611888642393e-92,0.00014926761094965802,0.10628923247739192,0.27811204015327884,0.053403687560361617,0.00043370637069419497,6.997419686199941e-53,1.3244163119102956e-103,3.0229018733116754e-52,0.0013260043131119584,1.5159400849543612e-240,5.0917296949228476e-102,1.2831219853864617e-55,4.2322217832031925e-84,2.3946958271941362e-27,1.7372533323467465e-06
sim_acct_0033,4.387383609833665,67.72124393256406,0.6193834885853927,0.5623926919753454,0.07626404482137485,0.27042143278586667,1.2329657735017603e-18,1.364897072661011e-68,1.106748684355474e-18,4.871177947053516e-43,3.8205782408737446e-14,0.004052689086939445,4.302187158671274e-143,8.494987546584045e-150,2.1738194823131375e-11,1.8145077905297684e-36,0.019718270549175295,2.3348056004293794e-17,6.221019212382199e-63,1.8587396629627836e-64,5.568612813823577e-51,0.1323760057811853,6.868686492104755e-11,3.416674736236665e-39,1.5721412297679452e-16,0.24656024492778514,1.893694326002953e-106,0.3156245903481444,5.900464109393415e-10,9.500575656329163e-22,6.37674679491376e-22,5.534249811497595e-125,9.022965135473737e-28,0.011098283419514623,0.0001484812701031544,5.443821576768257e-36,1.1507762121103366e-09
sim_acct_0034,98.6646928598756,3.1904318017764726,0.30706936621131087,0.470944940407793,0.11641428600418656,3.218088435005792e-08,1.3431280163368806e-76,0.11893430192074628,3.6114035619497243e-50,2.113808906820077e-16,4.118949746814799e-06,7.693124021650084e-09,0.00624007766219375,1.0788102497143893e-19,2.3227215773096827e-15,1.5168874659004839e-10,0.0018372285886269712,7.084329275545522e-50,0.37724211571496075,0.0071972883317259935,0.00022013804763868687,0.004499733993653666,1.1129586157661304e-08,0.08863394673305221,0.3312319380836034,9.103601211208186e-21,7.625322068588419e-25,7.618750420600283e-65,7.21227144111593e-20,1.1327681347024301e-43,0.031083484524337582,3.5599526244438332e-31,7.073911015723825e-43,0.006346125248277862,3.935012940553194e-33,0.02652945104615029,4.580616737602726e-50
sim_acct_0035,46.84800494226595,7.8834917706724035,0.2895585447654715,0.5862983737027351,0.05009269816019652,6.96983497338159e-18,1.4279502979229533e-08,2.433976116039246e-14,2.5670091485744375e-05,1.4361395912286543e-27,6.0800682521688695e-15,6.165341004023183e-85,0.0039263209700282,0.11519774861697603,1.6542393346059294e-30,1.00738847479132e-61,3.166081640941187e-120,8.216307767214184e-38,0.00018972572672670132,0.0005565056992311662,1.7399809409898385e-38,4.730261412890188e-47,2.0840556739732006e-25,0.22983007245951642,0.602348760060512,0.018975342478137543,2.4704288717137715e-15,9.920662476164112e-117,1.4090822440203973e-11,1.3534971122625806e-21,0.005206065521643387,0.003499875861400602,6.597301928295234e-64,2.6467499489806563e-31,1.1863366625756653e-19,8.361522758157287e-37,0.020243898220715213
sim_acct_0036,6.325686661298439,55.19782054867137,0.4487152141140509,0.5179476194778129,0.07789691907926027,0.4809784100484172,0.00020043483015794636,7.139333406932715e-05,2.9763178776911134e-94,3.931040028743579e-19,4.081581037821489e-13,0.010424209005955892,8.874694348988413e-14,2.7106863293094984e-18,1.1869574973538935e-71,1.21207868557818e-15,1.0539195141889234e-55,2.6085450344589226e-32,1.2288539104831251e-52,5.562524463369447e-217,7.93431043024998e-27,0.13770959263274227,1.434865219586352e-19,2.076265142758707e-52,4.2703666366359904e-41,0.13679933133974764,1.6931682491662657e-78,0.17480816686733763,1.0059768804765308e-34,2.804132132728389e-53,0.0006681423750804424,6.427772129473116e-05,2.959021157312526e-21,0.04944807055359756,0.00882797127137651,1.972481736495253e-11,2.1061792664234975e-60
sim_acct_0037,97.09860001785344,3.248091435754851,0.22893577653127556,0.43640421977190463,0.14064773562303018,0.0018898268753437854,4.2968106904324986e-14,0.060646864255346815,4.987813078087646e-22,4.4731202503618025e-25,1.800347888860324e-13,6.669548888222388e-07,0.019355212461487876,2.1131439364750116e-81,1.7367297884918295e-188,0.006740306739959215,5.260775284231436e-09,4.990914744780913e-35,0.642516442957893,0.030292176749075403,0.00018247844078500054,9.487032152167958e-100,4.590735268188018e-09,0.04383023386476582,0.00875774812634473,7.262750272404361e-09,1.300456164400728e-18,2.2207258494133914e-43,3.7429097389940216e-145,8.873246429229392e-42,0.1643784613567049,2.3454595230449524e-142,1.199338031066826e-94,0.000615158438286915,1.8717746659346876e-102,0.020794405664633774,2.6242353359403546e-38
sim_acct_0038,37.55118555041121,8.163666605660932,0.380390098648975,0.3832647933089488,0.029942835154740496,7.60283595782384e-25,0.004333784259836797,2.0717131636392259e-10,3.7527088238783175e-11,1.544562565115352e-42,1.131552070966523e-11,1.7204287726756933e-42,0.06303771180835213,0.08713506050805724,3.2484558232418305e-30,5.713685879997697e-25,1.6030582245733085e-34,1.5546141352274363e-13,0.032624234556936006,0.0317735138207955,2.8444004409902914e-05,2.2859008779867562e-58,4.0829368033251177e-19,0.39401231188040003,0.302262698947825,0.03942366659054066,1.4445983151093256e-102,0.0006010842851310177,1.9243023495549536e-20,3.4579371344085273e-54,0.006148425595938829,8.707315185916017e-26,1.5396799182148547e-50,3.913356441711772e-65,4.354892552492304e-94,6.262096262357077e-111,0.03861906348560756
sim_acct_0039,6.971407067318733,45.81723607696875,0.2850541111718903,0.4383835032786533,0.06891658415833193,0.3014586000075342,7.014693978163881e-14,2.8882317385315234e-37,5.691507989503286e-11,3.5075040695120906e-36,7.441469210226697e-116,0.07440961445305472,4.969316724670131e-81,0.012449122494349327,1.4565492774350922e-35,3.3820061821070567e-68,4.294646436152518e-09,3.2408084652490336e-49,1.4424747380976355e-29,1.9615909503640327e-28,2.8640480269811158e-11,0.05375730100340098,1.7870721809180157e-18,0.00025549345650322734,1.3373697476188464e-08,0.2113448378394368,1.2225552501494016e-84,0.24688945717386301,0.01888739893210044,8.644296597829243e-23,8.808287059820563e-82,3.235688838462214e-48,2.3639532733457877e-18,0.0041921812246619805,0.0763559756611256,1.9722504183092387e-109,1.1384875177627203e-43
sim_acct_0040,96.66157598313549,3.0750384169875207,0.2683765972547074,0.45076606975613687,0.12241998499385497,0.00031292646944438565,7.952888188572512e-34,0.05074976025521923,0.00015673714792035988,0.001333888887496825,2.1563093383614844e-10,1.1452505612843241e-10,0.00822184027629493,3.888262665830609e-161,3.368420827366963e-65,6.299056465006119e-07,0.00422581141192352,9.296733096660201e-40,0.5417832285649709,0.00011206471030797233,0.08529864364638266,3.116456436618574e-05,1.5770876944745156e-19,0.25758393233130344,0.019818215469162622,0.001714490463138631,1.6423546623394416e-07,1.0058061928721618e-19,3.3318366757732308e-40,5.0436064658267716e-57,0.007127173495619521,1.786286181028347e-31,1.680429046267828e-35,1.9567772226204898e-05,4.127495236943523e-12,0.02150976005882642,1.7099050796746692e-16
sim_acct_0041,36.12818282585652,7.7111376709821755,0.3700785347485011,0.44149514961634473,0.036777286749728896,1.220870611421283e-64,0.005936128962646429,2.378532857135068e-12,0.11699090302931954,1.7666701228219746e-43,4.4191351012160314e-05,0.0015451441061925476,0.03081285944024446,0.2132201289737972,1.2921281236186924e-65,5.348198411179137e-05,8.611153683465923e-05,1.0836457421126142e-15,0.01049954576695172,0.18630981841452635,2.315239762881167e-08,4.4649203384646275e-13,0.02585888843210527,0.21775066316538963,0.11894080901519592,0.034249387519837894,2.2656804096262967e-193,1.7211893358838144e-21,6.323358695000352e-20,2.0237634592732722e-172,0.03750421234627614,2.760014582126185e-34,0.00019770280033464826,1.543087875482321e-124,3.957704586780285e-25,1.8613819309583928e-115,3.0219668111160325e-49
sim_acct_0042,7.5451191918861005,67.27610480309107,0.386054144730498,0.7699515970989756,0.062292518625192334,0.13409723989238975,0.2153375613423244,2.8547143520017287e-62,0.0002921831394931813,3.7085014786161615e-08,3.031000530638656e-08,0.16310708490748393,6.350415376784239e-23,1.7462588830233548e-26,1.0615292222466515e-125,6.9544909285166854e-93,2.5893433130097864e-53,2.360590923909787e-38,3.493503923049972e-15,0.006435651222613278,1.2337050970513311e-81,0.22767218143739926,0.0020827099636024932,1.3526845347010446e-19,6.359886463540079e-16,0.03661802592298371,2.0728961006177903e-31,0.1918652298267742,1.5483419465244334e-16,3.750075217115616e-35,3.903597246138769e-80,1.254978269145089e-09,0.01979387116784215,0.0026667606502054414,3.142520751277092e-05,1.2278398724404725e-17,6.669372459802725e-09
sim_acct_0043,101.54832517158174,3.1876679642650805,0.2972998036481083,0.5935718946032091,0.13140954613862924,6.316963476017084e-12,6.916143284350248e-25,1.1452171492608292e-08,7.664621236552929e-11,1.1928083512872072e-07,4.50534357194848e-08,0.00202436562493884,0.05121220383839119,1.894253343688706e-61,4.811988490993102e-90,0.23316476147966483,0.001758921858774233,5.97894562557505e-193,0.1268517173190058,2.4417996047191247e-11,8.326327707568147e-07,2.8529622298681806e-23,2.394916011820517e-55,0.030047741882727266,0.03130084683496026,0.0008853353456657859,2.4752437713276453e-11,4.712993368875572e-82,1.3882001337707836e-21,5.348067769828204e-81,0.029704926000183384,7.306022458632877e-127,2.9259000453493863e-54,9.073738924743315e-15,1.840108443929935e-05,0.49302977017989336,4.366121063138468e-18
sim_acct_0044,39.08827710843069,7.005516734581985,0.38824216793168254,0.5057758851056763,0.03519587618114957,1.0893307991856959e-49,0.3277969711905416,9.824008536649231e-21,0.014060371404221029,1.3639278121530805e-11,2.1349074934364222e-07,2.3152264498803407e-105,0.03866572656501455,0.144315035588018,4.483722413633443e-33,8.492487949365687e-07,0.0008695817675408728,6.323389411057622e-34,0.03898228601177181,0.004720769711759927,6.82868835682664e-09,0.02256017449356145,1.957955163121108e-06,0.1092010346644776,0.17734095646618495,0.08834552722799803,4.13196535591115e-70,5.6180662118417174e-42,3.336167959987314e-71,1.4339868645766463e-24,0.021494315851148835,2.6736133428400536e-43,0.011644221252621332,2.3211981479352213e-47,2.681049359438523e-10,4.011137506263073e-30,5.8694324921243784e-33
sim_acct_0045,6.213395039110597,64.80965633553599,0.5342235918644047,0.5020249921753056,0.07050650841708504,0.0746686162136375,4.340862764900296e-16,1.582017255921402e-43,1.1050544394388117e-11,1.5796477831085248e-54,5.576216392753287e-67,0.008109993062415517,3.2673518812890772e-149,1.711442222874926e-33,3.1481021082042237e-10,1.548216724212463e-98,1.8813061523040092e-23,2.3619075075192133e-69,2.9956983163402737e-25,8.546185873367477e-31,2.055694489479598e-33,0.504893637483619,8.413617154924031e-140,5.812963057544207e-07,2.961734769016686e-14,0.0555769572389673,1.8168769437142032e-94,0.3017431687926546,6.354578309745893e-15,6.044454142642377e-06,2.3606868908950722e-15,2.1022663264986456e-19,4.2193517925604113e-26,0.05498843808248815,1.2563049870079207e-05,1.0016881889830935e-32,3.778169653451412e-107
sim_acct_0046,89.87654004407642,2.8214769233046737,0.3236036983587714,0.48254132090963825,0.13834734929047315,0.009491070082006253,1.798404028157004e-58,1.8797839573624024e-07,0.004310241371994269,6.39201770615537e-07,0.00011904254502421286,0.0006771834231452387,0.2015793064218732,1.9808293567882096e-27,5.307726911616009e-57,0.001160197144423739,0.010736671233041681,1.715428283168072e-56,0.37968732956822265,0.0027676447157094766,5.082044626922421e-06,5.3787746429095e-16,1.9032627174890498e-54,0.03210487466772074,0.0309378393639569,5.465402535531007e-16,8.675004725967996e-18,4.053195159830629e-18,9.398826927098778e-48,3.8782793004327943e-20,0.020154597078391578,2.2922239220519494e-13,7.244564747092175e-71,0.001294959433429652,8.578874101204758e-14,0.3049731296956379,4.030313287923877e-09
sim_acct_0047,42.90732918993263,7.646560630832511,0.34619712160462035,0.6795962967445937,0.033057255215432256,0.0006771069068597285,0.0020496388952144615,5.3382619794037846e-33,2.8989371276638967e-07,2.591936296198821e-32,4.575204036466429e-05,3.512822283675545e-111,0.008244416391549627,0.3593247319692069,2.8844672574504505e-17,6.171148937769771e-119,5.071767648608164e-16,4.447805541890436e-145,0.034472667786067376,1.069742316664426e-06,2.4895076771328367e-10,2.5697589686263185e-10,0.0023572088194374736,0.3642896475082682,0.058523273751245684,0.16997383465029656,8.674427529327614e-09,5.0372438337029505e-31,2.0942019828943847e-07,7.142696797930389e-10,4.014008007048802e-05,1.9380153942110915e-09,2.4011604240244953e-50,1.4307294707248543e-37,1.6316838460785037e-46,3.1255119557358034e-10,5.263863530520798e-106
sim_acct_0048,5.687390675725114,55.20549162049367,0.4130863650006912,0.5009008576973116,0.06419181058782705,0.06467771012384727,3.820190434759953e-21,6.664878929124928e-05,0.0006819628416440946,2.7324671813128006e-108,5.388441759865042e-51,0.0958475865340881,2.6213172183981223e-05,0.022876386280560504,3.296058769136662e-58,3.946430472690178e-09,1.3927929112961193e-36,3.599309409152005e-32,3.401472977866159e-96,1.829710511478358e-46,1.8718054585055432e-27,0.33999158719698197,7.426688964506914e-11,7.553475399150413e-12,6.925594426755904e-40,0.25120197813219064,4.388770314424701e-62,0.20540706697998704,1.5763459158628383e-18,8.193574119331821e-05,2.4015573403150364e-81,1.5217565168588543e-255,4.6908002186282187e-17,0.016785885528300733,0.002354572894987963,8.076953704671128e-31,4.6175649233775154e-07
sim_acct_0049,82.19536370066282,2.7466247263246113,0.29402132470078823,0.5530721375218786,0.12709691464492737,0.00022891846005460454,1.9306990715543577e-09,1.655218715853581e-13,6.345119976256843e-08,4.868497757450642e-19,0.006317285119149674,1.5417992199407767e-06,0.010390980062321661,2.6115730006470774e-21,1.0589027464371433e-80,7.170655348929123e-05,0.15286216950730963,6.291731699465045e-41,0.585345611016787,7.742877264184794e-08,0.008570521455901058,3.726913925079535e-16,1.1727844547010548e-08,0.0899743111945595,1.2492220154319677e-06,0.00317189352223264,0.0009600062357715498,9.389919760951018e-154,8.319927253286013e-18,3.613589052157111e-12,0.0010736478025155575,2.844881743410907e-118,1.5368852519359996e-15,1.037331739720243e-07,9.571358941400659e-37,0.1410298997732011,2.7241122370175785e-16
sim_acct_0050,30.945706154606523,6.221648843571065,0.41846799129756823,0.6403206138226674,0.03261841437765653,1.6173124949729316e-29,0.011261159107565916,0.05346440980527763,1.9325118736993446e-12,2.684316029245303e-42,0.0012069290197996262,2.2880138389738815e-95,0.0012579426055919346,0.030783892112482825,4.884480829790317e-22,2.730040071049285e-13,2.2713883897823175e-66,4.6040507707698285e-38,0.12247495476055349,0.00046134298760332616,0.00030979701462918345,3.643027703096472e-78,1.349096911130007e-10,0.7013221705207717,0.01376821458646786,0.001656156663256578,1.9585125864309468e-11,7.980724041509537e-68,9.435530234212587e-88,2.8378725729144344e-13,0.06203249178161753,1.9500604060244313e-62,5.958921005117023e-65,5.388773982503832e-07,2.404436503176671e-37,2.871876462161902e-81,4.6690096308511106e-32
sim_acct_0051,5.514099202183381,54.65495543183459,0.4128588045108148,0.4080914521182081,0.06215719295921107,0.07801100780531127,1.467312645926375e-107,3.189995233393238e-29,0.009113692542701892,3.2402260431780676e-26,5.7168823012442076e-108,0.10540097042414218,4.079350834277459e-112,5.047326392416473e-41,1.879789310399365e-25,2.849887727613141e-76,8.655401301632135e-49,4.6079876216194354e-60,1.906689830545224e-09,1.6019020914396312e-54,1.1324707946790799e-51,0.3174261708912732,1.579814647322763e-65,1.4289584498179306e-07,1.0207092079619989e-63,0.36524404924714854,8.283635372612899e-51,0.07741630733961923,0.047009019929476197,7.906588373659778e-06,3.4341263701021975e-46,1.1535023261685009e-20,2.1884261687606642e-93,0.00037071548749270964,1.4941926560243677e-08,1.0950399348089233e-38,9.839087055088304e-163
sim_acct_0052,87.42185666901946,3.0508468407435414,0.30886047122295046,0.4274946957232804,0.11326045925120398,8.426209656561951e-07,9.587691920977935e-17,7.930600284579228e-05,6.092695882368789e-05,3.609843406069828e-20,3.2108114100459383e-06,0.003370412638443345,0.08609033064136579,1.4075435600493067e-16,7.613284355572906e-68,0.0036470143969124505,0.0191180596292303,1.9849941747118235e-06,0.6279950405346577,0.003899193473904125,0.00831033183977974,1.7283748232089623e-06,4.8849654267163174e-116,0.04734778468208862,0.0005144643534245204,0.0046685686413283885,7.944509159098808e-14,2.278631830511006e-56,5.903927571615284e-93,1.7187556656171562e-58,0.050125893985708256,2.226822823245967e-34,2.31599059382602e-62,0.0006477154288942745,9.466919683916038e-05,0.1439457136737941,7.680712050643927e-05
sim_acct_0053,32.90242486870418,7.15465175028779,0.3989284519761189,0.5232806040001806,0.04874007804931612,3.213681929192017e-88,0.005806849198835549,0.0008969313942292827,1.5318772370100293e-15,1.083164680482658e-12,0.0014933892157488143,2.343160830336164e-19,0.2834093999109177,0.4613361710619381,2.9496134518684903e-112,4.725411716918934e-16,0.000851891388751024,5.6162096317474e-101,0.05109701879876503,0.0590609779733863,1.8477011467490532e-10,2.0059022926508858e-32,2.0867888639441504e-05,0.026894840621940946,0.08065748731537759,0.0007147632217242146,5.28316984012653e-07,5.786006430401991e-48,1.8965812017356903e-93,2.0918100408375943e-08,0.020204609714782763,7.44721602776495e-10,1.7419504732795651e-71,0.007554252129301875,1.365333724586215e-20,2.8850086848215083e-28,2.858329984807713e-43
sim_acct_0054,6.115748040160246,56.721601431681535,0.533317406450413,0.4769269977550832,0.07162861511486446,0.16507173895053887,6.291112150519452e-26,7.431964891737395e-22,3.7494796112679325e-30,5.801041528860516e-37,2.817618734346085e-38,0.0015773228834296518,3.0820879520030266e-120,6.154737586910825e-29,9.970240969914986e-24,9.577285857570032e-33,4.616109767156876e-28,0.0659251772599616,6.877562745583174e-41,7.682124441593802e-30,5.553800575549443e-43,0.36062172227371336,2.416212379199588e-76,0.04161488288275516,8.569142428967913e-112,0.14384662617910884,1.7391237645703913e-10,0.20749450152619034,4.369342352487282e-24,1.0268205871647967e-19,7.021944024961021e-13,5.927792611634359e-13,2.2417994987291824e-40,1.0817463213541617e-05,0.013837132961610871,7.74442703800709e-08,3.576076171712404e-55
sim_acct_0055,85.09918462129107,1.9768194893340059,0.21688792530623405,0.5611901547263536,0.1371585172306519,8.796077539886239e-05,1.0624017921044338e-25,3.402727385193698e-08,1.3948417731550094e-13,1.224554409310904e-42,4.369718614613599e-22,0.0007004496481810482,0.08930584841915941,1.5911526638879074e-59,3.3828899426762606e-51,9.89508831555623e-07,0.012286110869178685,2.3850868464051036e-25,0.2978877610976355,0.0002550397909662418,0.01208407106891066,6.6612404525577336e-12,2.8127828546181052e-36,0.35265661361393236,0.007162363514187268,2.331664777932167e-41,1.3447315284941504e-06,4.378497978700591e-20,4.877395128870308e-09,0.0006035306831151598,0.0061851647589664565,5.484732358058447e-81,2.4293908635968135e-14,0.017941554663897425,9.951841712665345e-18,0.202696580715943,0.00014457722867401409
sim_acct_0056,29.61081875716866,6.898197689419297,0.41183674683798155,0.49300939111380565,0.042604288194372834,1.189310340656632e-15,0.027081598748744877,0.0011235993847878503,0.0003063579490824756,8.485149235156202e-54,0.02472861542866179,2.259038663476237e-67,0.000733636767918009,0.37531412450615187,3.5642864057523363e-98,2.4877999134183897e-12,5.120144259983467e-74,2.109634069612757e-20,0.0821577011256866,0.01106191881501778,1.3074873437905156e-06,4.596637689847925e-218,8.756922991461544e-05,0.11426269709761641,0.3071073936227786,0.04389612539036423,6.3385031396448e-25,1.5066308802982054e-05,3.1257963124600373e-25,2.8010811244504084e-61,0.012122288134636052,3.011631035910913e-227,7.854670213753248e-100,4.885330874955518e-44,1.6512496075857659e-37,2.239215304743751e-50,2.9767315857789034e-15
sim_acct_0057,5.370304505144864,53.534085085434455,0.3840167326726269,0.6276899101584822,0.08099252324473936,0.06027618642081936,1.8882937837884212e-29,4.153847622199697e-09,3.3508581652938258e-31,5.31800329340725e-05,2.728079452564635e-12,0.026671870235710198,3.16069807505969e-46,6.499811611947715e-88,4.105810748832134e-14,1.192927324399543e-30,5.42335071842452e-06,4.534010664278832e-15,1.1200210070953095e-67,2.0852281752655097e-35,1.6582903364389794e-18,0.06885239322456914,3.7754593888318606e-09,1.0667890306138678e-16,9.807668720462457e-22,0.17971331378962516,4.976948291844915e-13,0.11971255388520445,0.30928874692574176,5.676005262783893e-99,4.543596218098644e-59,4.668855754970495e-182,1.249542666339719e-24,0.23495707595897775,0.0004692482426990779,2.4846067056822067e-72,4.221700506817023e-13
sim_acct_0058,61.20526063608667,2.770042069174734,0.3167189607465865,0.6559349419213771,0.11347900152484892,7.58040516911365e-20,6.757390135518349e-23,4.265047915922369e-18,3.8383993509138036e-33,2.4124716642053423e-57,0.028397121288009995,1.8830652999631792e-09,0.0047752625749389955,6.197242128160026e-17,2.252541401387247e-23,1.014999383973764e-05,0.01533154554747847,8.811517145846606e-35,0.2850584480972643,9.562029942306037e-05,0.0018776904831677693,7.174101290082138e-10,1.9070826078912167e-101,0.5563756412927873,0.0005600257869852062,1.523656654176152e-20,0.017288668970443143,8.459985510427648e-35,1.7162778533143306e-10,1.5549777119687115e-234,0.0001342114838155693,1.0144014903854875e-15,1.3020654731153627e-49,3.11765618536053e-08,2.7821825017531953e-07,0.0891569900732382,0.0009383119416920872
sim_acct_0059,39.55717978014329,6.211975445615226,0.4241553182539038,0.5302407650804906,0.04094484302653437,4.647144651634064e-13,0.07809657757645405,3.187530748161639e-07,2.2021475879051377e-21,4.1290430023736906e-08,0.00010688336605056861,5.901310692568735e-50,0.01129344470183636,0.3087718333377462,3.4120826768310486e-44,2.3429682146672716e-45,2.830476766315768e-107,7.691377158281626e-21,3.175195526667844e-07,0.11155484795361183,1.4836328834682075e-18,9.334809233926279e-11,2.2515680402701914e-37,0.20191108802518376,0.10471650904946447,0.0051856342273682,1.3175187429660873e-38,1.640772724937873e-11,8.099993586655056e-198,3.8477697134618456e-44,0.1737369564922536,5.140690059300399e-07,6.089057407772553e-185,0.004625033527744306,2.628664383296618e-15,1.7082615107530807e-68,1.8437932506061229e-68
sim_acct_0060,6.440325364310675,67.27238980075647,0.4852004930850372,0.6390810853406244,0.08264222488054107,0.3245614780923698,6.038859928739156e-20,4.257632075909206e-133,2.1196219918821242e-20,0.0035323412661906538,4.291565601499316e-36,0.05968134937057756,6.212742907309084e-14,4.0865862688174443e-10,1.8429474578273488e-06,3.26868295031754e-28,8.491158006217682e-50,4.969548451472054e-74,1.6710444584775752e-31,2.407885732389537e-181,1.0666512238222295e-35,0.11682716192514667,1.5971318158287964e-35,8.927246947019335e-11,1.7240705032631953e-20,0.25539393530358484,6.818911568018623e-49,0.19893067463892306,3.906855302423904e-32,0.007232187602846283,7.046748063204788e-26,1.791033394299029e-33,4.375131251099422e-22,0.020034079394486107,0.013804948960424118,4.553253006392169e-56,2.2558516794484463e-55
sim_acct_0061,98.64026009838376,2.783518814331691,0.28113461146799784,0.42186772982577986,0.12700506313244342,5.630938817157623e-10,1.2363024718944347e-60,5.1036638971940025e-06,6.685940277609415e-16,6.714048389093313e-54,2.658174623142966e-08,1.731303563991285e-06,0.09939293782107299,2.0220596290416316e-20,6.433323856360159e-73,8.898807571703901e-06,0.03827814906596131,1.983060794399871e-47,0.3766617572659052,0.045091980174827226,0.0062221922605294805,9.270897951742197e-55,1.3775290922428965e-31,0.012587403497720905,0.0008555196116077336,2.955848469410885e-07,5.714256795438749e-42,4.402793960189934e-21,3.202151232526189e-12,1.100748445560421e-130,0.003106760714275805,1.4729500648388864e-20,1.4055474744692142e-08,1.5232390425738552e-07,0.008432256397947199,0.40935482030285036,2.899617554925606e-42
sim_acct_0062,30.799973884149342,7.629454497426618,0.43300330022160427,0.38924256481528335,0.03486008733403179,8.221654677331294e-16,0.023388428498694807,1.5169579834138374e-10,2.045806702399156e-16,2.2479545086862856e-83,3.598027860598329e-17,0.00017191087880143814,2.243749087096192e-05,0.5030398469078551,7.006450158685942e-25,9.066513993695358e-140,5.1741236166687556e-05,0.00013199090915792656,0.01672110482585874,8.376523421823427e-05,9.295699560486422e-51,8.212495778913741e-13,1.7572966834556704e-05,0.01608195781956582,0.11649477527674738,0.2960019646965382,1.7769002764469636e-37,3.4200086367421397e-15,2.1787240140037878e-36,2.3617166735587376e-07,0.013568691057319542,1.7018701933387377e-105,3.656381075567607e-08,2.2198860394042392e-30,6.32918845678279e-41,2.5081234737359776e-17,0.014223539313370994
sim_acct_0063,5.046607907075591,64.27030842422114,0.34561965907568326,0.5027895240535832,0.06205048870547412,0.007416674116982218,2.917180490462355e-07,0.009254140157113518,1.4015812683262562e-08,5.6977005927371605e-77,4.736457511163495e-69,0.0026013625764568175,7.429541799257235e-72,4.516996938369828e-43,2.438485760657423e-24,9.037731734830696e-13,0.05229072197855337,8.866531166171146e-40,2.2842255229809896e-31,4.557194267939683e-62,7.783501224765022e-91,0.09969798348217046,5.002020215766485e-14,6.583035111374711e-21,2.667849100367666e-93,0.1991174574562714,1.488664198505501e-21,0.6296208638013914,7.458874821017387e-82,7.227996270202928e-35,6.051304843859006e-25,3.267920428626258e-141,5.705108688771149e-117,3.7322364248968974e-07,1.1747260271185841e-07,3.450689531680034e-55,1.12125809519918e-84
sim_acct_0064,93.02339009255218,2.6545572885690056,0.3199563126819216,0.45440072570092094,0.12520776453301,0.010843395565288664,4.1200860888500234e-94,0.002373357884458492,4.1904993938545706e-26,1.4914082881964627e-66,0.006128811249327347,9.218162197092394e-06,0.000629084479794938,2.5568900629922356e-28,1.0963121683744579e-27,0.1787946224651544,0.011141688787778256,6.595949507473213e-07,0.3746688615553818,0.02930421406399306,3.3958845348863334e-05,0.008391946890403719,1.0965144335624771e-114,0.053498256826353105,0.0208783627362076,2.1888312087342578e-13,0.00032596191960223615,2.5798972269684113e-13,2.3612236047485273e-90,0.009809517038825384,0.2033480342242864,4.393625320705345e-158,3.9763099714197434e-08,0.0003199365458070825,1.1487872231942093e-71,0.0894983215810062,1.7498202580173095e-06
sim_acct_0065,31.531342106727788,6.271445398802126,0.3834735768318118,0.5800720051408326,0.04142687486129623,1.6677784642701908e-06,0.0008493291067343016,2.9040697644820474e-07,0.0005666902340796468,8.742377741768251e-39,4.411280566358371e-07,3.153008386169213e-167,0.03254466451022866,0.22422652998199374,1.992522038428669e-52,5.004977382729835e-224,5.975731084429545e-06,1.2480317007447584e-23,0.03136958944225373,0.00034308206793665845,6.930043248058228e-08,4.308964588601984e-146,8.83838411255201e-15,0.40952001203942334,0.09834956880565582,0.1400496045387562,2.3722907233105753e-06,7.169189405118433e-40,1.0221851892379297e-48,0.009239709163574224,0.05107140899289387,8.029436839264221e-32,2.5113062466984087e-38,9.393337273034847e-48,1.6809742300845158e-49,5.792875009913446e-81,0.0018589944807232374
sim_acct_0066,4.6301468882250525,66.36378505734568,0.3614854272244626,0.5983538447620198,0.05578934901118513,0.1310747559363015,9.741377974481589e-06,1.635772097547554e-10,8.579707901905138e-83,0.048589130065335016,1.740961441799776e-120,0.0012729808662590475,1.144727196896281e-46,1.2637418608377644e-08,0.0017256233685883009,8.729926489135525e-49,3.141273951196378e-92,0.0007493445043590947,5.25450009703436e-32,4.976440441122505e-21,1.8619699793774941e-09,0.20989561163085166,5.798995184813496e-07,6.655885699029477e-26,5.600394956157791e-12,0.4669946716674523,1.682437026170878e-30,0.13009405794805934,7.814572408958064e-35,9.08908750484746e-47,1.2797537386138444e-08,9.008116095321556e-40,1.8106822698084207e-31,0.0008072198104690784,0.008779692125480637,6.563327552879373e-06,5.694692624174927e-12
sim_acct_0067,83.67910818221951,2.766133712688847,0.3111040645729606,0.5190419886490246,0.11878934883546598,5.395372249592785e-17,3.149081954463839e-180,1.0573484598479847e-05,5.9482864873656375e-18,4.149565482048713e-33,3.2667669023881493e-06,2.6235142528749275e-08,0.10858290728911588,0.00015750188312479586,2.9056663547924424e-212,0.003057210700144511,6.681438966726299e-07,9.003547513344356e-54,0.6131455473393406,3.9981582840711274e-11,2.1139039455266485e-09,1.0890987970789084e-64,4.927365257186756e-13,3.7378067776149226e-06,0.06731273021632223,6.954453827267035e-21,7.028419929773536e-09,1.38325618082288e-108,4.9449865898526e-41,6.876011417999778e-35,0.19156080473986775,5.783865091937377e-17,2.171792759875688e-51,1.0766300292343144e-16,7.328914422238978e-57,0.016165016211911267,5.687724070402611e-14
sim_acct_0068,37.8698796527914,7.209238085610458,0.35365289443809084,0.4386659603521312,0.0378966360988201,2.0381184299568698e-160,0.02657987592740738,3.0386326698411025e-13,0.004626431102605933,4.8517421760903385e-12,0.00012990438606301917,7.152025485991358e-23,0.0009831583373919746,0.35166850581559955,1.7959955845148703e-17,1.1195624462481311e-10,1.1474820390466256e-49,3.2141852830154325e-14,0.03110129624621216,0.0010995556131776784,9.8143421898617e-11,2.046837675104834e-05,0.0005626808327711569,0.23850139415613922,0.25939856127396343,0.05621488710055319,8.199164699042621e-20,9.481985392294554e-34,4.5396294704293474e-24,7.896454243446605e-79,0.02911328043620319,1.4563969717884044e-73,1.798738157599023e-10,1.2601083838651746e-84,1.0820011682703812e-24,3.5284970133268894e-74,1.6739604499674314e-34
sim_acct_0069,5.854749515299575,52.39210569994111,0.41784600513841363,0.4892341514794011,0.06593346268591606,0.25865871807047075,1.2611334226889874e-06,1.3819826398884371e-18,1.1656978208646923e-19,2.5494848818541384e-22,9.634175851029873e-80,0.11077204171113039,4.220890244820613e-117,3.3231155413572602e-06,1.5779330913137228e-15,1.3617805519127768e-69,2.5797466786524403e-68,5.121740501954318e-49,1.533342410538818e-10,2.541135739814352e-40,3.373765322834243e-141,0.12404488845277557,6.42792174858686e-20,6.656590792036186e-66,2.9207856056929e-11,0.12882018371817425,3.518304205691696e-10,0.21544074309211425,7.984640819945776e-44,1.985903907227344e-40,8.031016509067797e-26,1.564136826441426e-64,6.647143510131759e-55,0.05910574788038837,0.10315309186174339,6.690568688471481e-72,4.298647663853786e-10
sim_acct_0070,123.51136024040649,3.249157786623778,0.3583040161359852,0.4875198997449982,0.12248305674402213,0.004059288635887305,4.1570054630289876e-32,3.805766232098701e-08,5.3538539589617285e-58,1.2235413166732845e-55,8.52321547085839e-21,0.000523426248593606,0.06930829294822666,4.278247742794968e-08,1.37297758559053e-137,7.5686171446389875e-06,1.1772697583999277e-10,1.0340145200363838e-16,0.5860966426913107,0.0002505233638735214,0.017842737183166795,8.125998820066847e-24,2.3422146838377173e-40,0.03795357537365126,6.87380030050401e-06,1.7988931398204602e-08,1.6545756121875655e-46,5.4767983443145936e-73,2.4324823986908824e-131,1.889783813013208e-41,0.1885976966173006,2.23703850262902e-10,6.881378372026361e-16,1.8606731728940595e-10,7.136875794211962e-10,0.09535327445028673,2.769184923370831e-62
sim_acct_0071,32.14015584404841,7.564422121460246,0.39517904506523815,0.36790006849128715,0.042524143053283475,9.10570524303615e-77,0.1985984703408924,0.04224916292472804,2.42854232912077e-10,3.6244118352954e-81,0.054526110308721024,1.5029357742453075e-05,0.0033055100516524018,0.42872646253702656,1.5097333929395287e-06,0.054248930875681105,2.2005083549151063e-18,1.2533317554067943e-11,0.02116201888506482,3.092089791043993e-05,0.004422522538136331,1.866319168725564e-15,5.229369551016159e-17,0.03376568914302748,0.026030058439821264,0.10252426044472415,2.2065024747110112e-20,1.4208084672816154e-37,7.255884356431333e-74,2.3055485328670266e-21,0.030393343266088876,3.590266258994481e-24,2.4318309982561496e-31,1.3117778500267816e-37,1.0381047264781432e-146,4.198140059226321e-20,1.632352269157188e-95
sim_acct_0072,6.156778523749567,49.71892633575028,0.49662118023384066,0.6653062952051032,0.07548803818623422,0.24974415341481088,0.0007574605395383312,2.786299571603141e-21,3.033445052224628e-39,7.032503611159022e-09,4.536038856485791e-22,0.10458569990520686,7.951112223015576e-53,3.67543372219607e-51,0.009737157304110084,1.3039147034703178e-56,4.654881477026127e-81,4.204209940245897e-37,1.3487713079788257e-17,7.234008120682907e-08,2.5776334895554276e-29,0.3391504200245783,4.866228584863987e-56,2.239612564144987e-29,3.5436040654067235e-68,0.1370672577129258,2.8481493461291087e-83,0.15799340624045147,2.5792709630395345e-51,6.495989669525638e-123,9.30974844652524e-09,1.4194406004131375e-77,1.3854206315237881e-93,0.0009507174211557234,1.3638754889129075e-05,5.676732588833086e-54,4.903868585286471e-17
sim_acct_0073,87.75877217326773,2.9221577886265866,0.3569524848336447,0.5178060501972892,0.10943407115756608,0.014883569010549295,1.0229167101168637e-40,4.015367591163767e-18,1.4430150985818352e-10,8.274422675306348e-88,2.1810181193738563e-08,0.0006078435707424837,0.004775231933081812,3.8897847725385433e-20,2.482069024534244e-25,0.035422098952994495,0.0002317177103842515,2.658321348331285e-46,0.41717714629975317,0.00016745093204233985,0.00015109851350252033,6.363727427854856e-16,3.0076651693883236e-11,0.012663335537295742,1.8976635923503657e-05,0.0003200167557946587,1.5326434495529875e-37,3.2675121506086184e-24,7.33885957151209e-05,5.518228664638395e-74,0.09171221630814225,1.872440112711872e-60,8.943305826900734e-85,1.0525984760958298e-16,2.9396766174770644e-32,0.42179588725951833,2.3355467906746204e-19
sim_acct_0074,34.28410376338624,6.746458009812226,0.35340355271386104,0.49478741474487203,0.039555478358707576,3.0099934372814384e-53,3.061621142942469e-05,4.1378129365315043e-20,1.4911443073643184e-33,1.4256374176654292e-56,0.00820130845660437,1.906917058556448e-70,0.008231169809563902,0.063206568042402,6.687740359905654e-08,5.92748288570434e-91,4.776988756218866e-103,6.101917742220461e-07,0.007201773875668109,0.0004984266856472718,1.202917936137502e-42,4.3454995436286303e-72,2.411725578810894e-05,0.14596438737554826,0.21471336872892094,0.24807160319588062,0.0002144583125332272,8.873963039860958e-73,3.3628771528823314e-43,5.885707176326644e-37,0.005423369570748059,3.136832419173432e-14,7.241122481967417e-28,0.2982181554100566,2.566036218945457e-66,7.649022202809484e-58,1.466136240889963e-65
sim_acct_0075,4.773434257794253,61.81255316490011,0.3453054105471112,0.7451757999440031,0.06865819364468449,0.28788642726277003,3.255987647125089e-34,1.8095878219357296e-11,1.1215797868902754e-16,0.2910489633620876,1.1937081958021506e-08,0.0007059948414010291,2.0531182102887008e-35,5.528932140552638e-20,4.2776520740823285e-58,2.6968809539389685e-45,1.1984383908064655e-81,1.948093146170832e-10,5.746459066753087e-82,1.924531819334525e-98,1.5158984790525124e-148,0.028644212149321828,1.062008740170501e-09,2.448245263233299e-35,9.17092484297211e-167,0.004450048819627662,6.128163105201598e-15,0.31067373597978487,1.6948331924912119e-10,2.409470112223158e-128,1.3095096819300321e-55,8.523997304703639e-30,5.812504733089624e-11,0.07645143206184273,0.00013917208355371366,5.417831352368326e-42,1.100366186367394e-21
sim_acct_0076,90.90859352672433,3.2899154494042935,0.2774480543146374,0.5020159503975081,0.12841942470859222,0.009951563283116173,1.4021611393489201e-85,3.684079281617791e-08,1.4714718673765692e-18,1.1219515295464635e-84,1.017422518122408e-05,0.006475972282576213,0.1777915671351024,5.795846298336249e-46,4.413012317668544e-08,0.19115137144459143,0.035265731235838677,2.1135486117601602e-22,0.3074504160485086,3.250201239039508e-05,0.0008275282800893008,1.0710267742767369e-10,8.758804175282285e-63,0.15857624433092493,0.04231256373902268,3.6634209037693464e-11,1.640946977353102e-11,5.485295153859584e-10,5.759796461757107e-29,4.512400233941792e-17,0.05618372802163792,1.5696450542039413e-13,3.9346373558541684e-37,5.087136539173961e-05,1.9549462102225027e-06,0.013917729969668804,4.713135602922282e-16
sim_acct_0077,38.56612449429096,7.147403193361117,0.4215028378248099,0.4042267077210421,0.044606814918605325,0.0009479668893883396,0.05154487783228318,0.0005687847771200926,5.492886403984155e-12,1.9763003055527946e-92,0.005062562055102498,3.204141015305946e-08,0.000908177675885518,0.5226915837122401,6.663306845635258e-27,1.005208574528091e-115,1.2966497567978304e-13,8.464601399031717e-56,0.013879946898531571,0.011185953209290073,5.1752454915254975e-16,3.1907524675189874e-07,1.5818617255269579e-24,0.27267216191866295,0.09657265260742118,0.02302766476258775,4.6828477824511106e-08,5.216863436545678e-19,1.160242104133469e-40,3.916841341302547e-18,0.0009372697107213702,3.4941247406614034e-29,1.50370448204154e-65,1.0943339009544712e-72,7.712760372363065e-15,4.6470870846527345e-39,3.8839580319450064e-29
sim_acct_0078,6.294194176902198,65.30154403093829,0.3969920426877229,0.5014040429329816,0.0642191780315717,0.049999600467497185,7.346700755840887e-48,1.3335977606379834e-195,1.0080559942553478e-25,0.010257138081555615,4.009551711579394e-08,1.8845405551813027e-06,2.034218524680595e-44,3.817077947400554e-26,2.0646938571132657e-53,1.3498273762511539e-11,4.591225154493092e-155,1.17656658376746e-99,3.08178771098056e-144,1.5524847278450714e-53,7.113502249937759e-37,0.6813270781828181,1.397323683168891e-51,1.6662479214100391e-52,1.0061002207344092e-22,0.07847078610186703,1.0322711829328842e-23,0.14136887735848064,3.7724440456811813e-22,1.4631545636861534e-21,1.5632345330580982e-16,1.8664455160301655e-12,2.0243329527261648e-29,0.00046783681292878425,0.03810675834341529,2.833298841310113e-69,3.0622600220226223e-34
sim_acct_0079,61.64242817216069,2.259393261693687,0.21650805910374873,0.4896958125053245,0.1175845549862347,3.3251541567520526e-27,1.9236775879023616e-65,9.410232672056626e-06,3.865696429182448e-06,7.603505749422813e-24,3.236764097034671e-10,1.2252039769357157e-11,0.0606840554459046,1.2547723369445962e-15,2.0929975392547948e-132,0.0035374666098113273,8.635479212218778e-08,1.380241633753446e-14,0.45999170904154385,4.2901545276759702e-19,6.336470404133126e-08,8.076960281018452e-27,0.04589633782271476,0.07382177086822679,7.740034848025289e-13,9.161944948649298e-10,1.828370707819622e-30,4.040506145269852e-73,1.5042001868444637e-138,4.960611350967567e-05,0.1555312309386362,7.704593856334573e-122,2.4816189881204707e-26,1.0626813378615237e-14,4.539907174668851e-17,0.19940023636486412,0.0010741598932687694
sim_acct_0080,35.70116759511819,8.334917026460742,0.4000731659164357,0.52019922231416,0.035320251606952915,8.120456920058227e-40,0.025990275298998295,3.48901171503928e-05,2.04348449443498e-09,2.9020061059855287e-21,0.004711977311765615,8.447854612241356e-76,0.0493523777826081,0.3207807641401149,4.9534240119721754e-39,2.0850466360496535e-24,7.835975416303701e-94,1.6738577672387608e-11,0.016569403512940086,0.01405670230711924,2.2737617226093745e-17,2.597924821050821e-36,0.01946535597068533,0.12919241379239998,0.32710028264709085,0.038920570215484125,1.4210889606914408e-12,7.588773990664045e-24,3.445006028169324e-19,9.569762128859065e-36,0.05382484353130839,1.8057290607814437e-11,2.032584366337859e-17,1.739780197776119e-53,3.744553340368176e-19,3.179121088380173e-119,1.412926332306964e-07
sim_acct_0081,6.722030490621316,54.573537183452245,0.6192691288914267,0.5013465077106971,0.06340286065574775,0.28274265508346175,3.817353679887648e-74,1.4376783292045634e-59,1.562991041077959e-17,6.16557486500949e-23,6.871085940482396e-18,0.028857039029024676,0.09167237474991916,1.321932098294308e-96,5.838856933079801e-18,5.206089824131669e-50,5.459770552014501e-20,7.510265745453991e-37,1.263971437699912e-28,5.318999933351326e-56,9.801764307089043e-18,0.16607317607412744,1.2380705674072389e-05,1.0556649459393557e-18,0.0006907768656373557,0.051765420478934954,0.0007360226648516887,0.37516683053861494,1.4035419077258994e-14,2.319224067013654e-51,7.759193337010159e-26,6.988981592670352e-38,8.242185490492903e-19,7.858977575391894e-05,0.0022047340339000627,8.57763226261537e-14,6.548784682103727e-185
sim_acct_0082,104.44434016715947,3.029636569764645,0.3309938921860652,0.3961415777667716,0.16709457145163495,9.678491852431806e-34,5.475460134780524e-31,0.01611292345553808,2.664668441082069e-05,6.597700029689207e-75,0.21462260080831785,3.163159175185821e-09,0.21239180691835496,2.187986260408211e-49,2.489485184198029e-28,0.03673548525773777,0.008605352687720863,6.627829528488716e-77,0.22938905974083074,1.5554042537716747e-09,0.053585876371926314,2.6708474986725517e-32,1.2842132198865083e-70,0.06242483674001733,0.0057908455542707475,1.5292630689500344e-07,2.9576363104593625e-33,9.322780701975142e-64,0.006425367633923831,3.1428880701097207e-19,0.015274702968686452,1.8826100201214038e-08,1.793507407664814e-72,0.0025750845595425833,1.2171086328798486e-08,0.13603922197666476,1.0841483954651198e-40
sim_acct_0083,41.26852954812903,10.200295742437346,0.6545774789347008,0.44191672390032466,0.040044642520874044,3.330766383208417e-08,0.010964456891774567,5.214822785783916e-124,4.7588296785907e-06,0.0015974885193610602,1.1100381088146066e-05,1.3127313677030501e-24,5.400635849945596e-08,0.21268485267087145,1.2459389678203646e-113,4.036043275575252e-90,1.0541274696463902e-36,5.26041425925233e-99,0.07789185381151109,0.002552056496154689,1.2167018326188916e-24,8.145403600718779e-05,3.421952783545117e-25,0.4687907166837347,0.0021758290118893014,0.04856721372652833,1.2890357431123187e-11,1.5635566836426827e-15,0.0026423810471004135,1.5276573076175521e-12,0.17203560628893488,1.0526328044214645e-37,8.11151468493738e-36,2.1981439229108817e-16,1.4427692363431126e-07,4.397057117517398e-18,4.054485148223e-76
sim_acct_0084,7.000946671540222,58.26434829013572,0.5605905906370067,0.5431953923890133,0.07908555421276474,0.1643856839771301,0.059020670965874496,8.950880601787911e-107,6.459199648669127e-42,1.6722260421409017e-54,6.729634453300782e-16,0.008002780137520687,1.7781757129049754e-101,6.350163805615652e-40,2.824983811731881e-50,8.355579419008796e-13,3.1478424949320456e-12,3.3542386284590374e-122,7.946766763381747e-16,1.8384867094220674e-53,5.099415637509327e-15,0.20487579211376852,2.1117976447484106e-12,3.0437359293466474e-26,4.509255949013776e-22,0.17064785680626773,2.755204594386503e-06,0.3173285472774745,1.1814849302032089e-46,1.3289391513564557e-96,2.284919103886059e-35,1.6565602660346313e-27,2.881943082102083e-22,0.00485426263410012,0.07088165087716763,1.8922266717167187e-19,9.999542937580078e-23
sim_acct_0085,81.13559416018592,2.738433785165804,0.3053447535376281,0.5059127303008697,0.14748295263223135,1.9056069263190655e-09,6.694411467716727e-16,1.0620409352317236e-05,2.079015460086465e-07,2.711708063229814e-57,0.06074596608023016,0.07232449357541473,0.0009647096606982522,5.562134433417677e-07,6.41627160572937e-33,0.01484337071018452,0.015243092124981766,7.185228681594314e-41,0.44307571173896954,0.004825794092730071,0.14793440028885924,1.0915553190318859e-11,0.0004099212323488216,0.0060329353759185095,0.07116525520761127,1.2858563048592792e-16,0.00024388979858944244,2.3447686724575812e-188,9.875345026676247e-75,1.2329028323611629e-48,0.023639255471973552,6.448828098270501e-53,1.852560778704372e-05,0.07052861141243774,1.1505933941100696e-167,0.06799268057669425,6.037061039438095e-10
sim_acct_0086,41.381185142275285,7.206660538359815,0.38684219641116996,0.6449127388529171,0.046404391576727336,0.004282722872961003,0.009271261500505364,0.004173738305092067,1.1353451307015102e-09,0.008652266250518775,2.8203713657842965e-11,3.7568191893443396e-41,1.4781305478208366e-06,0.4344981165904128,7.35116900795496e-08,5.924776970204775e-52,2.2911978394447207e-19,3.7907417694399456e-135,0.0011491317504147098,0.003419029792598022,5.675009667482241e-06,2.6253659555018723e-123,0.026173863448180262,0.0012747164292014757,0.32483534670802466,0.16378684606373095,0.015669633649600497,1.6221413286717244e-40,1.218679681135969e-175,1.6085229754946565e-40,0.0028060988233050096,3.916000223532703e-35,3.2402318061952046e-77,4.320845502374233e-58,6.499989415411799e-61,6.309161889771653e-98,1.6735111478241823e-40
sim_acct_0087,5.124642149789581,65.92591285706007,0.4544199818214419,0.5906395202275282,0.06268822452637157,0.2274611084790702,3.1799099796197225e-65,1.385492544790735e-151,1.0721773418101761e-48,1.6967492996431127e-79,1.9188727322011078e-102,0.005285185833479178,6.74201382308907e-123,0.000216359112251717,1.2395010039775588e-22,1.914992895445305e-21,2.5631568350342584e-05,6.359168576090609e-10,8.124838167737977e-61,2.4195987013393752e-88,4.390521866049535e-31,0.33798096656668164,9.589843414617701e-137,2.1701977661602815e-22,5.764540647910736e-106,0.12456626659026505,4.416230429443661e-10,0.21937045917668976,1.6308162696914706e-71,2.2581658860792413e-25,2.9601113529868437e-42,8.551242207938808e-06,2.4369105846932356e-13,2.08460203825719e-06,0.0841602686094357,3.216773470207928e-79,0.0009231171417464355
sim_acct_0088,99.2021615395457,3.299820938278667,0.24945076474985062,0.5387192177784164,0.11719882396349858,4.59018489982145e-09,3.389494637157681e-16,0.00516497379988327,4.61508921574932e-11,9.622495661426441e-60,0.01777345115268269,0.007347683022219205,0.047286709782773544,2.395461416202196e-12,8.883221995273828e-77,0.0011836417658448364,0.03038590598984396,1.412956983423723e-32,0.5077100763417394,0.07421242876835642,0.00016838045281239477,1.4854598210863598e-125,7.215030014395364e-16,0.0001900550129237435,7.354739330404284e-05,0.0016441815742192039,6.070253123394441e-18,2.43805498407567e-90,2.8721480256780732e-30,6.250744764589879e-28,0.019629348506176803,7.900288047761519e-05,7.686362018984424e-73,1.4701065173458072e-08,1.3716291199443057e-57,0.2859653363643956,0.0011852578525498112
sim_acct_0089,37.785408471888125,7.745526678087076,0.4083177193867926,0.4626357696737397,0.04906279180969585,2.484649808709038e-20,0.028124076118331332,1.8958409919060748e-24,3.5386933921962195e-07,0.0005117257225977479,2.4622762082671144e-05,4.522738905650959e-67,0.01042105572657659,0.4149277434397624,9.955941539720535e-52,4.52875665311563e-12,6.18969094010953e-69,1.217306283150147e-120,0.1021873139130791,0.01836674456003329,0.0003059143453376783,1.0503347380324574e-46,2.7091007365841897e-07,0.07797054683024025,0.28201328847895524,0.0026809806832826834,0.00012333079736830452,2.383234600910645e-06,5.239811719430063e-07,6.848155960485711e-43,0.06233912462263825,1.4484189745803097e-45,4.178001929928206e-19,1.1017599017142867e-112,1.8803693569468593e-43,4.068015170862735e-47,6.113975393051969e-90
sim_acct_0090,4.04231088284679,67.40460258422105,0.5158995110489301,0.5143959830297333,0.09289379366402062,0.07773746869866247,3.216270372969261e-95,4.333458488665535e-68,1.5469133730564508e-31,7.007173754779976e-07,1.970315647737455e-15,9.484376529119732e-05,2.0022291964661034e-24,1.1261524595044539e-24,1.9086332301580152e-13,3.679353071036723e-69,9.981367922577758e-25,6.623261096261569e-32,1.3086716999593963e-53,9.126075292290324e-08,1.1829006588657248e-09,0.3874852296992343,6.236644761476494e-12,5.420798395922899e-05,1.6198171060640906e-05,0.08061153387385034,1.4397692877086517e-06,0.3596330926404852,2.792451903644448e-51,2.0750331189721335e-41,4.098004965886675e-39,2.787096966614471e-50,1.6866818143248864e-33,0.03730043668881291,0.057064755541897785,1.1742663340701922e-24,1.519993364199971e-73
sim_acct_0091,91.4827769917464,3.976243904859977,0.25225401006569914,0.5949788060323321,0.12417839161474042,0.003996637558273698,7.219281887009988e-100,6.758239346530485e-10,2.7123129048738255e-28,6.961019912403083e-28,8.759164382857771e-05,0.00020830915320051776,0.0016277631821279982,0.00049495199544604,5.103993171071889e-11,0.0015921740178316812,0.17831652514503946,2.6618143325606277e-15,0.32559133731383766,4.817897433675485e-05,9.10241114506317e-12,8.288011910469267e-05,4.8994570283652204e-43,0.0011260407949897349,0.10769779374136387,3.3021216783992784e-07,3.2015904278023004e-121,0.03355945925126189,1.5833497907704146e-41,1.3689486201308839e-05,0.2781610025126017,1.4220215355747844e-65,1.1166780342111548e-42,0.06273832201730278,4.758621478963849e-135,0.004657012145114855,1.3464565876927282e-19
sim_acct_0092,40.73592429364673,6.750660851191773,0.366879301905325,0.5478866684738171,0.03149509826139876,4.5992012490559187e-88,0.00039727323433939746,0.015406672512149321,3.647820024581539e-14,4.422758416357453e-32,2.3629445597361e-06,5.347878043820643e-119,0.02402458140296688,0.19168694797063632,2.5414696143723773e-106,1.8160119e-316,0.009333148407887579,1.7692427382615991e-93,0.20248100394994728,0.0010364726472049794,1.2735533265184837e-05,4.087162225466867e-87,0.03213254262638301,0.2700007889038582,0.12682290618981204,0.09108104978876662,1.171520495681482e-133,1.4532097652781984e-66,6.036744434148538e-17,7.973484481902642e-104,0.035485732664649265,8.528586777112012e-49,4.084359472163398e-60,8.70649653259937e-05,8.716258211472312e-06,6.986131982489731e-37,7.772515869858807e-47
sim_acct_0093,6.01207549920094,71.01551505614128,0.5180609799087289,0.6342445005991606,0.07655648723412445,0.076844163984526,1.1638171457221215e-24,8.751083946050084e-76,8.153868005049341e-17,5.757192488492337e-82,2.554498254367759e-19,0.012793443643888342,1.2022577593578125e-29,1.2191104636690187e-93,8.806416499350048e-33,0.02792639046229198,2.050813424833701e-25,1.711175756278074e-70,3.0223721927317486e-10,8.735732020272929e-25,1.3225084186254566e-07,0.0023070732200939996,2.0779488603861042e-65,2.882813276081367e-06,0.0024809383398868377,0.4754674052769408,3.7909624941747873e-20,0.400164828117169,3.956295892572155e-29,1.8596423974113532e-25,3.0787921508043776e-70,5.9762236547156825e-93,1.5914080203360329e-25,0.00042562125947020796,0.0015871203293775073,1.1759028882558913e-28,5.927890380112926e-29
sim_acct_0094,114.42737452393727,3.267428036794461,0.2719609818299118,0.5201973508224838,0.10825115803768762,3.1605128161285233e-07,3.7900472913663047e-29,2.5050745524861594e-07,1.4566297576778511e-07,8.405590823859989e-15,2.497429682035974e-09,4.004978315831678e-11,0.00010391080590385042,9.290211075363106e-61,6.167329191487045e-42,0.027182065735680536,0.00013165829657941564,9.381903639139016e-40,0.31577840752103353,0.023471560749583613,0.01827183023609889,4.059892290049968e-60,4.9513572443817663e-135,0.036431344590436635,0.03866240273254112,2.0871969463852515e-12,0.2655732447921454,9.76412037687243e-29,4.921266861678453e-56,2.842057721411767e-15,0.13166615579908295,1.0229122108168668e-122,6.633420342194961e-86,0.00045544058874165383,8.287143171657232e-60,0.1422712633908818,2.704548583942103e-25
sim_acct_0095,36.406263025730155,10.95912378565943,0.40371001975845056,0.4088143308021438,0.04059059920433438,7.804310058781677e-44,0.007448902798627429,8.039689986060009e-52,5.832513927198116e-12,1.0116171000258279e-19,5.804509752858233e-07,2.08924097705429e-49,2.5392731369867706e-11,0.24911628237468803,1.388852011966016e-95,2.0821938985098839e-16,5.5813976863460285e-68,2.967495675050999e-11,0.02550010150524938,0.035365260176174355,5.322674700124348e-38,4.3314530710163746e-32,0.27883139561391385,0.053705130507691705,0.16164819329025976,0.003596140220916224,7.218454264627387e-06,0.1472254057897805,2.1977347024727196e-28,1.8715755023004038e-23,0.03755538875655532,6.037673816473339e-131,6.2667908866237e-16,2.653528838131735e-29,2.5116562171086005e-15,2.872202313615505e-43,5.529948202924732e-68
sim_acct_0096,6.040932788571437,50.10965812518643,0.42873116016766555,0.5530315309146987,0.07095764738394793,0.2734632066829146,1.692825151692142e-80,7.432297350681238e-33,9.15724972284258e-115,1.1537723006515727e-48,1.131833929538398e-17,0.09060357136393886,0.0003652354682298876,6.807378575438971e-178,9.152601323661534e-06,3.127163351561242e-124,2.3621572543720527e-80,5.067821136142034e-14,9.997835926249324e-13,8.675274793980629e-05,1.36144081361778e-30,0.2544755655332999,4.56967029822065e-18,1.0432723625840097e-58,6.418696507002744e-39,0.18700073485376195,1.3762897213796649e-55,0.13712448544739214,0.0006223866566436749,0.0019192121395540062,1.946026114505526e-129,1.1095768147114497e-20,5.882448168254087e-22,0.03432674720066641,0.020002949303284834,8.870281820762911e-89,2.81865084520961e-61
sim_acct_0097,96.49741726111439,3.1533938918395727,0.2854815556662799,0.48561773794599783,0.10789249328455006,4.2914154139496157e-13,0.10130316464346924,1.9088181949069937e-05,9.454051868965081e-41,7.782305864987872e-27,1.3414334465402422e-05,3.036527772159955e-05,0.08340910881582271,1.771695183994569e-36,9.557399933369362e-40,0.029186338900679044,0.026270743008961275,3.8007621891749273e-29,0.5762901351543491,0.06714218309290336,1.2381876660441924e-07,0.001940186024978382,2.3073845080800746e-38,0.09237042590713263,4.759931108534265e-05,0.001705214174281438,2.675166932471357e-26,1.7908563034284828e-67,2.7964683140171835e-50,2.5126392829150255e-75,0.010029008619721759,2.0687074933267916e-18,1.0084142522901155e-41,5.152176322748507e-05,2.530706979372537e-30,0.01019137897005628,3.1495717488822286e-87
sim_acct_0098,36.897441043925916,6.4403371200655455,0.35149115511916545,0.5127214008848192,0.036030217557935826,4.029277045722571e-07,0.0002999928381129915,3.1068582707180636e-06,1.3343476180955506e-07,2.7029953941426687e-30,8.712998554915073e-07,1.876908002510372e-83,0.016255464574555848,0.2534283365453025,2.1925717169126572e-10,2.9612544442042213e-49,6.473110467409968e-19,1.170690842095848e-54,8.126647876352236e-05,0.08809659343198366,0.0018384801447589667,2.35659364025242e-59,2.973715939527346e-08,0.2366596210859662,0.27340285190408276,0.12320221842345405,3.3606566369982315e-56,9.881764428418001e-158,6.210994748509101e-29,1.7220920167326175e-29,0.006711924978331746,2.633802463164147e-57,2.636318871592884e-19,1.8705117678453202e-05,6.148191662186507e-191,9.014390966439794e-64,1.1009624634832005e-146
sim_acct_0099,7.099011633643939,48.062665986973016,0.41612118626801414,0.5956084611432902,0.05411923474992994,0.05388313028584701,1.074514778793108e-10,2.053983651867662e-88,1.2485896080938653e-25,1.0050685711468491e-30,4.777225635460415e-17,0.04289951436623526,4.047274890520934e-87,5.234490084589653e-30,6.269248969307495e-11,1.851006118825635e-60,1.9960578848121302e-51,7.999600574179837e-06,4.556879582460388e-221,3.470798677894137e-37,3.835404986043049e-07,0.15436616762359973,3.571073007625097e-62,1.353150628355972e-43,3.303170169965205e-15,0.016621521860662316,1.4983350985964996e-45,0.715990384168028,2.782021263480857e-12,6.194300139909127e-10,1.1197193167191904e-18,7.162918880195133e-11,4.574123073513418e-16,0.014755581216189521,2.475331555119524e-15,0.0009269104874654797,0.0005484059869085483
sim_acct_0100,89.44382900290752,3.5243126173491164,0.29697183899565754,0.46929627215788067,0.13382217824516351,0.013659419511126935,7.469040549164506e-75,0.011736867473293004,6.4059325195626254e-21,0.0072842251073860385,9.015956766568971e-07,6.23654492065081e-05,0.1644939588701867,5.728807903841298e-134,1.1091561933970102e-10,0.207960724687528,0.006705223099959451,0.00010203341213143594,0.2507232032567894,1.1229605921834051e-07,0.0041164573544041185,1.5418791866125417e-26,4.763673541128732e-102,0.015879138712541676,0.008834689667102628,0.000256659609473324,1.6156404538441692e-29,2.285775754862418e-30,4.94375740038671e-08,5.246153416974613e-13,0.00031383694515069887,1.1830324812274928e-05,1.5396694114536513e-119,0.11766047121974013,2.5642494680103316e-37,0.19019783185841763,8.377892131548478e-58
sim_acct_0101,35.83313231818432,8.309663373930013,0.37499046778888917,0.4599745671674871,0.036252400407331194,2.686080565403228e-44,0.05763931434055302,2.5985426688618534e-18,0.0398912322668428,3.645227266851584e-115,0.007938726534366962,7.507605611297669e-74,5.180287337047069e-05,0.19919090102870282,1.5103751667929316e-35,6.607122284560541e-20,3.6233531925126002e-09,2.5139982371425817e-112,0.03199074966605399,0.12165732895281868,1.419933800693603e-10,6.7723251894730835e-65,5.3374483090708754e-05,0.1311209946745222,0.2423224139068149,0.0005456579615542977,1.6315582802715308e-23,0.03760298538059153,3.411719643612147e-60,3.1252356069241937e-13,0.12845233901529146,2.086326413404982e-18,0.0015421751273654242,3.1032930457845787e-47,6.346413874074217e-19,2.2401748548642753e-11,1.713222627227481e-19
sim_acct_0102,4.4337311669434945,52.79674905769853,0.47588148249363227,0.6527448835167727,0.0770409085668071,0.10298136684359666,4.628965230741389e-103,9.262149296199039e-93,7.314356672105373e-34,6.238674207232276e-21,3.6943443616227785e-20,8.210440857351309e-06,6.703586590653365e-14,1.537336588186972e-26,1.1476856558938319e-123,1.4958111781681457e-96,2.0274073656075062e-11,8.33608563564449e-07,2.987834419789507e-48,8.966706116652744e-87,1.3339923161158943e-29,0.41592989514917417,2.7385950677155166e-34,5.42916455820483e-74,3.916842942440245e-40,0.06395860893923254,1.373040395592251e-60,0.4126604406560019,1.1160556990192722e-39,7.67646279416624e-06,7.191944479923724e-69,2.78345455639601e-72,2.7572559654244044e-90,0.003964739166411753,0.00048822871302682243,9.635377300988862e-28,7.048069786875269e-110
sim_acct_0103,104.84553926676108,3.126586637160097,0.2799633381709687,0.3444680783339103,0.11546433266512539,6.073290060865489e-24,5.468365098025935e-89,2.2941963593827363e-19,4.310320017867861e-34,0.0009109824464164187,4.641227606569297e-07,1.1527958039280738e-07,0.02728662135646051,2.2650513844832398e-11,4.1662134401176077e-16,0.152749660936349,1.6717178631908478e-10,9.089734985429137e-18,0.22933740512229936,4.5190865701364594e-07,6.0555118331372226e-05,4.226271938922214e-38,1.6570274194056566e-36,0.2199559134580689,0.0015389826436892782,3.854643169064438e-05,2.1817243608104093e-09,3.293306877360248e-07,8.972247807841282e-11,0.0019867074521854374,0.32490938140638614,2.571385572198924e-12,3.7481472554123726e-53,1.756084005691781e-10,1.7867607274062833e-137,0.04122388034698768,1.3770634951992069e-65
sim_acct_0104,34.45330973561708,7.588581361632995,0.41364301128679776,0.5077895808098699,0.03473092511103934,3.1295066267842784e-15,0.009133774347891947,2.246284127123135e-06,0.0004183935709486841,7.626770941436236e-21,1.1914443086945508e-07,1.3788060148543559e-09,0.009747593166995774,0.36935878881123496,0.0009197977436778592,4.699519748897794e-25,3.6673404866392717e-13,5.032478465596569e-21,0.18448922186619188,0.05912392825041355,3.17738128197691e-08,9.691673274031428e-98,8.030643143277309e-14,0.0985689247278163,0.17644052123875648,0.06840466041539293,5.202791544163843e-17,3.4303967286224244e-59,8.783763158796232e-17,8.897957376810412e-122,0.023379298918036258,8.485071187882176e-06,7.547223540604612e-14,4.2132897528547656e-06,2.3042298641917015e-37,1.7398678682988392e-20,1.472182117762378e-60
sim_acct_0105,5.506814033041578,50.617307892919335,0.5130918888483622,0.5712516496337233,0.06515827308826304,0.3108003760075159,1.2443773861847734e-23,3.259905341333612e-30,9.942823688962037e-76,3.6184165397965774e-19,3.925204886791702e-53,0.010941868869230134,1.0320508310158533e-24,4.259102371135796e-31,1.724963570084398e-08,9.57580178347198e-59,5.187481974178982e-87,1.1457231433431724e-162,1.3868444475908727e-60,1.031102790880989e-59,4.310841964901365e-136,0.46202217981057847,3.7905604399518416e-150,9.39313119259668e-84,1.3992321332835065e-20,0.024015918630117716,9.807924366141039e-29,0.1781038288654672,1.7473580230108624e-31,1.1365551918328953e-42,2.970058962355116e-14,7.006393761231155e-58,9.950188439350207e-60,1.7261661816960263e-05,0.014098548905608237,5.828765429081062e-43,2.0630976814595264e-148
sim_acct_0106,72.39810234268909,2.9304839874725883,0.26736040413370527,0.4856252685063991,0.11988388116759296,3.623527933297776e-13,2.165425270276962e-66,0.00845525674036849,8.9344616292694e-14,8.736556644551497e-24,2.631454526728854e-13,0.00016260448405274518,0.09884227710012161,5.031925175666791e-53,3.295448909463917e-45,0.006787029191713693,1.2646321175208794e-05,8.300836085241219e-100,0.3077385535472832,5.115118212469382e-07,0.1313432302350854,2.754329438206885e-35,4.9259942470239106e-51,0.20747338847380684,1.2664129731737768e-10,0.03603431824387146,0.0023830449410092826,6.071399963987477e-45,3.875938381923684e-107,3.639064082800337e-24,0.025362928406972917,1.20356228886493e-94,2.0619734696514624e-43,0.01674401097213135,1.6819136489166963e-43,0.15866019970323042,8.024113696688463e-65
sim_acct_0107,55.0459341795445,5.048698683441971,0.4221866810743486,0.5284591677540452,0.03161149645734322,2.2411663411707456e-81,0.35980885455541234,5.041583278640237e-06,2.0245628090923824e-08,2.3512694286967853e-11,5.036719337372853e-10,7.354293457203547e-19,1.2172637723157163e-06,0.4792260938131674,1.2330429440003263e-52,2.4949264667727277e-05,1.981178348288608e-32,3.5344917474313424e-48,2.7649012665551866e-06,3.411461495888167e-05,1.4421760487539652e-38,1.9449056899356793e-12,4.711390438882928e-13,0.03967926777688936,0.10356782956014864,0.015178169811469432,9.491146434887251e-34,0.0023233251841759655,1.37936707858073e-29,1.909869766452445e-56,0.00014835089556424074,1.635280944769809e-35,1.1336253435674141e-17,3.740631359285798e-18,4.5190759957034325e-84,3.1452027682320584e-77,4.349524697828268e-120
sim_acct_0108,5.922622716710574,61.64313082308688,0.43522073949317025,0.5538439860667292,0.06894119527534712,0.2087694071493082,3.7258850670955786e-27,1.398193029566829e-73,2.5208773737013586e-62,7.002332876992617e-70,3.002910133514098e-22,0.008118482727415456,6.046967537922113e-15,1.057704767949654e-40,2.6476408509014283e-16,3.5206640392579136e-17,5.342983680439232e-95,1.0189100559683187e-59,6.095902118960101e-11,1.4397966697526047e-11,1.8666027133134747e-117,0.19851001773376656,2.1009518088414795e-19,4.206434358293744e-52,2.5622747980821423e-69,0.13420819699663603,6.197659138650883e-20,0.4129540724262718,2.1847205369194523e-35,0.018139227267749292,1.3626613552692e-55,2.0270351054057233e-161,3.383136219626905e-55,0.006779985811841457,0.012520609811647794,3.61968666815343e-114,3.7904913887772474e-67
sim_acct_0109,91.15789646923183,3.3377461360393923,0.27926892591319935,0.5005649491642621,0.12877100886076004,1.3957090417934176e-05,2.1586207366464477e-06,0.00031397642837006635,0.004577281085675933,1.9261632322662425e-59,0.001019480064630341,0.00014971052450344052,0.05499449482684952,7.43491905969677e-35,1.0103463844193434e-16,0.0010284627797385348,2.4890105978893776e-05,2.7811609815545823e-56,0.4536544590299157,0.06914954644527818,0.03799108542587112,5.222122736700787e-77,7.027201086885273e-50,0.032911704873345396,2.124160406886027e-09,0.06499307261802321,7.494701874068569e-11,4.983933838646088e-94,1.0999227085803234e-28,9.715629731351124e-45,0.22677612588052223,4.839895572452903e-24,4.248474654265841e-54,1.2177110800948633e-15,5.105026370765917e-07,0.05239908149839528,1.823380239402256e-15
sim_acct_0110,32.348039694168335,8.579631355646374,0.3614265381558341,0.5506917996574315,0.04005704814820557,5.5466887004461766e-36,0.00017345694678426687,6.832339174395684e-07,0.012257265625761734,2.0324714079987997e-66,0.001895682766189189,0.00020485076605336039,1.5045706318996795e-06,0.18235964760755605,1.1002479433560588e-26,6.255258542101981e-19,0.0005310906366285811,6.005052041830651e-58,0.13500481169394318,0.0011927676507704863,4.918579768995725e-05,5.934974203353273e-19,6.927058076897584e-13,0.35345938555842044,0.09969932131449398,0.08359031296716447,2.0710716976439293e-67,1.1375518372698893e-37,3.4762032300816255e-85,2.3160540630937047e-23,0.12958003273620028,3.308381796048833e-47,7.039939013181063e-51,1.271018569604335e-10,2.9626601117270115e-85,2.133762155608854e-27,9.192751649118165e-65
sim_acct_0111,6.876949869190007,56.238384992126115,0.42891991861824735,0.4189015130037511,0.06840968956859796,0.0519115300210557,3.2584507682980635e-43,6.770711791690075e-55,1.325489869767982e-54,2.158428146730359e-62,2.9645185610383755e-44,0.0358500266456945,8.399761841393983e-09,0.08529767443995849,9.420335025057703e-181,1.8094566933211417e-46,4.998932799025834e-53,6.26308784692451e-56,1.9988890967943855e-05,1.127201229825578e-258,1.0235564466895067e-41,0.35694135645691083,9.090706404549821e-16,6.245240435540456e-47,1.1134015782564056e-19,0.37040142078105714,2.794497991463063e-41,0.07431185971222957,3.5961353099459594e-09,1.2491734217427705e-34,1.4473543084010567e-97,7.427610566683087e-33,3.303781245354537e-107,0.0031005411087844455,0.022165589947443276,3.973542783423262e-19,2.3138888884884762e-204
sim_acct_0112,84.79403932523864,3.2364866753093833,0.29181935884334204,0.48726924277558636,0.1218596874593122,0.0037362836331366173,4.534587192124023e-161,9.736086767277756e-06,1.5072526998191871e-24,6.391924503990255e-06,0.2541023827355845,0.014328167686909638,0.03349438748189074,1.5538098727355036e-07,5.350230836809365e-15,0.026218784964212562,0.006454573595987621,1.784279850951471e-188,0.44225458585791194,0.003072002085631826,5.216095909439246e-05,1.2213246352566e-21,1.23155796654558e-235,0.01094200089902803,7.239912947864421e-06,1.5218412490341846e-06,2.1097176420245175e-18,1.3822671332751556e-15,8.253812500784617e-25,1.082247599834902e-17,0.17778906340005526,3.814839838131475e-09,2.8153667378496068e-37,2.5774100422518833e-06,1.2758808724817864e-20,0.02752798032921239,1.7676018853016808e-22
sim_acct_0113,43.05201567497872,7.511380270544374,0.4043422016008789,0.5247334446629006,0.04381728416380772,1.5542119031149899e-93,0.023740293987957743,0.0001543872353018421,0.053560519716148884,5.890404293032239e-33,2.0172163108018027e-10,1.320130413325846e-45,0.04173126908852334,0.27876524131466995,1.0850006578148691e-45,5.100843938734755e-06,8.677020148718283e-27,6.587896679513547e-21,0.00404315651173078,0.0012241189523556422,2.3758229013024854e-06,1.3567226234075806e-14,6.010776891817349e-07,0.23437474809347295,0.2833681339888183,0.0072246195112341295,8.848014141864006e-54,1.6037078837864923e-109,3.1939432536972606e-42,1.1070208219825837e-86,0.008785806688890644,1.9252142175380934e-10,0.06300770516647985,5.2588555211027185e-67,1.177473739887204e-05,1.4686823094383105e-07,2.0201738793949515e-22
sim_acct_0114,5.241498468605419,51.70848354403215,0.41492711051719156,0.551440091857228,0.08036994166115313,0.024459771202144022,1.5077315512358864e-21,1.4626178542293885e-87,4.395920788377955e-16,1.043051108514816e-06,2.5063583254747453e-45,0.017227493347025724,2.0489948059183193e-74,2.710282453357891e-05,9.894900939451002e-128,1.1128362175824496e-47,1.227870191156199e-43,8.163601616552928e-54,0.00012668549762501424,1.4617863973497766e-50,8.817532761346678e-23,0.5762330945927558,6.1393854202743115e-87,1.4360827299771677e-16,8.885001753112831e-62,0.09493188444981604,3.974326840969765e-21,0.28242223215012274,3.1608017236139097e-31,2.370962529715085e-30,1.8617203935616898e-156,5.386491416329112e-114,7.924248369537553e-32,0.001493373435675396,0.003077319446195734,8.886323004614698e-82,2.996633160755117e-12
sim_acct_0115,127.5703698317927,3.0795323544814153,0.4203225525288631,0.6650357569566816,0.13231565224358552,0.16831010930111495,1.727388782206988e-20,7.02426485986553e-08,0.0023962466950596664,3.112164676750453e-128,1.806173266016789e-18,8.825287289568712e-18,0.05632777589976368,1.1230114159916322e-133,2.8008088561511063e-221,0.0023476433728589377,3.608282680984445e-05,6.06748440802627e-119,0.5928327394784514,0.0013359793926658056,3.045237982745308e-23,0.0002994877226870734,1.3317624518285199e-59,0.0043254611889028865,0.16381263342797467,5.024679096651741e-11,1.2681286225720412e-49,2.5596667849118794e-81,2.0536744792916708e-32,6.4155135131134705e-21,1.7077204324685982e-07,5.386252999891683e-58,2.6660805571895243e-42,2.9034633810450318e-05,9.211666249195252e-23,0.007946564994962116,8.190044086594631e-122
sim_acct_0116,38.700518760815974,7.248924224710786,0.3963080857591807,0.5614965662269885,0.03827843479291457,1.2303863290612162e-48,0.17319683149968074,1.6142912798675877e-10,1.2365356379052945e-07,6.678938070665505e-20,0.01738878136601254,1.2112195584930665e-112,0.005976082007330097,0.30540069228038585,7.23787427302006e-19,2.693800685011762e-53,3.246986272182167e-17,3.1177000869073677e-50,0.043136361472602636,0.0002958732147435263,0.000802936600539432,9.690297285016185e-10,2.1558558576057954e-09,0.212087354625605,0.17146803795822407,0.03573604850826146,1.6744314383251033e-16,1.1073125207886554e-99,5.086426061784728e-19,3.120475464008976e-07,0.03451042096633723,2.5646642969549616e-08,1.148662094466052e-07,8.405203812987394e-27,3.017020614260703e-85,7.080583339338687e-68,1.398225747897315e-66
sim_acct_0117,6.892178191113804,55.834650214113324,0.40488649602620547,0.4996063959273145,0.06714244079978465,0.38168417359003276,4.145234503245205e-76,8.987029210226855e-19,2.2553965054226762e-35,3.181163766444348e-33,1.8802885067634637e-08,0.0009492457707019775,6.137487396702429e-23,1.019333739438957e-05,1.3120167618408386e-230,3.297033760719215e-92,5.263634404783514e-09,0.00713913569019279,1.576143768054146e-29,6.632142280608478e-78,7.166964406318338e-10,0.2902589739346939,9.884894601136826e-20,8.238514209591863e-90,1.9894031028198398e-67,0.011218616223227326,1.7822077264946633e-17,0.1279701676762752,3.8086668372672056e-28,2.354044909561784e-15,1.8119738180099147e-34,6.323962393145561e-153,3.9859568433799236e-44,0.12146944073224453,0.05930002824398527,5.9352577866993735e-21,1.803380890746504e-11
sim_acct_0118,60.95557825741357,3.5485002980966907,0.3233131231999749,0.4704439283217985,0.12537329586733617,0.016787865693896172,1.6267171070337843e-06,0.0009675880665441476,0.27820720177304975,1.0712994241276967e-19,0.1357257129551284,3.455578535480446e-07,0.021860531143076217,2.129739749348347e-90,6.116852233737038e-182,0.0012119387355319755,0.004371130192891105,3.819303812369633e-54,0.2805071229919855,6.627192044498962e-07,1.3587129356689092e-11,1.2466942894776408e-42,9.859403547728567e-14,0.006446440240001428,0.163706675216996,1.362213390311445e-07,5.3896362515310224e-24,9.491510938563204e-30,3.063728531123781e-21,8.88147805818306e-34,0.008807990433201025,2.0282218830921377e-36,5.104707182804785e-62,2.379352985122956e-05,2.6933104704616168e-160,0.08137323779865746,1.5822909760408687e-18
sim_acct_0119,28.10480601784765,10.125497564131512,0.3602857598112157,0.5391964340704068,0.044848703952915424,1.9653313711035524e-06,0.005142900485890414,5.590978484456306e-50,9.203878542734534e-08,4.7672762316501545e-40,2.2575303102641797e-08,9.549447730157266e-39,0.03639844759227873,0.1001049359978908,6.964217372913641e-19,4.076208720505199e-47,8.915174008773642e-16,1.6004339553156572e-23,7.618686513681812e-10,6.204504474451173e-07,0.00010308248588753039,4.895098419154219e-20,2.0897822179167434e-06,0.045362635492924616,0.5975545025618597,0.018277917528878515,3.79365185503266e-66,1.3432527080601533e-11,8.53458700027617e-31,2.0004271905721527e-35,0.04958482563778857,3.6156173912601296e-24,1.0119506328486076e-12,0.134915806990675,1.6650665763017141e-18,8.509744261355458e-75,0.012550154271486971
sim_acct_0120,5.724934973421514,58.47846935147877,0.4779451933606952,0.5331721849954315,0.0767776516245723,0.08854147495839726,1.2470197978171566e-13,2.6004216889381042e-05,4.946089544498431e-262,3.0610015234493195e-37,6.614094904030035e-28,9.320726159005966e-05,1.958293159356114e-34,4.398702206769484e-41,0.00012265132875394113,9.094156669515602e-43,3.067770122100392e-103,1.2931762301654413e-05,1.1005771249093637e-25,9.491832431855112e-22,5.5178189279073874e-08,0.2914203868907927,4.829256248723196e-42,2.917299519124602e-85,5.0534452337446104e-58,0.1308848444873116,5.2559432904625835e-15,0.39819370783375674,4.2241374650109975e-34,3.4641626344466044e-31,4.4652478971897293e-11,2.8260213678730785e-43,1.5252428714287532e-58,0.090697381615668,7.354403922527802e-06,1.7644480657549012e-11,2.8074458762208284e-57
sim_acct_0121,93.03288311126312,2.9486942270280965,0.29108530898170815,0.5420473382533765,0.14423461196127366,0.03913254175754034,2.0863408877072736e-05,8.912861988521302e-07,4.82712281988718e-19,5.663388263771456e-14,0.03120050896595275,4.652288954664927e-06,0.32994611199908597,8.039184865688622e-14,1.2670899763813169e-12,0.0005808222056434501,0.01124732057350859,1.0146388282667804e-22,0.2658190147025179,1.2095257298805369e-18,6.949059813762374e-06,9.338957062913542e-115,0.0003434553503745655,0.0061826579015183455,0.09147586709332726,1.4687469615747679e-09,3.954438466580912e-41,3.685115892132024e-12,1.7021349899613343e-73,1.0013389319797279e-57,0.06269533507170907,6.837483241404501e-61,5.098116856859664e-28,3.1331418842043733e-18,2.6180659891210687e-47,0.16134300686114134,1.5157624993119202e-76
sim_acct_0122,36.45856240086407,6.9828048746483224,0.3700934755497252,0.5267566326969942,0.03723932309288762,9.234269368996162e-34,0.023143651559280994,6.432844682268305e-05,0.0046257103515577455,4.214769654244446e-99,1.941164836025151e-07,5.850553317495557e-58,0.04721014452994504,0.13204820429610964,3.0825289336377743e-08,1.0748928177740996e-40,6.816004070975776e-23,6.34699722962463e-19,0.0010061861082064263,0.15525310437960374,1.2174099931168055e-20,1.187620347990081e-75,0.00039576853932752026,0.03274167789352173,0.3202171128776793,0.10122947108957635,5.4379992207135715e-55,5.797863313255115e-159,3.0510583708614644e-43,6.465409686517669e-51,0.05539000670073471,0.1266744082858612,4.659857403544021e-90,3.955346658459825e-34,5.501562802656379e-94,1.7932868368182746e-33,1.25169710611342e-53
sim_acct_0123,5.590599670669262,58.98601380810354,0.394896543461041,0.4178328586603643,0.06198804242952238,0.037546605956045774,4.313165657820731e-42,3.3819392785696e-24,1.3898076220262536e-35,1.5602800888765537e-13,3.245445532906691e-10,0.4008349880566581,1.0485247640604249e-32,4.809464018260598e-24,1.3386919754901077e-12,7.2809521754237e-161,4.97248246365337e-54,1.4506312125707885e-06,1.5669600441781078e-06,5.707866749242067e-62,6.041519176847392e-29,0.18404708955071478,0.0019323568361153823,8.592734589360672e-22,0.11569937417531082,0.04887750462839968,0.0037671481120788476,0.17357799183373857,9.819518263843893e-78,1.1383931183123284e-174,6.138902463354303e-18,3.2953246338414884e-164,2.5633845619491293e-82,0.0003347371285040878,0.028845625945584267,5.281765302608951e-35,0.004533559859553626
sim_acct_0124,102.91835638393589,2.890939101327421,0.30149409620249945,0.4852915405229817,0.12884581327351416,1.3570501712827866e-09,4.467749491924143e-17,0.0006626174068274383,4.2993278126634035e-30,8.937562843007308e-47,0.15078930750649297,0.001182777597489716,0.05761582440392401,2.4261454359526732e-45,8.441506126367168e-111,0.022052294951999167,0.09657280949536293,2.5723355178734907e-44,0.32604375501346133,0.00800114982957077,0.013718470240852682,1.447256827607821e-17,2.6137870602096233e-114,0.018700809334717756,0.0010405128078582286,0.020609721187312347,7.074331607859346e-08,1.6048851693129538e-19,4.710338442706421e-29,3.6617905686592914e-44,0.10530797989850524,1.4147009764303958e-99,1.874279693859512e-60,2.2500869555811316e-07,5.307410941186428e-47,0.1777016732165634,2.9087669366221215e-21
sim_acct_0125,35.854123527164106,7.294377893251576,0.3643688797855442,0.5359688740447898,0.032411161862864676,0.0013332026457494905,0.0005543486040234792,1.623609168007339e-20,0.04805735926398138,8.076064990306306e-61,6.373597258422114e-08,4.50411997682736e-06,0.2582071719203901,0.365919917287878,4.853138780419699e-32,2.086909502595809e-58,6.1643423106721e-57,9.891104552847513e-18,7.206081509044455e-05,0.17706303773519957,1.4764384136900853e-13,2.0795571333969487e-88,7.570062514914668e-20,0.026814674198704334,0.04731112534114177,0.020478826573172057,2.2047801858575043e-16,7.156575699757913e-42,9.351060993487355e-112,1.7071761595345894e-94,0.05418367065141764,7.795121560261247e-101,8.895061163193524e-32,3.9105371979955435e-12,6.534971653738073e-37,9.174949535128538e-12,3.7094068945944065e-08
sim_acct_0126,6.422405477088944,40.11893860231741,0.4591361536773265,0.46851565715714316,0.07820726015598782,0.11537358330009957,1.2993510613769698e-07,2.343121041804664e-30,4.406549397540927e-07,0.12854884791187743,2.429325989241901e-18,0.0035068138057639674,3.810557535969691e-10,9.000089946422248e-117,4.106870503510359e-122,3.07733703839514e-22,8.790831164163231e-18,7.944910432093501e-99,0.0011637777089431535,1.1836954993209466e-57,2.599462401765555e-10,0.5304484670853967,8.183827676228608e-218,7.294257675971559e-101,1.117150873244949e-08,0.0638003462613898,3.240976650018956e-55,0.08237509959097773,6.144410562722041e-27,6.898801917306518e-09,0.048336121160259135,2.7091520392437916e-27,0.001645002259809883,1.0309411667272185e-09,1.4065651183981245e-07,1.7112576302636946e-56,0.024801209926671133
sim_acct_0127,136.623660702744,3.4849066623993314,0.2546697499979468,0.7471536537688602,0.12080444521960078,8.727371139862254e-11,1.772123821459294e-11,9.050901448777433e-08,5.51890406993006e-60,3.8578604375609985e-11,9.774508877569888e-25,0.25120272141815897,0.07280509586827189,1.495001281918264e-07,1.9890915628796528e-25,0.0009674087884334872,9.219994279391458e-06,2.078285078437976e-12,0.4980473757558467,4.932974160174676e-09,2.8346711103535857e-05,7.470624198291581e-72,1.2028267949898824e-07,0.0933781742842916,0.00627262260677657,0.010998436234350522,6.241943722557761e-06,4.1611516034600804e-30,7.725974389559242e-23,5.699395035407261e-67,0.05786575941052487,5.632534291696609e-07,2.759800762252166e-22,9.127457023596829e-15,4.592423032474654e-51,0.008417668360353627,1.3563004386420696e-21
sim_acct_0128,36.96526867554532,7.540649676842295,0.32145256886361195,0.41212176607162354,0.037293584729979214,7.698728143125716e-13,0.015391340891456039,0.005548007477791322,0.0012888376655493942,7.960988969105511e-68,0.011064472279528675,1.3240469035832028e-20,0.01706649198585314,0.2910899713025494,2.615924846481565e-155,9.208303711869812e-62,2.801504315733469e-27,1.2573044751332253e-09,0.01331328896868833,0.009772545199256358,9.168738490808327e-06,4.709072919881281e-08,1.539833788569392e-07,0.16617586766238007,0.3573175518043858,0.10479349730736912,0.00011022136324980982,9.279624950636181e-10,4.0852730706380255e-63,7.343686162635592e-35,0.00705853408815505,2.728973215739362e-30,7.828315028601583e-30,1.5824276465905967e-22,7.621510493677522e-34,1.2593340945284605e-92,5.151754163383989e-12
sim_acct_0129,5.76865026345128,52.155003083935085,0.4456773283597884,0.48855108263454067,0.07733526646324715,0.09607875349679587,7.01347998705254e-104,1.2546648269158452e-48,3.810922336238932e-155,2.0030332014843825e-59,1.5997396162442631e-68,0.07245711158937186,1.0747619257792139e-58,8.889513072315694e-74,7.382542568225995e-13,4.629021024344731e-119,6.474124264514408e-24,0.03542522854291938,5.453665475588773e-16,6.923405456563417e-44,0.03330571527473729,0.10263664989074435,1.315253614521044e-57,7.675101585923052e-101,4.6330682693090706e-24,0.15190619231511993,9.820374804964046e-39,0.3559966076695299,1.542234831938782e-13,4.433220589885296e-46,2.335006361284288e-09,2.41431961534157e-07,3.636976710494997e-116,0.14702939033605497,0.005161514158888147,2.5929579772644127e-06,2.853804790987698e-38
sim_acct_0130,83.7755045498688,3.5868158563666968,0.31669477669737006,0.5329172517958103,0.1069220318015248,0.0028724969756316098,1.6673476096102352e-110,1.5543445734818137e-08,8.395223593811096e-09,6.646245437411664e-157,0.004896982905186038,6.374167215294499e-22,0.16787199160539967,1.4856821335586426e-09,1.5154766124995356e-34,0.06381931914875047,1.9080741989720262e-05,3.1001990162394e-55,0.27443342588159275,0.024376422511399726,0.0001581973064118269,7.919340500874684e-12,2.4514709198815208e-15,0.19878303198091807,0.002295251193169149,1.553320645390799e-12,1.3048549368684773e-32,3.573654750540316e-15,1.2160064331944607e-29,7.68381094153905e-24,0.03307804494585262,2.916357460048884e-50,1.313800734207684e-53,1.7752942559127404e-12,9.070189452400565e-06,0.22738665917864057,7.915946930222066e-31
sim_acct_0131,31.99132488379555,10.953360851097417,0.39514217222243664,0.3819172611355187,0.04481053435158033,9.520801798262338e-10,0.027238475666441313,1.1736625228409603e-13,0.06302869596568922,2.3701451754532446e-161,3.6604506532379095e-09,2.5735231491676985e-28,2.7843385273707652e-06,0.2817732908000058,1.76977117493752e-55,9.613619906060436e-10,2.6292172312060266e-61,7.575354906685827e-11,4.709165499872454e-06,0.001912003093987891,9.922335870456144e-34,0.00010729986919986684,0.00015117779864640257,0.26711541080311874,0.058082985926170845,0.00018400305987262183,1.016898714145485e-16,2.765259902333101e-64,6.937919550309942e-20,2.717224939884806e-179,0.0006533257094380211,0.2997439061190665,5.299581022887724e-33,1.9260271026809037e-06,9.938922532978854e-52,7.468983510913374e-12,1.4169812237975434e-50
sim_acct_0132,7.203481003919863,56.318247736551115,0.46910534519601826,0.5429232377963167,0.07199622829687548,0.26565767066127016,2.6967000638100177e-17,1.3334785084779078e-99,0.0011180110277359513,4.6991871341610107e-60,5.405996320563782e-21,0.10479808952772748,1.3185759261144428e-142,1.4000499641789778e-32,2.8987771529135678e-151,1.1944025779191039e-86,4.111769416825661e-90,1.778175589409339e-21,3.147553064565302e-76,9.325354795565243e-07,2.635227459231742e-36,0.18639345698690268,5.217617713469398e-48,5.2396300568868624e-20,2.910550122523868e-35,0.09964039343621715,1.6735499427125123e-14,0.33989598310493974,4.476544681631954e-106,1.515854069422142e-59,1.130276304895812e-37,1.8203603006568895e-45,3.5990228667693215e-10,0.0020292431891416897,0.0004662191706664235,1.1733387381256128e-101,1.9181217149741582e-136
sim_acct_0133,91.80577970036474,3.323063482800528,0.24963137516669454,0.44499489569566664,0.13044357383924332,7.61448981905533e-21,9.14873282605245e-86,0.00011879542101295501,6.240508859458944e-71,4.355923284559188e-80,6.630734395305689e-12,0.01595923646289804,0.0010973664148249272,1.599839596929027e-70,1.1039876162654128e-06,0.000452209603976148,0.055821340944386316,1.7199367694357489e-34,0.8081687466498814,0.001161401295861684,1.6835023077900008e-08,1.9671176055850134e-31,2.794653036945189e-27,0.05985378012233296,0.0035691407884686044,0.00391029616641528,0.002526288530015089,3.763178685907995e-16,3.018037633201662e-184,2.9335875091342164e-17,0.04257006817175771,8.697538065192179e-32,5.659330921053428e-17,8.133004119236888e-08,3.387783613329268e-14,0.004790127268823118,1.5789844067794546e-16
sim_acct_0134,30.429551310745282,6.886957865058578,0.4409717755384691,0.47610018565269213,0.04103060966440209,3.3154769507755754e-07,0.05362327270325241,4.49785246717859e-10,8.491120131452065e-20,2.0716174746291278e-30,6.614832291544568e-05,2.6789212810574766e-110,0.005844543642092079,0.06251728277043934,9.139312899581912e-43,0.017646719344862206,3.927074305864295e-93,7.94282635430854e-08,2.161818009868189e-07,0.029608573619499336,6.069755545173527e-36,2.7444371925460757e-14,3.048975206056766e-08,0.30344869749873193,0.1835889318269386,0.3371632839602206,5.4337781208584415e-67,7.438492189183094e-12,3.4616001651529243e-12,0.00013797063949562012,0.0036289019007240708,8.279328182882298e-06,4.014247132806657e-23,2.796741674400294e-56,6.396597338328987e-49,0.002716536683464126,1.9965095674941724e-07
sim_acct_0135,5.921933081861545,57.905856230535726,0.3984384703744047,0.730096425005618,0.05234757870714179,0.13724680241349138,5.221821079287674e-16,3.143179274463412e-16,1.6566789647012486e-75,1.5971988281957793e-64,1.9928725914584902e-91,0.0021366562907709635,4.718558358849703e-38,1.1151872540328679e-49,9.025733734155612e-11,2.1483315584983674e-07,2.2703112532537835e-13,1.0461814490266182e-63,6.469396883341028e-21,2.3896446250032695e-19,1.7763100705994564e-97,0.06341219474478027,3.385175567045131e-75,8.01828722435044e-17,1.0578090709270124e-40,0.21383779525634772,0.015023764300127052,0.5649020091823509,1.3244937623098561e-77,8.158082885550753e-82,8.059314941156914e-31,0.002267627470376456,3.373100160711826e-48,1.1159325817318615e-07,0.001172822358624712,1.4662313033590537e-09,4.3435161093704637e-48
sim_acct_0136,89.87377629543518,3.278364944407615,0.27968200896720813,0.4883349295181734,0.12576553716237718,0.00035645964539119534,9.28605656102367e-20,1.4608639556670536e-06,3.728669737896231e-12,3.962938665195429e-16,1.817236470175275e-05,1.3578937150168652e-10,0.0296801419473497,6.000138124174708e-22,1.5646384028966827e-51,0.0030728522226089877,0.06684068730295971,2.906746306322472e-33,0.406565023733271,2.240398617153201e-12,0.0001743688811490203,5.420808632060788e-05,7.825228380140703e-45,0.3194295895622402,0.0636492025091246,2.1097700363700143e-14,6.082920827460486e-16,1.5084247012111387e-14,1.8568427609790903e-50,6.405090815231714e-26,0.018028150166105223,1.2443428393866149e-74,0.011016190192367915,0.006735737802884778,0.002991999132949236,0.07138575544482376,1.1470450599985517e-15
sim_acct_0137,34.04774731531897,7.330030814440508,0.3205963672762301,0.4860646568783839,0.03975511457755836,1.695017877234625e-14,0.06883231514528122,5.89305622747451e-06,0.00886326205043315,5.704672313938778e-73,8.964096895137957e-07,3.159907873899186e-26,2.1296694848985483e-05,0.04494467759709849,1.287254837915942e-08,5.030775016517371e-52,7.282292079627954e-21,1.2338860427718943e-31,0.00395612068005524,0.0048241358217272325,0.06827710813178328,0.24942061056951997,1.254663947776087e-08,0.2553466396054101,0.19002150421301697,0.02428140269129989,4.874325272424628e-36,1.8015624716440413e-13,1.8965351719564375e-105,0.0004303262100975426,0.08075213975509436,5.559114096959273e-15,5.759987222793227e-90,5.99435485483532e-12,7.776553972389968e-30,2.164594303177926e-05,3.4989073978073474e-109
sim_acct_0138,5.645837913081659,53.03106721807605,0.4630557427172382,0.6004675533332181,0.0838539508974513,0.12054321151799736,1.6452893635625866e-12,1.2164436659227816e-74,3.92597317578097e-25,4.659783876556263e-07,2.830516647614794e-81,0.0006370389664758411,3.5909383186631735e-09,5.031709824121128e-41,3.4176325802352975e-68,2.5347775622770784e-117,2.6332049307789223e-21,3.4371795082919143e-18,1.5651703325024794e-64,1.0241087482350611e-38,0.014329887785639997,0.04040265793977499,1.9215807439565342e-49,9.808432410275273e-64,3.902267083764477e-43,0.4846911065482735,4.5621590417466055e-113,0.27171299963986084,0.02650335659441113,1.4111679515915018e-106,2.708759029330322e-95,0.036049789628559356,3.3770474176377163e-31,0.004744403295707239,0.0003850785123284955,7.02329654561167e-48,1.494738700063717e-48
sim_acct_0139,125.00993630594428,3.045347270920568,0.3797113613629668,0.5344230229731408,0.16651154177762623,4.1468402555122163e-10,1.8989448626426278e-18,0.00039742574134244026,4.097675277742828e-17,7.879334963130638e-08,5.847677156751164e-14,1.2738599057832954e-12,0.06049636438416414,2.442024930302012e-05,0.0008373561803140339,0.0001721385821442992,0.005848787515768783,5.448917444282143e-32,0.6513666796168184,5.138270172180564e-12,0.05613202328402454,1.2393951813120271e-76,1.3212899855683204e-21,0.21188760914924074,0.007448035603384644,0.001052638040954498,2.4764793166056488e-15,1.0881391658726791e-51,4.1284651697009523e-14,1.1215719894525878e-53,0.0031345266088966582,7.491646415344434e-53,3.3724602615304554e-58,2.4566493236617453e-33,2.560088312848307e-159,0.0012019158290956962,7.997609968089747e-33
sim_acct_0140,36.72722748155135,7.905609447322794,0.3630332010846221,0.5025321087215581,0.03683722135650276,4.1623662157745135e-127,0.04391090374717046,0.00011071717579271661,5.331997911870166e-12,2.027720584060964e-56,0.006077783259131304,4.346796419880955e-20,0.0005120810389910372,0.19845645982441354,2.2217470945666933e-31,8.455653342848129e-57,2.9545463274606742e-43,4.5542054531242645e-61,0.03528923655039746,0.0063635094242734,0.06057081648840277,1.1219305069851621e-85,1.567277108882496e-07,0.24497586604349783,0.34128527658303104,0.012159642999040965,2.5240103020159084e-14,1.0897766780383316e-32,0.006066078948189992,5.1075114549548485e-15,0.044221301398855474,2.0452084890057752e-67,6.260697598221058e-125,1.697857246623913e-07,1.9295037737555811e-19,1.4106315336201144e-14,2.6330943637916018e-30
sim_acct_0141,7.123360679418232,57.206156630582456,0.4265188675923559,0.5975514858078942,0.07572761593360208,0.22384492819302568,1.5754160851876878e-05,4.753379974332226e-44,7.36941409890121e-09,5.647986369980745e-24,8.230902476241693e-19,0.020710192771672742,3.4648225708100127e-28,1.0587944505088776e-06,8.66003791579817e-44,1.1350576463583346e-87,1.826364805768182e-39,2.2694480831389278e-28,1.5323744226727251e-49,6.713656315665828e-30,1.2936447776165189e-09,0.32739136666833957,1.5896361198079493e-27,3.715839180326346e-47,7.72183726240419e-85,0.3291970310685901,7.5189602004059005e-34,0.0826676598252841,3.489392388711026e-61,2.2858263194645614e-43,2.6204561069997234e-18,9.163846374706127e-43,1.9998576163490866e-10,0.00012480710796148274,0.01604719254675862,2.0546380246620067e-14,4.21138710732996e-30
sim_acct_0142,106.92717732386816,2.74391017045634,0.2436590412965677,0.5455936655056172,0.11500058493838704,0.002187597067009822,7.711729277851803e-12,2.7594569813242856e-10,6.6237602014032735e-21,1.622456238952626e-35,0.041636152681428854,0.0002045414741951388,0.11210420527515257,0.22399745379317668,4.047891951568719e-22,0.011256683095031578,0.031709268376051744,1.2931952431481806e-15,0.25254972301451234,0.07483404380739632,0.006766165930711242,2.297447357235544e-40,7.418535626158028e-19,0.15809464340909885,0.0644947796080573,3.272825136820896e-22,2.3736051272626966e-30,4.340123640329385e-79,1.4490520619816243e-67,3.793493250841978e-120,0.00953293834064797,6.524139627126417e-123,3.798138302366345e-42,0.008790502679878626,4.6318935525111644e-89,0.0018413011639924427,5.925790383906378e-45
sim_acct_0143,36.04375407451141,6.131055300613796,0.5184251627305565,0.4667148943361382,0.033527736195161445,8.710635911292855e-88,0.010641233414837742,2.590476943016146e-32,6.3495582778595134e-21,5.740632235176149e-19,2.3448487115575777e-05,0.008658446834596887,0.006969544585508754,0.5179074074440895,7.734556095466764e-95,4.327512354240909e-128,1.221255925350159e-63,3.1754450688953317e-06,0.022627691151341518,2.963100706008102e-06,7.721607836348486e-29,4.681275400117991e-52,6.925602328246115e-08,0.23464061557399812,0.0864208608144144,0.09048040342872073,1.0281570965538018e-36,2.0331429593167324e-24,4.414236452748791e-21,1.0875201450843526e-21,0.009733229972097695,2.0090025547438944e-12,3.1135291043214753e-81,8.254716643461205e-59,1.152955375620215e-19,1.896941103542017e-121,0.01189091048947179
sim_acct_0144,5.554076455798862,65.53326600115815,0.42880793781492876,0.4641795802329234,0.07924872443521473,0.19117178636600554,5.0969882659249794e-33,9.71501053949181e-10,0.0005177204193480945,7.558495450770481e-73,1.3407973065544957e-33,0.21550145284515873,8.104385983912728e-38,1.063544132066818e-39,2.177343936517451e-24,1.6723959450558653e-25,5.087871730168242e-83,1.2371223426941366e-18,1.882027265819858e-42,3.628565745217181e-89,1.1666035200241872e-12,0.12564996483951651,1.4764114347290016e-27,2.236880212699628e-98,3.466915208619644e-22,0.11028866090947795,1.6010084078938913e-42,0.2637127332726327,4.273662807111636e-42,1.6407772160722087e-31,2.5186904654872893e-05,0.001412103939941263,2.222876145056588e-10,0.056554922561799253,0.03516546674651002,3.989284113987603e-103,8.317203373599317e-56
sim_acct_0145,97.86762106158946,3.0372709919513152,0.19658912144479487,0.6100038831293295,0.1366894375720266,1.3031025089650798e-06,6.584308940658005e-19,6.924609186057905e-10,1.791011901286236e-06,7.815545144501614e-134,8.32191388046061e-07,3.5583364116065885e-09,0.09953872793225045,1.2274569656087652e-97,5.296577743479558e-55,2.4557220905640276e-05,0.013906413287022424,4.480051942204972e-25,0.17585961487894639,2.2772016212508184e-09,0.0012361456513925264,0.002132519424548876,5.460318689883506e-40,0.14188024353676776,0.03201333382613357,8.321850260963168e-05,8.502510428991685e-14,9.245248395601876e-81,1.8768893833245717e-05,0.0021969559739671673,0.12743895386015672,0.2633549522541592,5.529106171666657e-19,1.568075129433736e-11,7.185574842039958e-30,0.1403116619077433,1.9487415794343816e-18
sim_acct_0146,41.12205667185059,5.8975438351683565,0.39270020273126244,0.5244621749635858,0.04140866154007897,4.954324874252859e-62,0.01606321924023833,0.04903485915943987,7.017059065676048e-12,1.9607381614334426e-24,0.11490203135424158,2.8936622435911618e-61,0.029744123107284786,0.22933365836754735,4.864997399966479e-30,7.627670623506433e-05,8.959585283660483e-11,8.895994969822378e-30,0.010993627880658961,0.06794845854440591,6.361273048802973e-24,6.439910803293103e-57,1.8085207086852577e-05,0.10484169522821292,0.37581030683942124,0.0002194877417653753,2.945327266960227e-17,2.6616626590420183e-08,4.077644966276592e-43,2.182598809474319e-99,0.0010138389123944252,3.0378854040365245e-16,8.069996750601358e-08,1.305996879770563e-07,4.4403171779090624e-17,9.369817219649e-08,3.3018119378022365e-34
sim_acct_0147,5.363068101488474,57.3425080082539,0.520135736133086,0.6932199523944323,0.06798549373512992,0.025717039944264927,6.091392932052172e-50,0.0014108846511319106,9.014867013012037e-91,0.023762089874276592,6.935006525351566e-11,0.06985269646922672,8.016901849092212e-22,4.136376095991974e-165,1.0407678721846603e-10,1.0172604884956915e-12,1.38928625766794e-22,3.5905291684940577e-25,5.595716492301347e-11,1.3975609131657868e-15,5.416219853672693e-82,0.010748466890139906,6.066366595662619e-10,4.6979915376951995e-30,8.329788424006584e-44,0.22555030938406512,7.09786150791157e-50,0.3261094398278383,4.236893282074127e-57,1.4992198295899875e-10,8.066886586983419e-92,1.1678710121556786e-102,3.249471366882073e-08,0.02558326852991519,0.20489335873969278,0.08562666845747463,0.0007457437502987141
sim_acct_0148,100.93635472771933,3.0900825980511235,0.2736194670564324,0.4954621281909577,0.11136460678296603,0.002856640412387514,2.0640417901461368e-11,0.0003028111897769404,4.964150548840826e-12,5.616219368303682e-40,4.282994894668285e-06,0.0012430584171070316,0.04793089863162708,3.2524021500468057e-84,7.914005756545957e-12,0.036578536175936795,0.16040622171344415,0.1270434876896272,0.42795477082889116,0.0025444677294488476,0.00773292085312706,1.2216411822756045e-46,1.438138597977873e-15,0.04992931175945146,0.01509070607177306,1.1269267999120775e-05,8.672590641021213e-12,2.978873760830211e-05,0.0006763339900274905,6.381939211403677e-45,0.07852334445229847,1.980141753493861e-29,4.009330636223409e-53,1.4746483453349387e-17,5.512417621415188e-26,0.041141149036603646,5.7776713029336565e-12
sim_acct_0149,43.8491650923301,8.17923304878796,0.43270827727816136,0.4549839705474614,0.04133083180626294,1.6869204913139348e-05,0.3415722202134372,0.0013808749464712493,1.7199221188427013e-35,5.652244504308997e-36,0.00039167063542999546,1.3428892255679694e-21,0.023598942624820336,0.17706159624568815,2.3647376530611284e-78,4.770513448434364e-17,1.0912503443951756e-71,1.2203209389066087e-103,0.17079456391086748,0.00129643146722228,4.328631140412845e-15,1.4294648942858962e-139,5.202428536801133e-06,0.06269742365066963,0.1567222017524121,0.008315263530125832,5.285517898212984e-73,1.0205116508113321e-46,1.2247496582585696e-60,1.153498724107389e-29,0.027197126208842754,5.723369130128147e-08,1.537652649914716e-28,0.028949101125937054,1.842882594835666e-11,1.8402857305295528e-22,4.548025013485703e-07
sim_acct_0150,5.861651008560868,40.103644831869936,0.4948518972605755,0.3875585689088789,0.06872785477109229,0.38085235240424725,2.623792368849133e-78,5.592508109880099e-16,7.189972657454199e-46,2.6723546462921576e-38,2.716262219680241e-140,0.0004167767081944723,3.911601119840066e-08,8.937148937706075e-05,1.4946957809359718e-24,1.1844691482433405e-173,4.884129344133109e-21,5.0091657639879774e-05,9.483020248697321e-14,2.490779990333285e-124,4.891632359995465e-89,0.013888245036771567,9.677917191959898e-36,3.072262120658625e-07,3.2363964009203005e-61,0.048791604869950767,1.2722766751960863e-97,0.4938384474988966,1.1612463957770518e-95,5.712790592121605e-16,5.193238411360209e-26,1.500010265155159e-14,2.576036458907705e-33,0.05950866638263945,0.0025640976099486922,9.794394789122293e-87,1.0479405067798812e-49
sim_acct_0151,120.45274509692078,2.364616815907268,0.30897393204309154,0.44659282476199696,0.11584671882262894,0.00014061034477707085,2.6443134705097865e-06,0.0023279093763992923,1.3913371173147374e-15,1.4646538192012362e-48,8.301866009646242e-22,1.4252334429367157e-14,0.014465886617397495,4.544377697848874e-62,1.3441528031859019e-13,8.275127908820266e-06,8.505141386189161e-06,4.536300289616104e-17,0.7153696897570558,0.00013800598995904434,0.05603881142023928,1.365688218315174e-92,6.990053272724152e-18,2.9178126747973408e-06,1.5946154108474838e-05,0.04754845387705894,1.159593379088534e-13,7.336989092600616e-70,1.425789331222792e-38,3.1523653412309345e-44,0.0875793549907682,1.3660054493471645e-28,6.556306347804843e-11,0.030576666849473615,3.2028155954096298e-24,0.045776322161493514,2.1008235361362736e-55
sim_acct_0152,36.84428918696821,8.596252786008117,0.43362001745075346,0.4660512427000744,0.033484866389617514,1.2766911872503762e-125,0.1386937369045473,6.504184857589716e-14,1.1859636063925227e-17,4.5421119331378584e-13,0.003138176915959096,1.1955997689813318e-26,0.0006163653698963296,0.31076131935077506,6.141212384863019e-47,1.1550140506649027e-11,1.3163589036082266e-05,0.0017050575788881178,0.021480168192972823,0.020868305916775385,0.01217300776247128,2.6235375364875958e-67,3.6247621748202513e-06,0.08275649208018075,0.267926288918537,0.07148828282666764,6.73484901052884e-236,2.291615138315484e-136,0.045026425934301395,4.6630697435667684e-18,0.01574566858309639,6.582136664001572e-16,2.0044440707020057e-109,0.006977388451843206,0.000558428871882937,6.80979779242399e-05,2.85561370732248e-42
sim_acct_0153,6.33099197950544,56.64237483503934,0.372636116515161,0.6634153576244781,0.08857797265888175,0.14208896989696734,9.508203384422763e-23,2.9880821667795114e-141,8.991488387715503e-16,2.0538417998716947e-55,5.632613257129284e-34,0.00046555148028100597,1.5693399777560564e-58,3.1639936792618655e-69,1.0280113223946524e-22,1.7501359085051858e-21,1.163785436871926e-23,4.9888378900944355e-130,7.703617516889317e-55,1.595626218734802e-57,2.7937097675328816e-08,0.18880321008871923,1.5050868406964526e-14,8.259016119285338e-14,5.852749399421052e-36,0.26312067250691046,1.188086420087056e-51,0.2176171673036552,1.5584656095212685e-41,2.737538914923064e-133,1.9126219546558746e-124,1.187770572558685e-10,1.3693428187467913e-33,0.18763319593831554,0.00027118149656081493,2.227689072909898e-08,9.557264537470133e-10
sim_acct_0154,100.5982888633385,2.9392594625922404,0.2648376321346548,0.3907819702831513,0.1298840760087774,5.269652960961486e-06,3.186477041071606e-51,4.6142108181060145e-05,2.539833272787998e-178,1.4040258628577584e-64,1.2375085646610292e-05,6.581682690588602e-05,0.18936571946776842,9.594583664213807e-25,2.613484418598947e-13,7.083224588773388e-06,2.8152918239536495e-06,5.06188755532041e-112,0.5913656079078985,1.3946106315337539e-09,0.0005952019869990572,1.8953431183145016e-23,8.907229026657252e-71,0.02611755825361941,0.013063881953498164,0.0010603954958626081,1.461415399368346e-36,4.295873965954587e-58,1.859355631069698e-68,8.066800048957322e-60,0.08571642494530307,2.2930453701881552e-35,1.44260659583801e-64,0.020247467402041277,6.812780679294047e-15,0.0723282390020234,1.6661950583467597e-84
sim_acct_0155,33.21079299520757,7.801581878040011,0.23934283084558297,0.5005624332166935,0.0384571532656548,0.015345276132003588,0.0033144836757159346,0.00016761072817905989,6.421462652875445e-07,5.917984280956944e-102,2.183897693510699e-09,1.8078893101152827e-43,0.1185442216252416,0.19685355752191924,1.6275211788597411e-57,4.631284882183416e-05,2.710882081230792e-21,7.194514131527553e-99,0.20717291831844292,0.016897118197890713,9.455857693711462e-57,1.3641995307110543e-56,2.839799021933951e-25,0.16496829997776463,0.08927372974988346,0.11439856647079064,4.0567228476967995e-41,2.6742415411329897e-96,1.1006610960650043e-118,7.339750926987815e-16,0.0401222077444471,0.0006706236450973779,0.03222442903224155,1.604227161574576e-44,8.365820152909347e-88,1.3965939932131013e-12,1.643218985453004e-35
sim_acct_0156,6.132233199579945,52.3851727047241,0.4573057598939116,0.6277757550940031,0.07526507490947813,0.27356138829918347,7.565449856541604e-53,2.894204129498816e-45,2.3044896471501987e-08,7.809254823300786e-56,3.421416067000121e-115,0.13522452037214058,5.26937705311569e-34,1.744404677337267e-120,8.017990601156746e-107,1.758752876324102e-108,2.7344568799776904e-09,6.056251157882297e-106,0.0002567543276056684,1.2684202135411638e-117,4.2702901003596436e-122,0.13912827289557614,5.105179240054569e-31,4.4042712746118384e-67,5.357217349306307e-07,0.23155160493392285,1.6281621219424464e-24,0.15269480500585628,6.80304618717518e-47,2.1286141052129724e-107,6.841746501757856e-18,2.7570828541469955e-67,0.019766141639427477,0.04508750996585119,0.0027284410593481955,2.4875032201886783e-28,3.679199713145574e-35
sim_acct_0157,61.90029084294029,2.8625057872905115,0.27999396935782067,0.4680846026283728,0.11626498616736772,1.5371140601041414e-11,1.989582915549143e-235,5.947960240424666e-10,5.978278953242599e-13,5.399104669026064e-28,2.403947776426946e-14,0.02269126962790506,0.0017739221138765129,2.631965342226744e-23,1.7135396565282096e-96,0.07464888075673846,0.0021692635748117033,1.7433410331194695e-12,0.25185088361858365,8.246736949489604e-06,0.0026991646957174116,9.124954106247202e-37,1.0693952460694414e-23,0.11433341854436398,0.3504066205896785,6.089792126901365e-05,3.8590207923141463e-91,6.887523083348851e-31,5.1311347022804666e-154,8.930596009595935e-14,0.020772255888810397,5.551336544209357e-35,4.769629096186513e-13,0.000472362959314673,1.013466414766198e-15,0.15811281235888164,3.599545635151416e-40
sim_acct_0158,35.63831375866217,7.824385607460708,0.27318867282333975,0.5573198316419556,0.034243273988326675,3.086599480366318e-17,0.008295461023615837,1.5717073348067883e-30,5.492596698007327e-10,3.8404844720326e-37,0.0038430954981587585,3.45357543010372e-129,0.00015523831975797493,0.09503871111450973,1.7444417056124917e-09,2.432706416252462e-13,3.542630319747218e-11,4.801608511318369e-44,0.024673400262991294,0.01576132044060029,2.323328020985932e-40,1.4144867248231799e-08,0.0008746744268674103,0.5067837570744942,0.2173342775364726,0.0002718845750382806,0.044712954263468434,3.5020796391142117e-10,1.615272067947406e-50,1.8246432758454412e-16,0.08225520810791302,3.2375836218932546e-10,2.277217600364313e-15,2.2947837249729984e-30,7.93015084755009e-11,1.286034949075927e-10,1.3435311966114241e-39
sim_acct_0159,4.577244218153758,65.44560212005804,0.4377442360017785,0.4333525877697672,0.09798451802289473,0.6683360767270372,8.076847019570579e-49,3.287246855556329e-13,5.6010387228343534e-05,1.004773936257399e-24,9.026284555806653e-23,0.004051165384078286,1.0536212479377319e-42,1.1369284502813595e-101,1.2126007556657015e-49,1.2749798145173893e-70,1.4100101559780497e-82,4.923259442202384e-82,6.90290190309015e-29,1.738525084575741e-35,3.5449756355483345e-56,0.09596724085468802,2.8871483697984474e-104,4.920319511913824e-92,2.3173718694430116e-13,0.0210938315100072,6.733273350197756e-35,0.21048129140923313,1.584017299438879e-14,1.2973062441634712e-19,1.7141094549148554e-14,1.5143907238120606e-58,4.177011476212043e-34,1.4383662840900146e-05,6.429337907810915e-11,6.899467422088414e-86,1.0558201674967447e-106
sim_acct_0160,90.36229402416112,3.4291684012626154,0.2459156073014294,0.5822441576754752,0.1305146164510938,0.0037236822590773987,3.784505767283826e-111,0.02318261293213093,6.234618587082046e-42,8.868554628389307e-42,4.853682773639645e-07,0.04056243775970882,0.016581131325026116,2.0790083777155857e-54,5.0329155304264984e-82,0.010593789938151053,0.0002594666126129783,1.1832312909106654e-72,0.4485638874835582,0.08020035817874774,0.0005940275930537419,8.027867647467824e-28,2.1367407382823787e-80,0.2414650909118415,0.028745641798704456,0.004251265954599478,0.0005702397122839117,3.027060864074764e-86,6.750754525039561e-62,6.130356306405275e-116,0.020880497721168335,9.883375504774067e-28,8.055140054811695e-47,3.303208366717487e-06,5.6060003649739015e-136,0.07982208056542144,6.772697468082612e-10
sim_acct_0161,37.73765549107896,6.387093302421211,0.41863279341378945,0.5737008086021071,0.03816530696242729,2.364813080680167e-72,0.09920839168367983,3.583038765767906e-27,3.57160116660435e-07,4.103529934451043e-15,0.010505961287943628,1.199964323486525e-05,2.2453539637282115e-05,0.36137418888696227,0.003214276888903927,4.4858314784571624e-79,5.314928554426464e-21,2.1045306856236238e-19,0.019416433349997486,0.0019568075202430917,6.3992024216115e-05,1.0115733672457954e-23,9.707912587065661e-13,0.2623403366232694,0.06958417318721331,0.13645959112698386,6.171704729125942e-45,1.051570558343994e-23,0.00022912724882229662,2.1698186749718227e-11,0.02865843131318799,1.8565762125560971e-37,0.0003542189953027522,8.632612480922218e-88,1.029957008469111e-94,0.006599240104762114,1.9392849967056462e-08
sim_acct_0162,5.282442229562236,65.36124556103469,0.3885465937483997,0.3955355103640792,0.07009341912408529,0.0630284279303556,9.890751728140648e-16,7.384575805857924e-18,5.122133750531346e-18,0.16270626352027642,5.107519707892558e-81,5.666238732725501e-05,0.008592001715542108,1.2545935175558793e-43,2.2858574201384506e-78,1.8605368440773409e-38,8.67083299472733e-09,5.922926161006918e-56,3.917037048304048e-29,1.158125012242467e-23,5.911143849987184e-60,0.0336720464813198,1.548263933836826e-19,7.906188062075949e-28,2.3908523198674117e-74,0.2643883425050434,7.66928350846487e-14,0.2563590397281633,1.3079321822184085e-57,0.0,2.35864869909822e-14,9.373479444923033e-14,4.1280479987465426e-11,0.07555580234141583,0.1356414046782477,5.102451821565918e-56,1.3311212464282401e-69
sim_acct_0163,110.56193734619836,2.9443846478951023,0.2981997508401538,0.35161534002737715,0.13274352522729319,1.6585346763235275e-06,2.608925191793777e-10,0.09654075678452359,2.1232335423990348e-18,7.314788050214149e-08,2.5311302344698023e-21,0.00032718900366695956,0.0013756618094321546,3.322563483135714e-10,3.3611446209361334e-25,0.059669261713662235,0.00027246535382896,2.2791648227379473e-13,0.6860839536516811,0.0005176520257557663,0.0024534263587556787,3.1377407897936682e-90,9.4866261095528e-23,0.0005018680119710176,8.513055419668705e-08,4.414736313450833e-08,1.5072136467458284e-39,1.4226329703991282e-21,1.4072588135058346e-63,1.7707921573566376e-68,0.14927738995881137,5.934027273287737e-54,1.6257384722516518e-46,8.261587482267171e-14,1.654423019379195e-14,0.0029785137739612314,1.044412874960143e-73
sim_acct_0164,29.417925732873055,6.248741830775801,0.3971019704741756,0.5595722566354221,0.033848105801999685,0.01067576091191539,0.10966740811041838,0.00010385892475787446,0.030502998933520202,7.989116051443883e-07,0.00037353004359174784,1.6692438078047587e-09,0.08626028637064878,0.06783718998517364,1.0481737011182756e-34,5.029023978438435e-98,1.1741947786841073e-34,1.223492220801492e-10,0.1806567445681574,0.033666547971608604,5.865185221319958e-07,6.262657874731409e-102,1.8390681527091556e-08,0.054254409353146585,0.20514016921559947,0.001833788208278705,1.2382456899517553e-119,1.0120865501811865e-19,7.683025225384417e-10,1.0719360093221226e-17,0.21902589980207193,4.343435412807028e-147,1.2204068661657919e-09,4.1383868864270867e-169,4.191701862126391e-17,1.0389688397106677e-220,1.8544156161202593e-81
sim_acct_0165,5.430772822316078,49.790510696423844,0.43673016493968353,0.629002103926382,0.06842934807156356,0.34661023616675485,8.185176278675708e-54,0.0015711434318018667,1.1612942609094132e-76,0.025051188686353174,2.764165372720309e-66,0.0017037240137241366,3.986209003486644e-50,1.9101628553747844e-83,2.8412656584135e-45,2.0060430672344617e-44,1.9681574887084947e-114,2.6286749994781094e-32,1.0401125107120402e-09,1.0695377206208314e-15,0.012695004286543665,0.06609087441185715,5.619536842981203e-48,1.2091616430049215e-42,5.741987725528344e-53,0.11702081067605165,7.351353348827446e-107,0.38288596403718106,2.2658308005968278e-32,0.0006282764526428923,3.0174816029399793e-59,1.1113790645980125e-37,3.202096348522344e-08,0.034288498983504126,0.011333818193293748,2.2916197128356246e-104,0.00012042759921464765
sim_acct_0166,110.05164808939986,4.093263391691715,0.2222166694152637,0.5539486710929118,0.14155090013873595,1.9262460237198055e-11,0.0007322590085981952,0.014265631852421232,1.8546736922728443e-27,5.0240539374241126e-39,1.646217310395012e-05,3.4207088979510166e-07,0.008291917947340468,3.227293870316203e-08,6.841744097650377e-16,2.54569348526341e-07,1.3962754140654927e-05,3.767269543776705e-09,0.37433844458723453,0.034367321012623214,2.5097792370772962e-05,5.472935014334454e-50,0.0,0.011339153568250666,0.0051312778632149544,0.01133144216200371,1.7325768493778792e-30,7.125861263059703e-85,9.545449657683252e-37,3.449254278981245e-53,0.4257004116617036,1.87900727447136e-32,7.64953200523812e-64,0.00043199230830692087,4.353077838185272e-30,0.11401399260897749,2.559893573900315e-76
sim_acct_0167,30.681661970323972,4.928833843363102,0.5107356350697793,0.5164700645601333,0.027297361509983867,3.0797803398091803e-09,0.0005746959888916576,5.604021267426225e-10,6.573107467227013e-23,0.006676063098214001,2.8682244062652447e-07,8.991120420074025e-82,0.0006770086618775031,0.30157694405279595,1.1495629239321974e-93,0.006909367979854027,8.335957563730725e-28,1.2738320368499689e-46,0.07693588236336114,0.35538612705576483,3.137139043971597e-20,1.1212582259914181e-72,2.324109143486649e-16,0.00777607170885959,0.14767336106773854,0.0953600366234364,0.00010781459611169575,1.4203598549784396e-49,2.795635778927899e-60,1.50002614676181e-46,0.00034633510790568165,1.2325655939107702e-09,1.78549145821674e-48,1.6638505696532472e-116,2.9793214441218355e-97,3.9127620009169867e-76,1.725763573449768e-38
sim_acct_0168,6.213776092102955,59.58981228625755,0.4540288386630325,0.5601553582320692,0.06917745356541824,0.1343504921459352,1.6857144931958696e-13,2.6730570389201796e-35,2.7826499192198137e-69,2.0097841253678903e-64,2.159901107515008e-46,0.036118670342689986,2.0257315616235567e-34,2.051327710689695e-38,3.1091731878330476e-31,1.4284155342397904e-43,3.679691612081766e-08,4.303460062262407e-27,0.0002625285243322734,2.541480657420536e-20,1.8490732379119488e-66,0.30127228407903667,3.839906178079066e-44,2.9008442088035134e-60,1.3171578546091845e-38,0.0518000896184543,6.044389371419135e-22,0.34124016165855653,3.533011823653877e-10,3.878355495410221e-44,1.1956362738344117e-07,2.258258378860325e-22,1.0892778352030529e-13,0.00889223006584783,0.12606338685102275,3.1432382150732323e-63,2.051384812846818e-15
sim_acct_0169,82.12248693446882,2.2567928827999033,0.38976186173457966,0.466528416764904,0.1123219807692665,6.706166048425659e-08,1.4602977881827625e-33,1.8146489487993916e-05,2.863003304275273e-29,3.723245615527176e-139,0.005276772262273367,1.0584884668457435e-05,0.005510551422507459,6.922400261926391e-26,3.6125264383469245e-167,0.02262700727696305,0.003413689003756899,7.390351324408838e-159,0.2591331660565898,0.020827275285563357,2.8284617202360757e-13,9.551452294604884e-07,3.989226616036711e-05,0.06619455539366614,0.06767135863978592,5.2316101536816906e-11,0.0006960127789125179,2.5132010474260768e-08,2.6235705513558056e-32,5.6296036264772615e-74,0.19209353444853228,6.650652556886773e-165,9.786800041243305e-99,1.1036789349746891e-23,1.4953814873596862e-22,0.3564864063996329,2.287926649611143e-23
sim_acct_0170,41.17062747751101,4.9792749684775295,0.37866382525740244,0.4713021287857936,0.04300989035228687,5.0931346750750734e-102,0.04107804963386137,5.339832468682874e-10,5.578652267995753e-07,3.5121567795935037e-87,0.001610000616716113,1.8937860895784668e-30,6.249346623817337e-07,0.07660942065544755,4.743533728788284e-28,6.977657585614905e-54,0.0012240137204577262,0.0074797344264401,0.11834415722506768,1.9307777297508153e-06,9.234462228892398e-10,3.8160297179148126e-141,2.0871801604904185e-29,0.14770885260222352,0.3861157192437126,0.015854951388290843,6.484287059236978e-10,1.3378364798436841e-05,1.3130438641398959e-38,8.952959734066647e-78,0.20176678640966247,6.898222735190755e-12,0.00011165107547726621,4.738042003816897e-08,2.339108659058353e-99,4.777478610187258e-17,0.002080121567048896
sim_acct_0171,7.024341037084616,68.16046362817674,0.4798215363763476,0.7407944579635807,0.09078385871467662,0.15428138260790641,2.3023811125283506e-22,1.2488901906758872e-39,8.113588237190017e-135,3.62084454476134e-15,1.0269817123724209e-11,0.00028925112164725843,6.766195559571672e-49,1.2996935433281862e-22,1.4125128543514064e-37,0.002416419946347557,2.670070461517024e-43,1.5012062673735722e-86,7.823956371620896e-49,1.7607523723739017e-39,1.8403424191817109e-56,0.4385733371866951,1.053202651193173e-108,1.8545367534409365e-78,7.738452432216042e-71,0.09676435727021904,4.8029943728318293e-11,0.2636611505404015,1.0591429095125055e-55,9.74273622500272e-80,2.7428813203350794e-48,2.721801382897611e-33,1.3349449546778534e-17,1.9707352254241352e-17,0.04401410126847969,3.912605805247928e-48,8.958775943720177e-89
sim_acct_0172,84.20592603882397,3.367875576565825,0.3141429760927289,0.4931132866942804,0.11885403095918895,1.3804449651672294e-05,3.803176482070817e-185,4.17243330956991e-08,1.3399874332042325e-07,5.005995329681768e-102,2.1432586992777014e-05,0.06143002983468726,0.14562197604157598,4.27699233708949e-58,1.168043753115271e-133,0.031343543755238845,0.020924103363035143,3.7565845287578625e-48,0.29195473253761023,0.0009986199351266108,0.009920374473286187,0.0011799018064371234,1.0157012692789444e-32,0.10715670635677636,0.11221042794919447,5.122875358831907e-08,3.0268678715047315e-08,4.538663238883904e-55,1.2945410419114096e-21,7.1906589972590174e-06,0.05290654971961833,4.41690554870172e-61,1.81707030680635e-07,5.081133298641674e-09,8.468697894369e-43,0.16431016252309896,2.6553561176168753e-54
sim_acct_0173,38.421237684604016,9.550940104065738,0.39489279268153615,0.49177214816320336,0.03892779764303986,2.700100044053262e-126,0.000806554241360267,2.3843314982079995e-55,3.0083251591853096e-13,2.1020485903101937e-08,3.851830581744353e-05,7.44503138005023e-39,1.0329773348172298e-05,0.23725259919929273,3.867442154064242e-83,6.881544633626011e-10,3.6535243383534707e-56,1.5993710715389944e-40,0.0016006017130568762,0.03760195799142352,0.1666854597967368,1.4589356107299983e-08,2.2137503379755092e-14,0.2948249534044755,0.1884818416608483,0.025011333809070162,2.142558609816901e-18,7.623779628236771e-19,2.1177983972030757e-39,3.4425044660876255e-27,0.04740108484300572,5.948485951099918e-17,2.804516550335031e-35,4.824076432678191e-10,1.5781107791671952e-27,0.00021940148419547965,6.532699664175517e-05
sim_acct_0174,5.615366885447929,44.54969484206905,0.42368687883409595,0.5110214359926013,0.05674297596767205,0.4389373729273843,0.004363502039580351,5.430690361977008e-07,5.690395110787776e-31,2.1971970950974577e-30,1.1571401210369885e-119,0.00456013975364783,4.035026690409729e-67,1.7151065914466743e-33,1.8872397041463848e-06,1.1134346311065508e-67,1.4535496558158708e-06,2.006606897712059e-63,1.1593241686410086e-14,1.363614630611445e-16,8.327354930950626e-29,0.16124436739012016,5.286757725179866e-09,3.0857604759607266e-73,2.019212161978084e-06,0.032454839974581734,0.0016400867655868394,0.35573541689762606,2.2248796350605153e-58,1.5213122279287128e-26,6.89586020570363e-22,4.065313170924576e-10,3.7184773178563903e-97,0.0006223343148450984,0.0004360311706567974,2.1118148764645552e-12,4.82152839027215e-17
sim_acct_0175,89.46443049666587,4.0422980769953005,0.3417980531087464,0.5272999533238288,0.1190997714812868,0.00028232461464565157,1.80307041438818e-89,1.3687589620063304e-09,0.1678367652992607,2.7801467773108812e-11,9.54219708014051e-06,6.787874585103385e-10,0.17575736694083893,3.58974049367106e-24,4.670117237616264e-93,2.9952800069964764e-09,7.099644024694648e-05,4.1517175795979566e-60,0.527915807355192,4.184150669163925e-08,0.0009183520129815694,3.1050971401923946e-06,1.9342630876120016e-29,0.005123470092210834,0.0003014035792746988,0.0014687880287065631,1.2739577842849395e-08,3.678570136083992e-72,1.732726331377229e-79,2.2757554108278963e-15,0.018689616768612468,2.1341198852677607e-41,1.1611497532378225e-08,0.01657667516392298,7.502648724095524e-51,0.08504571514667408,2.910917914553659e-50
sim_acct_0176,38.253571945545346,8.5500184749636,0.3958312147368249,0.46638184555033224,0.03436809582592091,2.271406223333919e-67,0.03242642194760728,1.0390579715379226e-26,0.00010477464527573993,3.676595109182876e-07,0.01997055655891148,0.008817779129766135,0.003830402313118333,0.2941901293357694,3.3225770742715715e-101,7.489143671639858e-15,8.915849168372177e-21,1.672247066081096e-09,0.0005597278092296482,0.008611273861746425,5.507318305642435e-11,7.51877694636226e-40,7.662349441237122e-09,0.23204283992711008,0.3299205168822077,0.03963508726525088,5.91499326579162e-45,3.3277717230035574e-08,7.062795114607654e-48,3.574397299509117e-15,0.02988403767567768,8.711701512379954e-25,1.1271997725212036e-60,4.491393219142047e-74,2.768455381282021e-06,3.2738660389855113e-06,5.530920533492872e-25
sim_acct_0177,5.49213344502108,44.46167496631558,0.4764971434713891,0.5542435321464944,0.07196492203689986,0.16288564922078405,3.915302909404173e-37,9.203818362369157e-32,3.035574952787696e-10,6.563005574108366e-06,3.877712469519572e-38,0.0797704512406796,1.1975394629187791e-82,1.0702973308027895e-187,1.209594319746793e-08,4.955611084318773e-35,1.3192340425112132e-120,2.4213354896088805e-05,1.7219988790977965e-45,7.13389290326976e-24,2.2879124659237342e-66,0.3579706935472998,4.275457318294815e-22,6.231811930828934e-33,4.114070717880607e-15,0.1873283967849894,1.0051583612101429e-22,0.21186943282846263,5.884254544429053e-31,8.294214672531638e-129,2.4743574191791462e-36,1.9819714847112726e-19,1.7454044829105514e-75,3.2794609226446133e-06,1.56393601192245e-05,1.5685135009575836e-104,0.00012566879676768547
sim_acct_0178,90.72325609104064,2.9263373108122157,0.3026113934886362,0.35948326189949514,0.12154248625742428,0.011006251867335677,1.1137395587088482e-19,1.8376668732679119e-09,2.7908153261369213e-22,2.4999859856377246e-66,4.3445532401076397e-11,0.014926880575601516,0.27241565076425184,2.1693397201335263e-22,8.1193148076661e-07,0.06138829088342597,0.13501457521596494,3.525075625419117e-20,0.3463204561959004,6.654019343092332e-10,7.231149630387221e-08,7.287285110522761e-28,1.3401664100823669e-59,0.001189522418352265,0.0012278188122970854,0.00537068063538137,1.0164509143848422e-27,0.0014045054570280184,8.321777397435719e-08,7.684319364887969e-18,0.14457593781400244,2.8285777611164526e-156,3.4289250659194396e-35,7.472222775129987e-10,3.7200908018584145e-51,0.005157761091364891,6.975146057131199e-07
sim_acct_0179,27.833541457778185,9.885174872344123,0.43290003910721553,0.5147838477648338,0.0431666433451146,3.68093256196848e-62,0.023266609266091254,1.0646949140528594e-16,2.351299068741254e-18,2.2341598641384114e-29,0.00036235643562378237,8.708129517246084e-08,1.5164765710726146e-09,0.47991413451720166,1.676178821857862e-116,6.358090201514276e-21,9.673468480867223e-15,1.1244036512230685e-15,0.00041052405963234903,0.11773646519304262,9.486963566494708e-15,6.536618158477425e-63,4.020410050272655e-08,0.20497240097477187,0.0620612535985334,4.5978996584906614e-08,0.006494308660792361,2.213626243154406e-189,8.29398958584588e-211,7.348587406162542e-300,0.09736781940346492,1.253756173246523e-159,7.692149858097321e-34,3.346464375119186e-40,4.838463749224615e-75,1.948767465775711e-06,0.00741200434249077
sim_acct_0180,5.230275086259945,57.0927662294968,0.45040967691204825,0.6007083653912362,0.07052508020246767,0.17109715677493398,6.91470322621565e-06,1.4772226202788002e-32,1.78023323882955e-46,1.0205191541968463e-27,5.946489039031277e-44,8.745804161549026e-05,1.5143725384991274e-15,5.2099284623295326e-77,3.0573670307875573e-36,1.6822350838768439e-15,5.310479224779708e-36,1.986769252318998e-22,9.438280970997193e-10,8.719144135007705e-21,3.591978769422719e-36,0.43111195337247976,3.0261859703101046e-56,1.0357177443116958e-24,0.0022338365682785517,0.15784062528526296,2.7176551752895105e-32,0.13482993161710996,2.9472061647311614e-76,2.044492000097938e-69,7.387207147104317e-71,5.348443289498577e-62,3.536129316219647e-11,0.07592396598062588,0.026868156677274692,2.0758262399894534e-47,7.006338831557753e-25
sim_acct_0181,83.03834304127255,3.0809416675876204,0.32938426977911855,0.5304372284100091,0.13571641884791877,2.5861107748842053e-26,7.06939066554762e-89,0.04064329908056192,7.225671473647516e-55,3.3858260013696493e-31,1.475929251889796e-40,0.002169242076344113,0.16824366903180624,1.28915785197395e-63,0.0002502523800986418,0.03938679139060353,0.01394470297343956,9.47138259507749e-05,0.5668128361163854,0.0038187932321572062,2.2224966981087966e-09,0.004700181516597249,3.650086925115208e-36,0.02038249624815434,0.10453216255594859,1.107023441034907e-06,2.1489236539700087e-15,2.667326140272256e-56,3.387610789658818e-71,4.562694431454287e-38,0.032445140263788544,6.8518363885882975e-25,2.2804551951441177e-48,8.0970303261891e-08,1.5590312141745898e-17,0.002574529091920681,5.388603966262904e-28
sim_acct_0182,30.982658231495037,6.7372137243879875,0.4263373351854508,0.40967843405539955,0.03405130901022365,3.4129652898411854e-107,0.0010111432383649685,0.006032455155992409,6.862479332062748e-11,0.15342515400753345,5.875276996752922e-05,2.2540954120967342e-23,0.008118975861167126,0.22055815355931244,1.692220791682686e-54,7.294400415302477e-12,2.4875238745676053e-138,1.548063457142999e-16,0.005258155297889468,0.09770867510314782,0.0002938593653878622,3.7365198273643826e-70,0.0018495681130947248,0.206195740935892,0.2905732827848707,0.006102686882156662,2.6835335452603515e-08,1.079564575940427e-72,1.3926447569901374e-06,5.1277892321560827e-73,0.002811977369208773,4.645294670151989e-52,1.4971222754548824e-68,2.2240481272484858e-15,4.1473423921628927e-41,3.5479752328335503e-45,2.501593644267391e-63
sim_acct_0183,5.453855979031998,51.020462370448335,0.426216013340612,0.5826072033584752,0.05780728787921684,0.14104629847351183,2.515632285604261e-83,3.6223354521424923e-100,3.812515269631051e-133,2.634157059726204e-13,9.084540627396414e-62,0.14087074286673046,7.680649253964071e-38,1.119551358556653e-39,1.2112942809782985e-74,4.176594919304279e-59,2.5872010950675376e-32,4.4451261226712417e-36,2.844213470249953e-19,1.566967572852329e-06,6.532862398393234e-122,0.45892114153150554,1.1112875204415392e-07,2.86048604105302e-26,4.155049034951595e-29,0.01942844932400519,4.0799559215572605e-07,0.1900963038691774,1.2935024677263409e-23,4.621317470690641e-57,1.1728388161434546e-10,0.001858630643575347,1.1359991382090574e-57,0.00016650313741918126,0.04760984394461062,6.1497340261117004e-21,1.6089001520461558e-90
sim_acct_0184,100.1840864494242,2.9087257110978966,0.3049650264119254,0.5280216523838862,0.12427539777997172,2.6767384111714465e-06,7.570246433353257e-36,3.4211033279273175e-07,0.0005331045106718101,2.2426385521712689e-54,7.110742357212839e-05,0.00044988497229054127,0.09504708460940818,1.7331669300644245e-177,0.0034067484595677513,0.06634593398393208,0.057439193431547464,2.3982103910315174e-83,0.567014598272847,0.001825359116583941,0.011922482621138247,5.303892243694597e-23,2.5040900373173373e-19,0.002033816343618109,0.006159405410473938,7.826871787854641e-55,1.6749358633871035e-76,3.113598525137765e-15,2.0302573873085063e-48,4.303171298182611e-14,0.03060346822966681,2.2853908009661615e-10,1.7999507275375113e-27,1.8575305240186355e-05,0.03919463206542636,0.1176102902238012,0.0003212959428852692
sim_acct_0185,33.98055844617857,7.2623294107269984,0.41902398149816134,0.5309482755007321,0.03483117067196756,2.479373812411572e-10,0.04649530374435321,2.972052111841761e-19,5.202859298883492e-07,5.6118246825073346e-33,0.00012178871246084868,7.495822377886501e-71,0.021185516747393763,0.4496068214222473,2.4034753995935648e-115,4.847609272911633e-57,4.222062205709916e-69,5.263580388012639e-07,0.06905093076576675,0.0017903164208707808,0.0022551300284380693,6.397092350768626e-07,2.6115308103933876e-08,0.17965782397582758,0.05079053150681889,0.024174447151436008,3.347460011939806e-39,4.2694817956214906e-32,5.406371789454514e-28,4.065362635553626e-73,0.09613806313682201,1.2279966281486522e-10,8.762858659934475e-223,2.170783103089341e-78,1.1829205562802968e-14,3.393791126837713e-17,0.058731613548304
sim_acct_0186,4.9711699047759454,70.24785847028569,0.4987262032964113,0.4796396187997768,0.07481912740164526,0.29680217769537803,2.3712618274555043e-21,2.6612741545904023e-31,1.1200337504334319e-75,3.604705688141431e-17,2.824507448510828e-47,0.0005655701079732994,3.835544191486119e-45,0.00010191028024707299,1.404005055577115e-10,9.268955965510001e-45,2.0395482447504264e-30,3.836860726486997e-51,3.081166805383304e-15,4.850628252472526e-74,0.08399787177174359,0.16535430826385356,6.336385832176038e-15,3.662433307214681e-31,1.7240755215221825e-30,0.06680889179457765,3.008449739135715e-73,0.3863564105755434,7.792374586820463e-66,3.9954858376118783e-28,2.6941504832384314e-43,5.8010956543568884e-18,4.698980055723781e-58,8.613856661556881e-06,4.179760468759811e-06,6.575314325779815e-08,8.513641665826848e-46
sim_acct_0187,82.33938705522624,2.683701939717072,0.28165088906765784,0.46692850134927727,0.08865562360416268,9.658239652524756e-39,3.3970533411763258e-15,8.09554625705424e-08,6.25821158282509e-47,1.2142365469907812e-13,0.1032528532798551,0.03894741898731927,0.05145572013468471,0.0006660928467262774,2.6407178383621134e-18,4.6532055488101616e-07,0.00020959692668267872,1.3569733626405976e-48,0.4396971661436718,0.0045048972000157035,0.0001531362964212361,2.2236307671264208e-15,6.57708253052554e-24,0.1338524270695461,0.03393718518942402,3.115652718759976e-10,3.239509531625905e-08,1.5459213526455864e-86,7.328803338953017e-13,6.549928652656535e-34,0.07964342210973172,2.2110006986382468e-79,3.7025926792117167e-19,3.2199632947608e-07,2.7782132299762686e-160,0.11367918283605402,7.543116150811772e-84
sim_acct_0188,38.344087729600226,8.279311053092,0.3939642403132549,0.5222830283489999,0.04159409197124619,1.6325538282646082e-07,0.01000953282190999,2.3970686093539053e-10,6.341812915468981e-08,1.5058373049834287e-21,0.013434640956210895,0.005224361170703938,0.07448319888621333,0.14543575184183474,6.536492359776162e-46,1.203723686939588e-10,1.9429287018096545e-36,2.32173073198248e-25,0.1157735162899605,0.08080921978772139,4.031582257582896e-06,1.4306367087097265e-23,9.821175947260779e-06,0.09426181774336503,0.42497244454164,0.034500961946271676,7.130367490358137e-20,9.82739740028548e-06,9.477017335587754e-72,4.3856004552221576e-104,0.0009345402013528575,4.261590166486038e-17,4.7040265847252155e-08,6.722162467603067e-39,4.531844183817729e-14,0.00013605958330791586,1.0807043972613144e-41
sim_acct_0189,5.863042167569374,54.39081848293655,0.49118009239116334,0.4541948392223533,0.06042282780170819,0.19846683052434708,2.27759933134677e-80,9.225080399092278e-57,2.4610276204019987e-41,7.423189976446942e-27,3.2553998951527887e-137,0.020481765973777284,1.8488916842362695e-19,2.5849705623384183e-50,2.634409251199908e-21,5.941593255517356e-27,3.652484894145949e-143,6.661121005491124e-108,1.116812598832873e-78,5.908234183485931e-122,7.412618800096054e-108,0.4346758576879543,2.595336797441325e-55,5.237372155658689e-46,1.0893748779022606e-70,0.17512057266342676,1.7961470489188806e-19,0.0943430148034759,1.8741041615909854e-37,4.818200070213975e-24,0.05228054343723443,2.638703385178115e-05,1.8233664050525074e-43,0.022901409339564853,0.0009629363169401079,0.0007406822194275166,6.560754946461799e-33
sim_acct_0190,93.63340033393716,3.042575883242619,0.3033960335254277,0.6465833798057049,0.11993984697165375,2.3378545484172633e-13,4.620790025761394e-84,0.0013453735568839543,4.5945269205454395e-28,2.7006598169103644e-42,1.348780952272955e-16,6.823053592349387e-14,0.00027367425887607873,1.553086601636874e-33,2.1453382673312834e-37,0.001660983100095975,2.8643391799254427e-05,3.4509609395364626e-10,0.6016256331531483,0.054223675267664834,0.09308587615966153,1.2079500110746587e-39,5.079138555765859e-52,0.0014212189230772168,0.14245844098319385,1.0179827025260167e-14,3.3527997881179845e-09,1.8560808961971088e-24,2.851193464920175e-17,1.1700241241284705e-15,0.0023477505669585734,2.8778325367074185e-44,0.00326137327589044,4.011134147157707e-13,7.892193205657173e-13,0.00851452858829131,0.08975282507505898
sim_acct_0191,33.53143011584696,7.3041118349078245,0.3296038052569672,0.5959133905159858,0.03217996680139588,1.5123674844152437e-36,0.267666926920779,0.030628099210476482,1.754505986549577e-06,8.333551747362558e-10,6.757238661189245e-21,2.4664689439457136e-43,5.062531693902318e-05,0.4922544412870547,6.541047373382651e-40,7.512620110376085e-12,1.3187703134307055e-09,1.0068715690320465e-33,7.517410804790647e-05,0.008689320066048205,7.763141730717068e-11,2.2760671022433734e-164,2.479979378168064e-09,0.08387571176545107,0.046948090084420566,0.0687165596352015,0.000698718069725124,1.6418877850162495e-10,0.0003926659823913639,2.821268562693359e-25,1.9073212929764707e-06,2.9151585685318025e-17,6.85720521115276e-50,6.429379230065561e-10,2.2279040431473338e-63,3.669592625274577e-15,2.018062789505849e-10
sim_acct_0192,5.869971270788475,59.03256724362991,0.4259817273395596,0.5631769114213602,0.07875761320830652,0.0411639645709686,9.625177202719268e-129,3.506304163532983e-13,5.137960079854039e-15,1.676838436808519e-72,3.1938279967324253e-104,0.005239556475239837,1.2464440282965577e-72,8.858601885153906e-55,5.590162688258203e-12,1.963589296646727e-109,5.813601729508712e-39,8.725195276949932e-65,0.14456238653224104,5.667700843212104e-06,1.3773296023163562e-75,0.2740159482023681,2.685149886908755e-26,2.6225970564823228e-70,1.2801539570418472e-39,0.15651321548141267,7.881779676855996e-09,0.30457705317882333,1.1150601403077415e-10,0.00010332617485722356,3.03009207444987e-73,0.001476661864739437,5.293772632362904e-18,0.003081312365438782,0.06926089443956014,5.014276030020241e-09,1.7180299337672268e-46
sim_acct_0193,82.01328004299243,3.467919187641538,0.28487448648261315,0.41629299034730655,0.09594859619829406,0.0038962403241057145,1.19270343735821e-88,0.0004551703670668458,4.367573713479132e-05,8.787443063704948e-13,0.00010374308885113585,0.01501911116886102,0.02657635433206645,5.873204658989971e-46,2.5639937296752765e-17,0.08744131020151194,7.359276369421761e-07,6.422835625084048e-45,0.5877119819074802,1.437947912365928e-07,0.0022344363550982904,1.2862057122002142e-26,1.306963361008005e-06,0.02966323580839367,0.004417701234942731,5.60116517395362e-08,0.0010817723800526499,2.9707265412981178e-64,0.0029244409982161464,1.0675875260143754e-75,0.1604864097982651,8.79694033358709e-18,1.936066869262178e-84,9.935967590030566e-11,1.830883641945596e-18,0.07794217350027395,1.6827652543396586e-27
sim_acct_0194,38.77989210430722,7.029996348932658,0.39572225389290533,0.46441862408611573,0.025629358622725758,2.590311259737072e-47,0.030977365866625563,1.3738249731245347e-06,7.869944709972033e-06,4.288596619373769e-39,7.333836089653781e-06,2.192709724112815e-53,0.0029751614328235227,0.3293537045859448,4.283306373304745e-36,0.011891881087307639,6.894800074378273e-41,7.687497374492007e-47,0.08197396780927631,0.003684110018753062,0.00017105339741158113,1.2303711368679007e-11,2.145846493989093e-10,0.06229610247715109,0.44318252238777645,0.017206965537692187,4.162333737821223e-40,7.612379736730875e-27,7.433421391889688e-29,4.7557739929498465e-98,0.016270587566487738,2.7672523004685856e-32,1.2867011149300653e-56,6.509263624191092e-149,8.879028661924292e-14,2.1633829162667486e-251,1.1898542060286613e-92
sim_acct_0195,6.768363441249114,56.72303062122248,0.3488187438510341,0.5613969261547462,0.088685307903573,0.425241893557942,1.4784009478310631e-07,8.054765436817256e-46,1.5176640871663118e-50,7.598786567024183e-33,2.642152221048802e-140,6.232183454188135e-11,8.01369329717132e-139,2.650229786045664e-66,2.1462002022652376e-112,3.5928933545551764e-77,2.6945109873315257e-25,4.6087417014261444e-26,4.140745639055114e-31,4.694841277315425e-37,1.7365544523923168e-50,0.3475753934171956,1.2964745648540676e-61,3.512950133738798e-74,1.708466083912931e-17,0.038786687354849865,1.6448988880359226e-18,0.17239123451616906,1.0466888679282871e-23,1.210964639790168e-54,0.007920346248175187,4.968639179341071e-25,1.790740669518923e-33,3.607601455729762e-12,0.008080247429753547,4.049569886679462e-06,3.767775092696432e-15
sim_acct_0196,93.20068514360025,3.2432219866453207,0.3003593249326214,0.524005667641074,0.14322196477382754,0.0001652957534177524,1.6512782876330994e-172,0.00042726464944291216,1.411393209083614e-30,5.520210654662851e-24,1.0334850414336036e-05,0.0008908738951831166,0.03895769586863368,5.588583854252302e-26,1.768687869759447e-25,0.01662359112524519,0.01553710445485171,9.008332245046305e-69,0.6392765557226665,2.3210754885092554e-06,3.394891093430792e-08,5.530274577712972e-27,7.14881699052432e-42,0.005216123850751802,0.13168139046026986,0.00011427087053099325,7.430779510293174e-10,1.2817504929303036e-50,9.293894488469019e-60,1.3707698071985652e-50,0.1042921325511707,6.378035609591153e-25,8.27460496984512e-47,1.0528447416253086e-15,3.1772716599883187e-16,0.04680501017994289,5.8511904875665636e-43
sim_acct_0197,32.982628308594165,7.72742089810345,0.29752027116425533,0.500982167126993,0.03936944140516769,1.0970291155514833e-23,0.00025339213610344065,2.3002028167832008e-20,0.0001705979636343998,2.093256167191565e-48,5.119825573536262e-06,1.3995475737786446e-74,0.002556514348034231,0.2674586144401795,2.7845195395521427e-30,1.7182352978271024e-10,1.3294308445321776e-143,2.471555566522948e-15,0.0003652080736753386,0.22705807390751118,0.0003203562150485321,1.1117271334958288e-30,6.773478469443669e-11,0.07739838438596047,0.2035900291689568,0.20468111201347877,7.289867910109295e-33,0.008822533047725664,1.0819907448252223e-40,8.217707882881814e-17,0.006998254381716185,3.472019098291289e-11,1.3919410376513786e-37,3.678765073843961e-08,0.000321773028648569,1.8212933413105522e-12,3.979335316743247e-29
sim_acct_0198,5.793221532302536,51.992797116935826,0.4303926469975445,0.6553075950270606,0.061459300712472194,0.004775776135283941,1.194137943196399e-45,2.672971119224503e-05,2.029345848522013e-12,6.906546110712891e-303,2.712560375520462e-47,0.013113134755836097,8.34030836234171e-08,2.054657281809227e-95,5.0687158396225077e-14,3.4964926749635635e-64,1.9193654922150465e-25,4.578354219140851e-07,5.702368861755933e-25,2.8715073906888356e-31,3.832905743174957e-48,0.5733139618545495,8.74286716586411e-15,5.144562799884398e-45,1.9389609338894425e-20,0.001065959807587845,5.444130156676874e-167,0.30186447817009343,2.2047422785293913e-26,5.212781495352341e-67,3.807171599306628e-11,6.65573862520801e-140,9.473907197568106e-15,7.934287988556233e-06,0.10583148399879315,4.619890055563726e-100,9.126577560644936e-47
sim_acct_0199,104.06235161612969,3.4796599967477055,0.21924775545285266,0.46837993619428286,0.231230735636405,0.00018460443566000468,7.680779702152277e-14,2.0024913351433637e-20,2.1996581299103298e-82,2.1240838493103718e-13,1.656189121404457e-09,6.357545812512284e-10,0.001165352863984941,1.2533113234881014e-73,1.1692126103601307e-26,6.711004804883151e-05,2.4918754117050488e-08,2.536038040955553e-34,0.8748242515821371,5.874250704859817e-08,0.01695759666172916,6.90384116406597e-08,4.3685814360864294e-85,0.022734062344240025,0.00022850942907726968,4.1556401830767675e-10,1.4761624726842577e-78,2.2361100940699173e-54,3.4758962474883145e-09,7.273915348543337e-21,0.001388369502114632,0.0014039657812869475,8.135867181477656e-124,3.134379698761443e-14,4.1250240557658616e-22,0.08104601846832393,3.003023950869071e-91
sim_acct_0200,42.45628180644108,7.403139133878022,0.4142400638099993,0.5217502486768048,0.03528987048458208,2.9052954034007957e-38,0.004862818301628698,1.0651576200302976e-18,3.691433852840748e-09,1.3749459491068773e-38,0.11359520378688276,2.1997454899598458e-07,0.09966777346277547,0.2790703609021564,1.3170526970988982e-20,1.1790141624630635e-25,0.0013021217330120315,5.159508349255718e-11,0.007550478675384262,0.01276442929491368,1.9620825749624686e-27,1.0784122565324824e-30,4.790105980008171e-11,0.159543346686195,0.2899752669156631,0.017773580345174934,1.0263163577656935e-35,1.4303078159324207e-23,3.0527469901673444e-07,8.27962528518271e-43,0.01389409085603545,3.4272817369105044e-51,1.359340912388635e-39,1.2809273442563726e-25,3.859601469832926e-20,1.966970497704835e-47,1.5266675170245037e-29
sim_acct_0201,5.652162690566463,65.09224821980156,0.507999394974503,0.5347850640000286,0.08204869187283563,0.4185696322130199,0.0013022400808423876,6.344041466992774e-47,1.3482526324322745e-177,2.3485214482106115e-07,2.538889987674951e-78,0.057893261620302075,1.2287326856423628e-21,4.976291926335518e-31,1.3802062833564686e-69,4.6579093454665715e-35,2.5586761053182028e-09,1.5852509071876282e-119,1.2877852947904344e-24,3.7788790284012217e-79,4.632641897227339e-39,0.07417719756687649,6.10663021926204e-37,3.228037915857629e-19,5.302742791248422e-53,0.043906319895088995,1.8356403694758467e-05,0.40212738156760075,2.367218401906891e-52,2.715514739684711e-133,5.001856699876861e-07,2.2513741469409869e-63,4.541343932029641e-297,0.0009134419914303203,0.0010913193861601372,4.4903456331242744e-10,1.1122945871912286e-07
sim_acct_0202,91.87355232133669,2.8797479052680686,0.2676876258730083,0.3932858329294795,0.14157023862171286,0.0025576998518209828,3.904138326087614e-169,0.13888724205025213,4.381833902865644e-09,2.2044867152151292e-14,0.0001200229038459687,0.002920359396664034,0.012906372219616038,4.498802445634208e-05,1.7540556333594745e-17,0.008521534757041505,0.0033015718239541923,2.0423911040374198e-50,0.5338654853555814,0.00727469167460279,0.10200962375274722,1.8969389644380452e-17,4.483089369377137e-50,0.00736801643161509,0.004457663270687417,0.07340040004883665,6.646474861246019e-10,1.6784494492424292e-50,1.9469014724754565e-278,2.5136801238164686e-13,0.003516655389573905,1.7720082477745193e-13,7.896244458398377e-17,1.011091414774795e-12,5.447097402045936e-22,0.09884766800076106,2.741736542588259e-27
sim_acct_0203,33.40648872893277,7.514097478900702,0.49448665784132656,0.4194750603870753,0.038186813352166706,4.166491486526334e-93,0.1373845519722807,0.013132397124523383,0.09403370933066207,0.12567351949921374,8.213695509573286e-22,7.463186243764524e-65,4.8047645588808916e-05,0.07850089801360578,1.831367835837258e-40,4.857817568265656e-14,1.2528243625997578e-32,1.4778635100939843e-22,0.011054479496936928,9.247635292630917e-06,0.0003319835392474445,6.102700656468683e-26,3.725842074088313e-17,0.14770592687177264,0.14481054502996576,0.10463476973695943,1.3101386413170525e-53,7.622607566286159e-85,1.3876981678760894e-10,4.394405759438937e-37,0.07265829989727052,0.07002162406785846,3.592870294614997e-40,3.35711226951266e-26,1.0925467857035162e-15,2.189963686272462e-15,9.313224447862042e-56
sim_acct_0204,5.957141961930029,57.570980195100034,0.47226136223941145,0.5053583259398202,0.0713768164766829,0.08023792523267878,0.04249047519245537,5.203747158978866e-58,3.0440573342765554e-86,3.095064947336361e-37,6.408251387485844e-105,0.031580731780081805,2.580792085786087e-31,5.774956470764636e-109,6.706609317908179e-30,3.373219908334133e-84,1.9590609082933632e-13,3.238882050246316e-08,7.170906053711036e-38,2.2592857094628108e-169,6.319602486636505e-32,0.2537782625367694,9.670678570847059e-51,3.802176337351235e-08,2.690884002887535e-07,0.13170990464929822,2.7052529279088526e-17,0.45930771445756885,1.6791197412229383e-95,2.054409832913523e-12,4.920164797864215e-25,1.2023431776956116e-13,4.88187494226176e-71,1.4916708848263546e-06,0.000893154978908018,4.618468119535029e-29,2.9243045894054936e-48
sim_acct_0205,91.41263657732102,2.765037755625891,0.2900319913797011,0.5446149917915485,0.17203006518209274,0.0004168490830454576,2.2543583683774595e-46,6.027325717175795e-05,1.1061648545877607e-24,3.6257013517652585e-110,3.721497869784038e-06,0.0014513157295331228,0.03576821688368048,2.3623563880853674e-46,6.687275327025862e-44,0.031423480507785664,9.863935024998705e-06,3.837500084697027e-14,0.7077689787369276,8.654286313312658e-07,6.059207895426676e-12,6.570081227751212e-29,1.3662741495048377e-47,0.009145562537939144,0.010454137828702678,0.00014162643870129372,7.56910132632104e-24,1.9955295036087063e-28,7.880342703026958e-24,3.884118838016205e-12,0.00012634724141355282,3.956827623350129e-08,0.0008626382267188045,6.966580301116558e-08,5.9959956826486614e-09,0.20236600742451058,2.2871809512968e-12
sim_acct_0206,35.44239128113374,5.634667896748544,0.42119138955596847,0.38155610841593296,0.040710993263924175,9.862505459499242e-56,0.006169103157517361,0.0010400516104899897,1.3807684116233434e-11,4.890537808778168e-28,0.09851048076524622,2.5684158347182564e-246,1.2174722254377886e-05,0.04455379655566431,1.1294864935055685e-05,2.153310690404205e-12,2.2952248607421635e-134,1.28841740482694e-20,0.0016345309762286718,9.934021279438309e-05,1.774806136527038e-05,2.6597448237070357e-48,2.4794872741605263e-11,0.022998032769622218,0.6479891091555112,0.04299331420493433,2.5020049404236433e-30,4.1791569289414705e-06,7.180173606787463e-73,3.0355924538861075e-15,0.1339668437457476,1.01292590836518e-174,1.8737629894317956e-40,1.0618271947770792e-15,7.363065660458356e-165,3.3720919644794184e-150,3.789899064978289e-61
sim_acct_0207,5.376627702488667,47.69049584795106,0.5204555101284427,0.6142665473557589,0.07433180987516853,0.018193031836183378,2.2285346714432977e-09,1.6511574754139784e-76,1.522855880372545e-12,6.512392234748433e-36,1.7402920126533867e-12,0.0014214252230722773,5.941811797277191e-07,2.5518477445927644e-93,2.4028838176165405e-27,2.601713499218523e-19,2.303945790016829e-89,1.9153097596530603e-31,2.987350753713211e-19,1.4553185099593103e-45,8.847044501465892e-96,0.26118298592021755,3.1122793074211465e-243,7.204613534035416e-17,1.703101923589686e-15,0.10756485460167584,1.4696101738001653e-75,0.5662357356199278,3.6448432421199334e-11,0.004157033066462337,3.545332297775093e-39,2.980712848631355e-66,2.7977637843982372e-12,0.041058528196770715,1.1598446782616517e-05,0.00017421063668196282,6.308359125616696e-31
sim_acct_0208,92.53561533266648,3.1770696828192944,0.2785697094685966,0.488288700831094,0.1313690217217061,0.0015494907049712827,1.384927146452747e-82,0.009504535113920087,2.9849997172966462e-21,1.3987458874479071e-13,0.00637050398173814,0.006066619697191701,0.1642709804263989,3.1247659658911303e-16,1.0266931149332991e-10,0.12769833904000422,0.004119140868920959,1.0957872922478903e-67,0.24057755550460957,0.08947015338700907,0.003040007074062663,3.3111390671109823e-21,1.0706519390895749e-69,0.08748938439391486,0.01763564783863699,1.598375319515265e-22,8.097390099971289e-34,1.17370893902661e-27,8.54016393770069e-08,3.925527019279973e-49,0.05093192364552114,2.3366336310947043e-52,2.7816457386834554e-64,1.0567340288846145e-06,3.8439291628077803e-08,0.191274537645331,3.471555193476811e-18
sim_acct_0209,44.32836868522286,7.316495710714859,0.32489417385630887,0.5601343756872619,0.036176586785342225,3.39924558114279e-23,0.21115833837219486,2.029531745557263e-24,5.710567555341794e-14,3.5358974244672195e-91,7.565293938904893e-20,0.0235101670672014,0.037833626687240315,0.14846302700688857,1.1826383240399352e-18,1.0017221821896362e-05,3.4744895827704194e-72,6.378378699770697e-40,0.01079470603134109,0.023024189368382013,5.191676687781627e-07,2.1241451854379047e-46,8.561189594625693e-34,0.1513056592960208,0.32691557504934393,0.0006279106956192215,2.458504365813475e-140,1.041072365209358e-35,1.0351965928862649e-18,5.152532535758073e-50,0.06634017100830324,4.796806544798713e-24,5.160078313970376e-118,1.609299039482919e-05,3.752197949425259e-11,8.638810398759025e-30,1.0023561569676848e-23
sim_acct_0210,6.220676694595886,57.520534495031285,0.3883034008205597,0.7208390338454004,0.07424193574671874,0.05181659232066736,3.936832077608942e-16,3.5970378673883445e-47,5.79371430783544e-24,6.372895892150314e-49,8.268817147963447e-42,0.017412043037325374,7.844888747064674e-62,1.3578030105307744e-12,0.007583001378002343,9.198296402974427e-36,4.0279066789895372e-25,5.1147692049782245e-138,3.644345160106534e-173,2.9300357975332644e-127,0.0003506831592632779,0.25067481566380145,1.65648064402549e-92,8.775062941308805e-53,0.06600079771721243,0.18741973217536673,3.3937846558643627e-90,0.3430892958713142,4.473444118255604e-26,2.6525230666255154e-30,1.4633043233579029e-34,1.1405396694959853e-80,1.7970473625284016e-70,0.02418780182902923,0.05055496777666971,2.1063906774219315e-29,0.0009102690699895977
sim_acct_0211,94.92586688475296,2.548567416161516,0.3299633770636223,0.5398554295433993,0.09739002155462888,7.329398379124298e-20,2.9640559300241898e-36,5.43335034261111e-12,9.265059926030519e-44,9.835603229563178e-74,0.003020046493904308,0.012237404340516622,0.004511825723279729,2.573354450074346e-11,6.337135041625262e-146,0.00022789278894392236,6.039789233305824e-07,8.242076642455155e-63,0.3617698384929788,0.000147606906649934,1.763686951006301e-05,1.0107563899881925e-17,0.0005741593306317508,0.013817727542062286,0.0033288392324392077,7.351122749816801e-15,5.4497784592889116e-08,2.408968121582827e-32,9.262240567311834e-56,8.450547237910405e-59,0.004468108712536276,9.482290507557887e-165,2.099890656087429e-204,2.301904938082452e-21,3.5920010792682954e-21,0.595878255058665,2.937995082822269e-47
sim_acct_0212,35.46534067580945,7.258859140474629,0.4108166233209139,0.5024544054169852,0.03922541298576694,2.277645773006909e-56,0.24591526599374883,2.506893569739044e-19,8.00763997823072e-06,6.241601829257563e-06,1.183267570512495e-06,1.7186760458007162e-110,0.00018978827779225007,0.5175364421338449,3.234049743800198e-54,1.9946004001853562e-07,3.0090392703951285e-47,2.5160423812117673e-116,0.04543650281411961,0.003437629489681981,1.9680760203169995e-13,4.5853196299186794e-107,1.448032491190845e-07,0.06943967995698572,0.0534942429311751,0.05989394993946129,3.059134983702714e-65,1.0579239364604866e-38,0.00458426280256217,2.808750319950123e-08,5.632757558691665e-05,1.0627985456517727e-38,1.6028616783351155e-29,7.987119226988831e-75,8.205268091474812e-62,1.0322467407043059e-07,9.27928998984396e-47
sim_acct_0213,5.929226788353955,51.890977829165365,0.5208114598583168,0.5517678057912583,0.06213577823469752,0.0908218670416467,2.1253114585635974e-10,6.168152044492413e-08,1.2822075246676608e-07,1.8612467752824315e-56,3.8186326244741233e-113,0.341520301473681,8.755505289114321e-15,5.3276533214559954e-52,1.1890480876477024e-31,1.1552990760062953e-59,2.3806095708121224e-10,1.7429459262260978e-62,4.3031326315816894e-41,1.1368686804095597e-31,0.00810667037394475,0.01943573078028309,5.664169080803997e-29,1.2292325042873088e-27,1.7774864451356513e-241,0.048142560505017584,2.0363190142338205e-106,0.4918210530465589,2.12697075383724e-29,1.0503383671044155e-224,2.817890616884744e-05,7.429878265818005e-152,8.384842587463794e-94,5.092557581370003e-05,7.252194401174066e-05,6.376876480808856e-41,6.268376224303984e-53
sim_acct_0214,119.25154933378765,2.785924806029963,0.29341045547389927,0.5052604881418064,0.11543275216552508,4.807022283094795e-12,6.3965005807913224e-24,1.0530149691935781e-18,0.0006801324334831418,7.373499466911167e-38,1.64839050380253e-05,1.0109548177086519e-08,0.031080600277622036,7.236882919144659e-13,5.87218453678154e-74,0.0064998997780117765,0.027415580355891464,3.6744000478150163e-22,0.7635649673754149,0.00017205866811113168,0.0006675765783815179,9.585550291517703e-28,0.00032249690618337196,0.0005269141559028417,8.536785167066566e-06,0.022794333386974813,3.8807311152006744e-18,1.5976362721043227e-70,1.6515804734623394e-17,9.918256686092849e-30,0.04146950000359148,6.713131413940751e-20,4.852765936173655e-16,2.886349340785686e-21,2.1426977653159162e-51,0.10478090927514715,4.1487456481473567e-44
sim_acct_0215,52.39754825738363,6.422602684874815,0.39510731659326437,0.6001057566777536,0.035248309373695295,4.487040598794965e-14,0.0022522294529673122,2.4479367445605863e-07,0.0008728891193621949,4.8873777378065496e-24,9.436152458135523e-16,4.798858995452901e-16,0.000720759821409269,0.25474519907009624,6.220978740723849e-26,1.8680004857522717e-05,7.751222090765265e-38,1.8743016768594667e-164,0.0002688572009012566,0.006684778179365112,3.076936840605517e-48,4.218875339966118e-06,2.919074270299551e-51,0.2762178399257455,0.4314944801227633,0.01576594555692613,1.905945326643473e-111,3.287217122656691e-24,2.1756874099501525e-28,1.784876456993131e-21,0.010953683103892494,8.985068833579928e-98,2.805183157063844e-21,1.9267901903848128e-07,6.377498966636044e-17,2.0936338831346392e-09,1.0332430552155807e-106
sim_acct_0216,6.058013568831217,46.210919454961655,0.5065543678022807,0.5779828455471195,0.0694739892824434,0.2962431220797749,2.7773442947086673e-13,5.7099118238881864e-05,3.3461626695919846e-05,4.311955141913607e-271,1.6016402783163864e-58,0.06646350961300175,1.0737309499259938e-64,3.278138278932465e-78,0.006485179304488803,4.600439770989147e-10,2.296702026298326e-53,3.390424016484251e-17,1.6944480992419372e-05,1.3546122215354568e-151,8.040594508343536e-88,0.19628172610571745,2.9570102796955116e-43,1.2805830378371603e-11,4.107842207683421e-75,0.1867540782293313,8.581351823333596e-27,0.2405252738131716,7.9166722498421184e-118,1.0522104003322309e-62,2.0444541168460386e-79,8.348569059483673e-13,6.240306015252091e-13,0.0021262175047717835,0.005013387649228923,1.7915077049429914e-185,2.6490722955117255e-43
sim_acct_0217,95.84189062094649,3.471747019056963,0.32958060666031896,0.4702480665236993,0.1358008801718682,0.00017363273157484696,1.0255618838381702e-08,1.8287543482815375e-08,6.546989230596602e-17,1.118334076294967e-16,0.0005549794321392438,1.963805431102189e-06,0.18408276678516136,9.283942589321765e-08,2.9561868221652906e-41,2.3365827551019536e-05,0.06119386985563848,2.46360507422829e-47,0.41927381082464643,0.00010344840868253115,0.00012592415392600066,6.149549446946613e-166,4.324539534009535e-73,0.000318108083282509,0.005379444921590465,0.002412385774309152,3.033748869933955e-22,2.2241122531731304e-30,0.0001196044666531472,9.130375618494502e-26,0.009589930031766903,6.971646097742737e-07,1.7739244758392296e-19,4.910293001009089e-08,9.486670404523615e-06,0.31663641057709596,1.8086771763571674e-14
sim_acct_0218,33.21829848190348,8.07519589398228,0.41541330636207724,0.5029068052041424,0.035426398515044644,7.897010405257918e-85,0.0032356905081466713,0.02343275934432072,0.0021678823896828783,2.2342363364100285e-10,4.41742044394322e-06,9.311017460638282e-69,0.039755998947885264,0.10793115878198555,2.908225681771546e-56,5.247359972363072e-19,7.926847169225109e-47,5.562152255657144e-55,0.13081864959347853,0.01126698630295393,8.481427608254942e-16,2.2616747849882014e-35,5.111453191697368e-12,0.11246759316512046,0.35438868003290636,0.1439282087499147,1.6994753760284834e-22,2.131484177861049e-19,5.287475948354173e-96,9.063087005831719e-68,0.06624518658375245,0.004356787950872017,3.5714834610711365e-33,3.8072447682027756e-59,4.2010835976597074e-35,4.639677990267405e-16,6.4688576032464514e-111
sim_acct_0219,4.388710718003331,47.98885822091615,0.47438103261509884,0.6176988327785964,0.067767732366472,0.024385185026289325,4.7563529220913994e-60,2.1660006539387663e-05,4.2709204288396826e-69,3.333850220672266e-07,2.9219415701319714e-37,0.00040905096959050765,2.3301544547839044e-09,2.8081589911429246e-15,4.905260157230264e-59,3.358656576747898e-14,2.909373834789375e-41,1.8159499256217358e-05,2.5021174906179146e-128,1.03436677030123e-74,1.681600064012099e-73,0.33719796108134176,1.015854007867082e-31,2.1192359614828847e-21,2.2222197010596593e-38,0.025106958664452624,3.41076289029969e-52,0.34458297243374675,3.1618171798081425e-47,1.5025426017012396e-28,0.26790876152166204,5.967630896543103e-11,4.3942650498799454e-188,2.6063095240024293e-05,0.00034289192699206943,2.311551394297598e-60,2.0146745009945168e-45
sim_acct_0220,89.96099548287589,3.5454146559592554,0.2918120970832944,0.5609159061328984,0.12254441143477705,0.00011605776993528923,1.9204856271232232e-15,0.01152741549306526,0.0017154016984431686,8.856707009712056e-95,0.0002493995891425706,0.006678583412285052,0.06369592211606201,1.9153256015086017e-178,0.009931195834238295,0.003413931148149828,0.0022212085051398333,1.1736942361625026e-82,0.8232455799796824,0.0005577558313359611,1.698408374244664e-05,3.346684743983478e-89,4.8072308767434725e-35,0.03188898892081877,0.00742763377415677,0.0001131909663305724,3.3569624336235844e-05,3.6881566302615553e-62,3.543143361659351e-34,1.3727666310848595e-31,0.010898200145213534,8.397615977453296e-15,2.306681396760002e-126,1.4691549069512658e-06,2.1071327562574727e-288,0.02626751195300455,3.289279518937338e-29
sim_acct_0221,39.5553159220047,6.939556239730047,0.37108197663094133,0.40251534417089724,0.0373992739991959,1.9035459674958318e-38,0.5664646212493134,6.949671340376902e-11,5.326459295133032e-05,3.058103899762502e-07,5.4637088996822515e-08,4.2724389363702886e-176,0.011108938478499723,0.19632132809337421,3.752522117481442e-52,1.62551161688423e-22,9.765499993512949e-59,6.377954256709252e-43,0.020017082680107285,0.01671137785834196,2.456839090416944e-06,0.0012342512720221227,4.138249525849889e-05,0.10207631227100489,0.03652092809331208,0.018123263053695996,4.192810617790223e-80,2.580261926379707e-19,4.942990249441034e-108,3.732927510912298e-38,0.03132442563042484,3.550003824303134e-33,2.381045923962375e-34,9.302682055028544e-53,2.9571710771621125e-23,6.875627456573893e-09,6.706505539017466e-87
sim_acct_0222,4.6403825710949675,62.16220117590199,0.6430194334803168,0.44268524369062734,0.08585741770308941,0.3360743193060342,6.512868390737356e-128,1.1121556107835051e-131,4.990995052804279e-25,5.844447112305937e-54,2.6434159109415715e-130,0.06177976598179147,4.35338866064623e-06,2.2200883238776382e-17,5.167553362499549e-61,1.1683175449629279e-27,3.065120901660377e-05,1.2540125829955273e-26,7.676927221164402e-08,6.019158317538386e-24,4.185005115725106e-132,0.2573987604446646,2.4095152315087794e-66,1.273064073677136e-35,5.401393788297397e-113,0.0344681280608504,4.510629353308973e-51,0.30992304592863934,6.682580875340951e-19,1.0010454474199699e-132,0.00024298969052671398,3.1577495959860974e-45,3.487837001791926e-94,7.156820571265292e-05,6.341014831257199e-06,2.057257722591281e-19,1.3328817490754403e-94
sim_acct_0223,77.60201090278318,2.5702530676246895,0.22617434888269533,0.533962391252409,0.13632696679356449,1.2667901547524293e-09,2.2385831494807148e-41,1.4171586750613615e-20,8.12643108307007e-26,1.3199626079634086e-08,7.010986990423963e-07,2.5847241728342104e-12,6.308097749369797e-07,1.919067390967319e-51,2.809380288908613e-50,0.0031931041215999354,0.005197385569226011,1.6801524087049909e-09,0.6066071841722399,0.012210399395102597,9.645140057901891e-12,1.7038920445005326e-28,5.829619509878701e-43,0.24834310597200104,1.1043125064878288e-05,3.735369961013235e-08,1.1184926953911363e-54,0.018022291131662847,1.9962974877327196e-27,0.0019598519088415626,0.007877817004937641,2.4062540860093416e-45,3.0549612099590455e-15,0.00019233269165536352,1.460522779087046e-75,0.09638409948647456,2.18466696171492e-13
sim_acct_0224,31.29492129274942,7.09010386326291,0.377809944737247,0.45000607834892997,0.03441944585111072,1.1867987880484358e-51,0.018729400167686396,1.1983066791136586e-07,0.002764392416055141,8.255936784491685e-81,0.0003731432276417526,1.206493779424815e-36,0.00025835889389965935,0.2998127952543555,7.126293355327138e-42,4.059632610124645e-69,8.032213580402681e-29,5.056015966309733e-89,0.11132683904012938,0.028924868580021853,9.869713473511523e-06,4.043727401066761e-10,1.5509528193189619e-07,0.3086682251829903,0.20259941838765078,0.026493900040024002,1.2647736078524788e-21,2.2979830924868107e-74,2.1853856337575475e-56,6.354879155655263e-26,3.851376571089348e-05,8.180448134697696e-36,3.818323826474167e-14,2.5403325324370568e-82,4.7258639862069684e-24,1.6844654263632819e-19,2.9555048219279097e-50
sim_acct_0225,6.3345758182579,62.470478225198185,0.4432328237828417,0.5303590575554546,0.06940682984280025,0.03634835707834855,2.2874129203975293e-14,8.49624930169279e-30,1.0471930224132517e-52,5.581122861162494e-42,2.1480572552743173e-77,0.012699118485641701,8.393894926825677e-22,0.02497133220854542,3.00004380502016e-135,0.00022587854129569595,2.42650400767417e-46,2.8823043197732734e-44,3.7140197465537677e-14,0.033815369994317786,4.101010372879911e-112,0.4166233346763304,0.01592184154869441,3.6432654418803255e-30,0.08146011726676068,0.18877574260255237,1.3036868097161817e-14,0.18408394573407708,1.3773269217798378e-71,3.079239860180621e-08,1.167572126595093e-09,2.0889341319504202e-33,9.05781167679191e-10,0.00022491420951120517,0.0048500147880838,1.1088916853306231e-97,1.6008164756135372e-14
sim_acct_0226,76.84265468629428,3.4489626744334467,0.35921430083330746,0.49429356713278894,0.1253402413739756,0.06594260406744873,0.00011026615496685501,2.4330203643027757e-05,5.12424072130222e-31,9.425113116553909e-35,1.4927133518698807e-28,1.145063821472717e-10,0.005402306190766376,1.6896252117800364e-79,1.8851400959353126e-76,0.15192287984343372,5.669673598187085e-05,9.409240894031143e-21,0.449618366108767,0.06650036096867976,9.245648087722924e-13,1.1598063864859065e-24,2.3409248847816704e-20,0.0004053214310114194,5.601031726121866e-07,1.5727998120208835e-11,5.110753698791777e-16,6.0655217325275245e-46,1.5935802897738076e-152,3.6684209072585615e-23,0.007276058121183223,2.312289449095873e-23,9.40132440723529e-106,9.724183530347546e-06,9.010929416943856e-09,0.25273051674532626,1.5571330378760104e-33
sim_acct_0227,35.03982652030043,7.000403832653209,0.4752807985893549,0.4132296929703933,0.03464903334140165,2.1686453871717395e-26,7.774143229263544e-05,2.1847783996401936e-21,9.975981002590587e-08,2.9254974811781534e-17,5.435876583889254e-05,2.2059414399746726e-135,0.0005813861537719281,0.06614246857369564,1.2551405620334417e-05,3.2083150903591604e-17,3.2855630251343114e-47,1.2030913574883058e-32,0.00897646504787619,0.11066112180139198,7.958274105000755e-11,5.283681946377633e-22,7.508164526781817e-26,0.12591474485634485,0.026355245325020947,0.20419193824508758,0.05863534622650947,7.869221179485729e-41,2.7484569590287335e-16,3.8291843721665596e-38,0.032540972305386384,9.734463713521887e-27,2.931504185933791e-112,4.9912532776595586e-12,8.8511229848627e-66,0.3658555600167788,1.6086526435665813e-53
sim_acct_0228,5.807842218176344,55.34366360616383,0.5174506826152697,0.5340585585519037,0.07039283277285627,0.23094831478449432,6.112981515579728e-24,0.00038814248277865897,6.285500961636765e-147,6.371879154637018e-41,0.0009186750789599861,0.034616295432913946,3.636812309243973e-13,1.489717263734097e-19,1.379436455867481e-24,7.050195142798255e-35,3.955629815849521e-37,7.72678816617784e-91,2.2500139011357088e-63,9.077791249958404e-21,1.338177185895262e-35,0.3341890737253763,2.619114533470301e-29,3.098090496313644e-37,2.088636742800138e-08,0.04541875031626895,5.368275949839205e-37,0.27401880688624286,2.8541720117875e-17,2.1556727923790697e-85,7.903036808793453e-07,1.3128688875022436e-68,3.3395379118458986e-17,0.05500542477621344,0.024495705326339365,2.654189852459026e-58,5.8462387970299066e-77
sim_acct_0229,95.81175408411116,3.058224491485655,0.30473394060841075,0.554637459504244,0.10888772547219679,3.502721518383723e-23,7.047557697828947e-53,2.0694586970785037e-14,4.9665263368979155e-15,1.967701720527599e-10,0.0033681473639098156,1.3430022116817704e-09,0.10755114162623712,2.5022674852184846e-121,5.341544165918943e-30,0.005295424006350185,0.0002443757382154411,1.818243297846001e-14,0.5702275654524809,0.00024194397130142628,0.005024426135865691,1.1574852874421114e-57,1.2324221029939636e-151,0.13292709791263457,7.592386492717104e-06,3.2781938032638853e-13,3.863093694821648e-26,9.124011136050809e-122,1.9533211587009053e-29,1.188519565491654e-118,0.015718247283913345,0.0015339351929611893,4.0975045891602676e-60,0.010821205261345706,1.201281784750815e-20,0.14703889612814797,5.16480489858138e-44
sim_acct_0230,29.031877160647685,5.771609012184574,0.41014420844361393,0.5544946114342796,0.03114899613604663,9.525048087314597e-19,0.08053992825628441,1.0723146355139294e-19,7.277821566916035e-05,1.56616600208493e-06,0.0009492003700082505,1.5367058237987378e-37,0.02027130857938394,0.5099284402241744,4.036230325049119e-09,3.6955541162231784e-79,8.087770666251808e-69,1.801337914532981e-53,0.022733196373293428,0.010522795998383364,2.4242015404938682e-21,9.72886811128592e-45,0.013424232076650316,0.22378189305384652,0.03687737815308414,0.019244312770425685,3.866957966071678e-48,2.765634989971774e-93,1.433547597282876e-43,2.074780065784871e-06,0.06165089094648459,1.3637192112141366e-14,5.254807799722671e-58,9.997975311914317e-70,2.518535077952739e-27,5.496696289698597e-55,3.4930968066736656e-26
sim_acct_0231,5.622048638022578,84.82492622013248,0.46155873565445243,0.41699964070434936,0.07677862985622083,0.0531224051025026,1.961636009046186e-13,5.1501628265492465e-121,7.382238938242321e-51,1.1331386469411404e-49,3.611798238724769e-18,2.8029749466096164e-06,5.190663437713538e-44,3.0719019670696755e-14,1.1394028707660852e-33,2.4250139219826903e-15,1.0891285744200178e-19,2.650941005378953e-24,4.9498273233404265e-42,0.0003201715049509078,9.233030348040904e-37,0.11515865642062106,1.1876293971680418e-134,5.8433313469900884e-21,5.635807094510684e-16,0.3775437103983255,1.3620611513940577e-37,0.32657628559401564,7.365160169803108e-10,1.178178520414853e-16,5.259193558634605e-22,1.803347386871006e-12,3.482157175179076e-88,0.00489842683539737,0.12237752933161239,3.86500017530143e-49,1.109907874912169e-08
sim_acct_0232,92.43168405513329,3.3614132355956468,0.2650612947827199,0.542099755228896,0.12755292608460705,1.146871413692292e-05,5.2596825631733386e-64,0.004702202031253925,0.0012480786161602213,5.612223544992263e-33,0.07363583721231162,1.3396820718808704e-06,0.005002645098550608,6.534471371783796e-142,1.1451140904811932e-54,0.015904259136541213,0.0008590069046540798,6.85949020528304e-19,0.5099600276456746,0.16444329284831458,0.0701348255004316,0.0023711568590815265,0.00029538871719872413,0.06544410929746566,0.0049764231658427265,1.2439556779703425e-09,5.327368355576264e-07,3.813134971559102e-25,4.516527060469764e-40,2.843606948972534e-76,0.06862575638469366,4.4927669948648063e-100,5.009929955142347e-64,0.004024057558727777,7.026710495279785e-06,0.008352563935600826,1.2957371568278185e-15
sim_acct_0233,33.305915650345,8.00735402258602,0.3832048507298997,0.5386663238360441,0.03282744289546419,4.716868199625022e-87,0.20997736602005815,2.3966929693898093e-09,3.8017988577915715e-21,5.541445131531058e-64,5.59397099253379e-05,9.952896354511533e-59,0.00015070686616151972,0.14337473654307767,5.2208697075042536e-64,4.4664958127844224e-13,3.3682764687065765e-10,4.816994505422289e-19,0.0022698549365218162,0.018188201613214282,2.8907638864290984e-27,3.3999979897889024e-15,1.1887874989152141e-18,0.28874208263674644,0.17201233173876948,0.010494672464990298,3.759023536962036e-104,1.630941648219005e-05,4.025303518016586e-55,6.575810125514213e-61,0.154715814104801,2.3197022006185778e-39,4.589325053356534e-52,1.0337138539629887e-28,6.098330642165426e-51,1.9812152812281822e-06,3.6025382970221546e-23
sim_acct_0234,7.391991365116375,55.05241166500758,0.48762135332751383,0.3938971904085867,0.08123935227055798,0.03116270954665297,1.2238459466332145e-45,5.006343530174878e-22,7.169114045693117e-24,2.288169841672314e-95,1.738938256670548e-39,0.02741948453809531,1.0975598919405556e-116,3.899712153087417e-18,4.610396051587116e-34,5.269750362353874e-77,2.4232716546486745e-99,2.7043137019625756e-37,1.8220082834795648e-16,2.0224935672476038e-50,6.952448551461643e-06,0.33998149729417193,2.001250547823212e-23,1.0142812676297933e-57,1.235671001988549e-31,0.06644872820662479,1.0000546349696629e-65,0.510165906893305,7.228870508830556e-06,1.8558046575182916e-21,2.1738990329519198e-20,0.00019280207637554557,6.266522790280167e-103,0.022877809665713098,0.0017368804600008019,1.8545492110681174e-49,4.461329720005262e-139
sim_acct_0235,104.26486123195211,3.317208836414306,0.3412440413903491,0.3926376513219619,0.11012228489781792,3.269925192380708e-15,3.338865945862266e-80,6.913869915094829e-05,1.856785720435323e-11,6.359310743008813e-12,0.00011305888264826553,0.04128271481833013,0.058947724328313085,1.2901937099513206e-69,9.217195425053883e-29,0.0024243525849259122,0.007014976416022444,1.8115765541132193e-74,0.6015799114499523,8.672009304353955e-07,1.1992254234273884e-06,6.648990674197146e-185,1.8681677938608628e-82,0.00992847078382284,0.17051475399467836,2.4714595172230818e-34,1.8937335247230433e-05,4.116938929173833e-35,3.829534454310249e-37,7.232452464024071e-21,0.06938999758852919,6.128131667543059e-23,0.0003159547096293786,0.014193840436532778,1.8851257540539565e-08,0.024204082669674876,9.463496063028128e-32
sim_acct_0236,34.7323339077221,7.785161251048079,0.37486774289247365,0.48282383274602353,0.03557268323737597,5.536573299819166e-15,0.2109178469403883,2.2885489469804558e-09,5.333744986821686e-06,8.366267967373943e-67,0.0036227678956035837,6.178435532264595e-45,0.049588268198723494,0.1418146291024831,1.194990937664466e-05,1.6000180219921403e-57,0.0008439827626585258,0.0002410287863279883,0.06121215191432478,0.008929288904497906,2.790489204869202e-29,1.6925100695557475e-60,9.250974837083237e-08,0.18348865462372319,0.2335345798220961,0.07125385976026447,1.6716927332643272e-34,6.472825640713268e-58,1.8755961419037603e-20,9.648811163520318e-17,0.033349539766740675,1.3315211270901398e-136,1.1813488770009945e-49,2.7030811208619314e-07,2.2098718751479333e-15,1.7326685011076628e-19,0.0011857527613872987
sim_acct_0237,7.1145323439940915,50.280142406811486,0.4896287463962147,0.4692901357729606,0.05709341467915296,0.016306452993651924,3.5684102446316434e-06,7.502154265683336e-52,3.82860978364742e-118,7.256671251660331e-125,4.616399813981283e-44,6.738181427867106e-05,2.151799109734616e-09,1.3263997216304822e-27,1.468330494563883e-102,6.426948102611199e-14,2.70914039881996e-17,0.000477411242048249,6.849972238314193e-50,9.153225692212328e-05,2.8469785450995376e-57,0.36131798073759874,4.7717547669572766e-91,6.590070536532118e-07,4.385684899491748e-125,0.09916369428111267,3.5429368428650826e-34,0.5015418880717757,1.1051606464549818e-48,0.0047233188440311295,4.960472369414377e-29,5.948612615958629e-40,0.005753476157834486,0.0051766694561668205,0.005374935611076188,3.7718709298595626e-33,1.0289643413895633e-06
sim_acct_0238,67.8454087331634,2.4502571146959893,0.2730286363105382,0.5720525828268518,0.15188065586348634,3.019700305265046e-11,1.1838948082867316e-21,2.50200775143421e-23,5.175350974441874e-08,1.567879919679192e-60,4.3356023683832855e-27,1.7270982775887267e-07,0.1044308819096511,7.234273013774544e-08,5.228552893632036e-05,0.06785652214936788,0.0005945182154410911,5.931777593437891e-17,0.4055463545541707,8.599630587760765e-08,0.006868846115684939,1.577779490875523e-28,1.852929806684249e-08,0.3541857503476084,9.038970052604293e-07,7.599594359606245e-29,2.3046859915357238e-29,0.007458217458861819,2.3442218717347795e-51,6.692907481805516e-05,0.00010655458614483109,4.222055009032935e-49,4.043960098764021e-28,1.1338942282546145e-07,1.517166330766535e-70,0.052831721411018086,7.451890995762314e-21
sim_acct_0239,32.762406066811465,9.018275202624599,0.3160180054238005,0.5635852035008879,0.028824043506435217,1.2076658125130774e-181,9.512195108037816e-05,4.383875327974114e-06,1.2173646205434956e-10,1.8274778059596713e-05,8.780864546790651e-07,1.7198792961715243e-36,0.02266215298964617,0.6246443884145649,5.558238436821182e-07,1.5077662392728687e-20,1.6292261904068056e-21,6.726577505726849e-70,0.0010167439165465306,0.04246541593225992,8.712627395032479e-57,9.66214635537276e-69,4.5864272235161816e-27,0.014592710064095455,0.15388425624097904,0.10657838333859855,3.619491158833581e-265,6.365210539167553e-06,1.5268218527130272e-105,7.052242136457857e-82,0.02771832809960285,5.382650563165966e-19,0.006312030360181249,1.0796468157804116e-08,4.274505254910215e-84,1.5162797526313418e-14,4.032044649050117e-102
sim_acct_0240,6.039451166549438,53.09125530739134,0.4559531940323589,0.6292087715664129,0.07333583753699385,0.1129176906504789,1.6857259874065465e-98,1.4378300783968606e-80,6.125088953108573e-26,8.65127041450819e-91,3.0021577044851584e-10,0.037205306555456945,1.768834797557683e-251,1.786203815409179e-13,2.3148987086069208e-08,2.07984612362454e-52,5.541359874677352e-68,3.78865742070388e-60,6.242931958187906e-63,9.665875190974269e-05,1.6381336697077675e-18,0.17588279496305412,0.010376069550161938,8.35560581249288e-33,9.323916931520032e-29,0.07190747796995561,1.14895639171918e-86,0.576809034454974,3.5733788489277077e-132,3.9976404949139237e-72,1.3834248970959254e-78,9.037668486440308e-146,1.2533341399451992e-96,0.00705751602573958,0.0077474276288876905,1.6425428289170386e-77,1.3454305645487832e-21
sim_acct_0241,82.38534899343558,3.0237672607171295,0.33662589851912583,0.46621117596951733,0.10925663848679874,8.279519391060893e-12,1.433257744323071e-16,0.0010192107834312623,6.153736574379856e-20,1.016298059896823e-27,0.0018597329249699435,5.023430867209559e-07,0.35800313687191454,3.6701090931121753e-39,3.4392023433117276e-49,0.011468351399270141,2.016644362077938e-05,3.169022679601831e-35,0.18336348314392012,0.0015258581116805254,0.03975826330616174,1.2880396775769568e-08,4.8196893264163754e-68,0.30427157221080375,6.539953480582284e-06,2.374755577227344e-06,2.6484959080926427e-13,1.3144936010581673e-24,1.0915909323162588e-82,1.3498232135303062e-91,0.061393055084908284,1.9857880624078555e-42,0.0065360754913330035,1.427825781883071e-09,8.1993649930979e-48,0.03077166285907455,1.7743011224378603e-27
sim_acct_0242,39.27819795812904,8.818517514904912,0.37344068693709703,0.4466167235497931,0.04374342122071104,1.3758037044567508e-06,0.12675689045044897,4.304352744198282e-34,1.1339122298410205e-13,4.270488992513878e-101,6.446715006826645e-47,0.002099301078342909,0.046124561685687515,0.1867783980736967,9.468467946908388e-07,4.361913311314891e-140,9.992192765964047e-29,8.404718268325256e-30,0.09103167301514209,0.0034409452430673713,2.5002473187141774e-16,8.00069081570821e-26,8.876814901586761e-12,0.25529221830651005,0.28838543578871817,8.565641291249412e-05,7.741003720094898e-67,2.7878949093984583e-31,8.143321844795998e-19,1.1871771415171067e-20,2.482798945014236e-06,4.2028542833057887e-22,1.1448217079877859e-07,4.868071079144002e-12,2.3747351093975094e-22,2.3130835596308412e-39,1.123391172528649e-37
sim_acct_0243,5.363159329834663,60.93427660541733,0.47117086470640784,0.6355481338838485,0.10463587538141018,0.3337644573281535,1.6671812570903389e-19,5.036039931817835e-61,7.010122481622838e-33,1.985831617638034e-11,9.448323576801745e-91,0.04574211567839339,8.39608100627073e-06,0.019260548560139253,0.00013406945474312996,3.274364848714628e-42,1.0944890044236907e-09,9.912866976264237e-63,0.00010281283842753492,2.2330895707679158e-27,0.053769668906877344,0.04738949722809682,2.565826663349936e-10,4.2684309302462515e-11,3.869028648583256e-23,0.09753482953801795,1.946476658669727e-21,0.34423294776847124,2.0252338876905497e-32,2.039087308486519e-46,6.606462164633319e-05,1.7451623261534398e-80,7.545918763244102e-08,0.03129895438269257,0.026695553651538258,4.764711567498302e-25,7.088994667315617e-09
sim_acct_0244,96.08760090792148,2.977979065250145,0.2987594474904657,0.46907375947995233,0.13155145291883646,1.2814168056027037e-13,9.131409501115806e-93,1.1227090047222267e-05,8.932143866615534e-14,4.868679913008052e-06,0.0003058022830835529,0.0543399476061166,0.11706193063701069,1.6171735548191084e-49,2.1710416489485148e-23,0.00018136897723748224,0.023930095341534105,1.354035123898454e-47,0.46842920966197604,0.0015776736554082927,2.7310094399493603e-07,1.3870250034579377e-48,7.378893885099365e-06,0.09981576686709226,0.09606764463211917,1.3989861085944813e-13,2.773849937593372e-25,1.4677653355364044e-32,2.771349986532602e-35,7.248298900400997e-64,0.006261217443311329,4.102479972428903e-13,8.297750182038172e-71,3.728771772746314e-17,9.530275619248196e-21,0.1320038536990551,1.741430498542013e-06
sim_acct_0245,39.162003431953636,8.024794302085475,0.3758928444841097,0.4784388856788908,0.0363845070870437,0.16751435795747643,0.03868716794505584,8.740474756662486e-10,0.15876851189626212,2.0768926695400554e-32,8.230133738479662e-12,5.256571966350128e-62,0.04367909513181329,0.16443886268421018,4.900475986655491e-80,4.7471773106502975e-60,4.448445939241406e-31,2.979601552505212e-156,0.0005150207779231499,0.011909088775563627,7.839626726390133e-17,0.024127317510194056,5.6489290159149135e-06,0.28213039154970077,0.04460934007521817,0.03224341174817556,1.6155131457231244e-26,1.370878892747136e-24,7.976182991892147e-17,2.783394767058049e-22,0.03137168090412705,1.0323298477628255e-07,2.1968772353524654e-16,1.1811752246866377e-15,3.0909529525267197e-17,2.685348180925694e-223,1.2760802811438554e-23
sim_acct_0246,4.627785936510741,64.79772094925441,0.4498923759114652,0.5552348035694132,0.07077713332365893,0.21201086764705804,3.3495843559205174e-10,2.574166665505581e-63,6.257174336272735e-27,5.857644674377364e-22,2.5125701419664527e-23,0.06948259481359416,3.7216179087763734e-36,2.102800512300549e-90,7.716355100467759e-109,1.7216156180989497e-21,8.30809409306689e-31,1.1850474150111451e-14,2.0228675528795265e-08,2.015786649891056e-69,4.0557965573258025e-14,0.17384607830772014,8.961580663017255e-64,8.17806646605609e-69,1.2873866559462176e-15,0.34898378735319563,0.002395154333559804,0.10229744315200287,2.3443416473185215e-76,3.3658088884954124e-31,4.713478435645492e-21,1.3040061477749339e-49,1.2916198235634544e-56,0.06597117038357857,0.0008415668788546927,3.976421592311948e-120,0.02417131656674832
sim_acct_0247,85.33482699204798,5.386279641430716,0.23964805615309942,0.541829139944952,0.17077568615168903,8.362705161439586e-08,9.041879908784932e-11,3.4353720397458697e-15,7.475020111247857e-15,7.417155112947648e-58,5.2823333994898385e-19,1.558457533121437e-16,0.028070674165957054,6.187141456238914e-50,6.932602785567425e-101,0.07200587634200968,0.0002410787168693999,1.4508599337558615e-58,0.5161179341659073,0.0011800687612883096,0.005261437833892632,1.0164749587904349e-05,2.4041071560523046e-29,0.021993410018557535,9.684242970114733e-06,0.003913542204463806,3.885354160950698e-18,1.40242351931196e-23,2.37866203956577e-21,2.7652563174138754e-37,0.04631751648316482,1.0288662725108044e-29,7.537433053102209e-11,1.4289354591547565e-06,3.892541734505967e-18,0.3048770995870165,7.799980420673143e-171
sim_acct_0248,44.98336065803933,6.785417820536103,0.36569385149448996,0.4820209384774164,0.03793057073038461,2.9457823530850496e-44,0.05547882247264505,0.018920089721066298,2.7044287797837842e-05,0.0,1.6981801179962788e-07,1.4381887067311798e-06,0.00485594500838076,0.22240418771873582,8.973037025155564e-60,7.54990592372608e-70,2.4350942294581383e-14,7.908938951118558e-56,0.00686965405849032,0.006224235418967698,7.615979963675844e-44,2.935078798859641e-14,4.7088686057951456e-17,0.15915798687606678,0.11838830682394845,0.07735806885811705,2.9886424019198434e-20,9.10698380874962e-60,1.5216390675830865e-37,1.3753577628135886e-79,0.3303140344743024,2.6589798831039695e-58,1.1321073642767615e-27,1.2558517694074173e-17,1.2877052931224939e-10,1.6145938858609867e-08,2.0784342005563985e-50
sim_acct_0249,5.988319153012742,46.265469687040614,0.46529957410968065,0.4626408739500322,0.08466638402990839,0.22051963908443778,9.126585452040735e-19,6.637118210661208e-08,5.093451437884573e-11,2.731372180158193e-57,1.0303299719255802e-25,0.13029744871796065,9.08077047201286e-48,7.589777401664173e-101,1.7915375673662358e-49,2.3167551890575485e-15,1.3335216343089055e-106,1.5439660102950473e-30,1.55504248919773e-61,7.061718847091751e-70,8.644034470462278e-33,0.21225489711875917,0.06075294332478778,5.518384694157646e-47,9.815284213792257e-11,0.04370307716287147,3.0132336031746427e-149,0.27909028270838204,1.6704606783258052e-13,1.1606778013491603e-12,0.019444330960290617,7.53915296910305e-49,5.3072573865393985e-20,0.019444954684783036,0.014492359716127886,3.8504404314309423e-69,6.083177493667397e-64
sim_acct_0250,87.28967288821764,3.018606250124299,0.25219296000279634,0.5366712588416074,0.15232422622588984,9.786871595542017e-24,6.523865800734205e-16,0.0024178469895329473,8.672030683893616e-22,1.9531178097540702e-66,1.2004629231648537e-11,0.0008652088372791809,0.27552136170902153,5.150231337065759e-30,3.9538094747474633e-07,0.013186012395484201,0.17386811110720124,2.1724896630495988e-36,0.37831804149112824,9.444913536428161e-05,2.299123833097254e-05,5.067084191760297e-17,3.8872384412813745e-42,0.00013792244096985548,0.04921445884428553,1.4282354087231203e-14,1.265592866977199e-17,9.354834813881422e-17,0.00019870253599029892,1.3396486375300655e-30,0.041278855019350316,1.336246953270426e-34,5.1327742968507033e-42,1.7777768066933465e-11,1.4910800311928692e-12,0.06487564284382533,1.0722974110397577e-24
sim_acct_0251,38.07248363584353,11.124792558298125,0.3573311984879423,0.5322730631771263,0.03107896055755381,4.612632611966724e-58,0.29411372204713976,2.8666226989782483e-07,6.334748058041451e-27,4.523972322685602e-78,0.14996717362518014,1.4746267706164887e-55,1.9285651666861553e-13,0.16197168609702256,1.2647100520929689e-36,5.6178093741019043e-36,1.3467713824574864e-80,4.274676719114672e-46,0.006148151639740628,1.352235114598542e-07,5.276863631145395e-12,3.8167554749906756e-27,8.27053740062527e-09,0.013010415421196403,0.3636443538547786,0.010946778990892476,4.252931772117e-32,1.7981298778303412e-18,5.765264048975257e-29,2.1000359783276064e-92,0.00011208171417560154,4.1407699978582224e-41,8.467264556336883e-05,6.488188038491132e-82,5.338025175610176e-07,5.938026475508063e-41,4.4420488655447714e-15
sim_acct_0252,6.252314381412314,59.93395797465672,0.49109712291372704,0.5189493301725994,0.058903231032979224,0.28514889802803484,1.9506937222290135e-57,4.03917330835711e-06,5.881411745009793e-26,2.1454576966282505e-21,3.3729143860215464e-38,0.22069284811951204,1.6973555567449196e-139,5.058014378326152e-32,6.28781524852506e-114,5.446123773495064e-35,1.2462683304222745e-12,1.8219870386630888e-44,7.203322265892855e-29,4.163874279210436e-118,1.8220131599511677e-92,0.10777959495044064,4.968563954507837e-12,2.899921185866116e-54,7.741102936332469e-134,0.10502923744811368,1.1898157469842384e-94,0.2362777861630973,1.761363242687511e-23,7.909271057684679e-10,6.922266405378143e-06,5.805830373800967e-11,5.500799465072253e-182,0.039356643750116556,0.00570402924577086,3.47196001996004e-55,2.6203888153144233e-64
sim_acct_0253,104.47838115951808,3.195883975839008,0.27930988086881225,0.41598375052162295,0.11002683282407023,9.665587991437501e-24,5.909870839371569e-13,0.018000180467989582,3.903005707045312e-20,3.828880242603556e-24,0.0022215086257542627,2.1313156016974005e-07,0.010821899933049467,0.00028330528800398045,4.8691876581403334e-39,0.04472036714868409,0.057304522720456386,1.0046248588469014e-24,0.28303707764126046,0.0009699689883629545,0.0009503794010555,1.6226624985899148e-41,1.2395783936923307e-16,0.04034000356953729,0.019458885041927283,0.0009435727583989051,9.410402862401862e-17,1.761907968457333e-68,0.016046207418776406,6.282475515092933e-10,0.32560579265457096,0.008723831684753939,2.740196789132889e-58,2.364476327740107e-17,0.00013589493952291458,0.17043638795744812,4.84669170274264e-14
sim_acct_0254,32.368170259741525,8.690452317974719,0.3500518124858321,0.513656718284082,0.041160723729998606,4.0246223594612e-25,0.12033100881865665,6.916370926327442e-17,1.412778464705636e-18,6.840493909187203e-19,3.016747103297518e-19,3.161994477565742e-23,0.1904359795192758,0.1678627083976684,1.3276202415653928e-164,7.063835656582583e-07,1.5291253380245265e-05,4.066661987541251e-33,0.013560445572469328,0.009341110937766331,2.2241301615990673e-12,3.376723219876866e-29,0.0003068815867868805,0.02433931731870675,0.2617896871185119,0.00021382261855591822,6.471716537744164e-40,2.5623962430500413e-54,0.0037330773813137636,8.73239154561724e-25,0.20798277882322438,1.3684723718488595e-87,7.470612611287693e-80,8.718384934774742e-05,4.4216569361694764e-16,1.3108734829079388e-14,4.1853257136900844e-10
sim_acct_0255,5.4023856777623225,52.60489382490949,0.4709784667042118,0.46530209033448916,0.0680221576689926,0.24023522136069092,1.5694475773435432e-82,4.6607305268996853e-17,0.027642733936883688,1.6615816425978213e-75,8.48262030299305e-80,0.30067886025839463,3.323245291497173e-33,1.7393293827012423e-44,6.763267703434102e-45,1.9700756580493834e-64,7.016041725659228e-20,4.6431505373937e-202,5.622721900117814e-29,2.474759266642334e-19,5.6744834798310225e-39,0.08203492061805609,1.9567757587577816e-09,3.262380595099291e-69,7.058142879202574e-07,0.006999458288319427,1.2872304874053873e-49,0.326806030143636,9.509788639406167e-06,8.470067509384726e-77,1.775452062838123e-08,1.0177967840404222e-90,3.6551142649896577e-37,0.00039304811063828283,0.015199491969157214,1.8573746264503833e-144,1.9912076325501235e-220
sim_acct_0256,92.40169263621671,3.5211007983711706,0.2717584269678134,0.5200177914756638,0.12610982686945782,3.250064555073983e-05,2.2367753693971276e-123,2.715525435684279e-05,4.318408758979347e-14,3.1926490326466413e-21,0.017917347144169978,0.0003924254350828648,0.03409109844654401,2.2807216480862663e-33,4.0592423067513625e-13,0.023516100974729746,0.10648225524834797,2.066769098009257e-14,0.4325147215889227,0.0032968386917096894,1.237125874707317e-05,8.174144721397561e-30,4.904488135712197e-14,0.02391870457160659,0.017965539500312797,6.268749672899874e-08,0.009019472084006434,2.060360542587585e-99,1.1848712348698409e-08,6.597834671235208e-09,0.04062166181359902,1.6070876553652637e-39,5.091043523088803e-28,9.72379198785106e-18,2.59794175738647e-36,0.2901917262077511,5.650549435145127e-51
sim_acct_0257,42.46571368646462,6.8769716212069225,0.3860277926754867,0.4835675139042924,0.04046704203516709,5.9735534218197716e-33,0.22996061432271983,1.755979892898547e-24,3.523863105802747e-23,3.368928437699063e-92,0.006280942729308661,2.806221302729983e-34,0.012756207596628629,0.11169081015674485,9.912223321258923e-31,7.970748256409253e-21,6.516522081664984e-14,2.541093288306188e-06,0.0006631033575950628,0.00228122963162535,2.0379870113777807e-06,4.353875983985354e-07,7.032140586245495e-18,0.3524714967556274,0.2671470998017534,0.01622103323152507,5.655957281710852e-35,1.7353672045377028e-63,7.847773860061165e-29,0.00035418722448679374,0.00016756366418051318,8.905574806844334e-82,6.970598415099047e-07,7.049425946541084e-20,3.2130145947915614e-167,1.2334208131541686e-65,1.131772903529304e-37
sim_acct_0258,7.963941987830377,75.11386973236463,0.49076680443564885,0.5295328721852591,0.08425887007728039,0.09478919402144433,6.206612008970914e-10,0.0019332529794671735,2.935207889969231e-10,6.391719724433029e-95,4.111323906477388e-83,0.015249656680378197,2.1396729710413143e-30,0.0005337024433864108,8.140512863715216e-25,1.918225328715862e-49,2.6961469542753374e-12,1.7086250670884302e-18,1.2152121267339148e-06,1.2559192862483884e-19,1.1171988775537329e-64,0.8098123003137898,9.372968314517847e-66,3.9584819331636453e-56,1.5466202220272608e-08,0.008727141400015683,2.0659983032264197e-63,0.06656184140718072,2.0927098316912584e-07,4.862364574611471e-75,4.12992466878474e-78,3.2449176946374773e-33,3.1162571203826664e-23,1.6632256858349903e-05,3.425381713333808e-06,9.361568855007158e-29,0.0023714122495756655
sim_acct_0259,76.25065823318916,3.519439718746156,0.24546118085418736,0.5537762554400592,0.12618566385336982,0.0012670626510861258,8.956587203183893e-44,0.0006029987565269753,6.524350252317355e-23,4.182787983752364e-07,2.8280849241055684e-14,0.00020227760996514895,0.168031260684548,9.662483524623159e-24,4.3890633294248287e-54,0.27410085240475807,9.224604128598914e-06,0.0002542593493799793,0.2519145073134503,0.21079101970789424,0.02008371464451851,1.466046552163204e-21,1.4197443663172012e-13,0.030482368773950094,8.556129156157465e-06,3.434035408594524e-13,0.02040637862384105,1.6060710166745277e-18,4.197149038502944e-15,3.234828633351676e-07,0.004871678158750092,4.8043061262431786e-45,6.465208712055347e-51,9.578373351754126e-09,8.157165111051491e-07,0.01697226954613973,3.984842694393293e-09
sim_acct_0260,37.60387528294427,7.514841998145003,0.38904707909394715,0.44269131999635264,0.0427029538554436,2.482818044057729e-36,0.01485496369679084,2.431375234015224e-05,2.4547238879974464e-06,7.574940546970434e-41,0.005362974799170126,2.5019285149782437e-40,0.0034775234959799344,0.26531198193739564,6.417865369577127e-12,2.723846825116313e-136,4.2854004438695076e-20,6.324916889030832e-20,7.45256517437602e-05,0.00045464762757278305,1.2252030971427935e-08,7.575654879568955e-94,0.0017188339644608661,0.1694219301125312,0.22371426021661087,0.03663683753172545,3.323561307267089e-18,2.160725622399432e-24,5.642800170446999e-66,5.107732533524711e-06,0.27893963249880793,6.156640620979338e-102,1.529733983803225e-214,2.8727170176911714e-18,9.700991099381632e-82,1.2437187305417501e-83,1.9382661433532525e-19
sim_acct_0261,5.848117247980634,58.62328487082947,0.41386141402864113,0.5575931883049183,0.07618024100967706,0.17576797422570997,2.676909832293541e-33,3.8869442236965403e-38,1.148741553695023e-43,3.486339765022662e-34,2.921558194354954e-17,0.24349464889785677,6.512491737845123e-31,3.0365066320981706e-17,1.2787995648145834e-06,0.04048332592739865,6.517786032125949e-35,7.157675273234983e-14,1.634794081958936e-29,1.1982365194346383e-62,1.7323097111149603e-22,0.22468917869178526,0.02439266916891666,2.5060362026092868e-05,5.733322569702769e-18,0.12262278996251631,3.9283783403844025e-54,0.10692805810893685,3.272641124648655e-40,8.583501812311429e-10,5.810258592446709e-25,1.2332227705289164e-20,1.0297605021635113e-20,1.478072345958708e-05,0.06116918659526039,6.939175002907644e-152,0.00041104767814658934
sim_acct_0262,85.85583508702254,3.244037421925111,0.20508178631881938,0.4723745714050999,0.16477758531998343,1.4138994505682724e-07,3.4867990987100653e-06,9.685678393033962e-05,1.9669460725612169e-35,0.0006927083957364056,1.2317863693966435e-08,0.10646941476481858,0.011796269246439195,1.6461012882698827e-58,4.1111466346128175e-41,8.37161449109393e-06,0.012055923972588482,6.779618279162694e-58,0.42735232678946217,9.81636242305978e-05,0.003538830996411575,1.013902911294855e-10,2.629301137467953e-22,0.045646048644573396,0.05439531460545894,7.057818747687105e-09,4.761651365169202e-16,5.37934214203791e-38,3.132850981567212e-195,1.768632588256563e-67,0.06574796182780449,1.565522203986583e-97,5.155354950652498e-284,0.008643885414893962,5.7145660696784754e-09,0.2634542699384777,3.0532849392301307e-33
sim_acct_0263,62.46459236675754,5.901485060068136,0.2855447731834951,0.5956159922540981,0.044557827037783534,4.1550444647407793e-42,0.0012541139395099929,3.1266094675463394e-22,0.018753230733771532,1.0513757418127805e-210,1.058030911282122e-34,3.423602927025907e-31,0.002596113537237622,0.3200874112643237,1.83253490752383e-17,1.1495718589342845e-31,7.641515594660593e-76,8.403833369148277e-106,0.0006877645447775309,0.001222666929342032,8.199631845346915e-09,3.9588765743102265e-32,0.008797323594430409,0.34779255486591043,0.29053346876137515,0.0004625286166250064,1.187317689065317e-27,0.0013738261538987137,5.801497045379906e-27,2.8626731966338596e-26,0.002411232584895812,1.152272384921183e-91,0.002044287388371529,1.5770852687689003e-36,1.9255003858325732e-29,0.0019834688858984526,6.346395787127699e-46
sim_acct_0264,7.239172567187385,52.17491112476009,0.4794744299712288,0.5320270999719682,0.07610022995747598,0.06529305234775361,4.304805944149683e-74,4.0854920270025875e-151,1.6374083913777373e-132,1.176838958460556e-11,3.012717366297971e-11,0.031504526470816946,5.751613716285626e-17,1.6926751005151286e-16,7.342099601991436e-74,1.8099388785101114e-33,3.730699547952289e-108,7.063935897484239e-53,1.675520922822182e-30,7.902532817824435e-07,9.800098666342126e-83,0.13154868722622953,0.011242965757167362,7.302476863844812e-41,4.579133391169137e-36,0.4814580397045887,1.6272016852587806e-20,0.22799081161476673,1.0752990322838922e-121,6.312319430324711e-86,3.05610627378284e-157,0.048500347873671794,7.504536175635917e-15,0.0007775519045289466,0.0016832268052912845,8.656171099085992e-35,3.410134197868115e-69
sim_acct_0265,81.93408849413295,3.1314572384979944,0.3247334882432371,0.48729061704433785,0.13358036537382612,7.265468284297218e-06,3.1701240074838675e-06,0.054247079795939394,1.538435066936793e-07,1.9658505086819896e-10,0.008932618318124056,3.5766504346688936e-10,0.12441998044053798,4.910966841444659e-103,1.5066431704677427e-12,0.3249357338972326,4.072512630705306e-06,1.3282599123569442e-185,0.2188800220778629,4.663468334898411e-05,0.00016437697784308313,1.6401653864198825e-55,2.738092078779242e-21,0.00011036160099325828,0.0006964001177768653,3.655869765813898e-07,6.460351907427484e-40,1.2594011396199884e-53,1.7093314991536545e-45,1.750398274857854e-120,0.013835190864479582,8.955441874948244e-55,3.8602187657360905e-27,2.2850384815917184e-11,2.8061735927890687e-52,0.2537165435262742,2.9585574503796795e-08
sim_acct_0266,30.938493195174413,5.93514131817707,0.3873862878468018,0.4508354137820764,0.036799053120977254,9.799647116298202e-20,0.00039771538597111996,4.656685478532479e-18,1.4133801032810733e-06,2.5271817608717116e-32,0.1486478631222711,6.927095604652014e-146,0.06150153579374173,0.21484413326694884,5.477807353542586e-22,6.441376605361935e-44,2.1898606599736474e-100,0.00031038723608351864,0.0038833072232049267,9.627646400613878e-05,1.3667879515034876e-13,7.51256105653699e-73,2.779867191256885e-07,0.41407527562161633,0.12091941948951632,0.03505244262441961,1.7031832306635872e-08,4.457507836103441e-33,5.20362463175067e-06,2.158294424701407e-71,9.913843102629984e-05,1.7660226503029283e-58,4.3427341834263955e-23,1.6852546309711192e-07,6.290512946810213e-23,0.0001654247923080152,2.360480376891663e-25
sim_acct_0267,4.990192350151946,52.218535763965015,0.528200550144628,0.5867149097016894,0.08753889356819888,0.12639216073048748,1.8752222361191488e-05,4.2830470565417164e-156,6.100173996899845e-20,1.334202652635754e-07,7.218067544272512e-98,0.056005631423628466,3.267287672034351e-08,0.004038591871844937,0.0986751090164457,1.0359167925753783e-48,2.9209357797860196e-07,3.569018075314371e-28,1.4189237251157296e-51,9.998196127028705e-13,6.57214526619205e-14,0.22912227360435114,1.2841311907155835e-16,1.5099591235425934e-57,1.842567572824359e-10,0.07435004385063347,4.6206366192119844e-76,0.3017065460829254,7.173632672301389e-41,2.402790313852012e-20,5.603172710638251e-17,7.730040702987846e-11,3.883905542089083e-73,0.10479887644852175,0.0048915562994577,4.658212292244663e-21,3.158702408488337e-36
sim_acct_0268,93.46567438284004,2.770906747316207,0.27223023196596996,0.4818788751970781,0.13218766429926493,3.677353652836235e-07,8.875733166652267e-75,2.3652158461045134e-17,2.243779114097226e-43,1.8715198061785153e-76,0.06251056140636037,0.002183235006823871,0.02615043394836077,5.495734446954979e-29,2.4446386181920124e-62,7.819334103306792e-05,0.07522598653348235,3.098103205816302e-83,0.4846101943769377,0.011977870889999798,0.058651751148025476,1.009152126601532e-50,4.594352470149713e-16,0.03602363888308554,0.006796784959373458,2.2543734900045957e-07,0.2047179257546864,4.391610091551182e-100,1.4754099230478821e-64,3.619812647088935e-18,0.01006493677675009,3.590646010387029e-20,5.11289484170324e-218,2.5713450078882537e-13,6.41763014156893e-38,0.021007893802109177,6.004106673863414e-19
sim_acct_0269,37.53786265408296,6.636118202434866,0.4183675074393295,0.4944390585511338,0.033983117232391405,2.5172696710715845e-87,0.06271151092133394,1.2630012018798621e-12,0.003965178872649787,4.6302964983731935e-21,0.008672154788414276,7.914163531903137e-32,0.06427060532317169,0.0762309315288371,7.722701387475643e-50,6.246082721065248e-42,5.028595742788952e-09,7.273587900862939e-47,0.001786440663989785,0.026641328743857284,4.913362375135318e-22,5.571483833920208e-38,1.244372245759156e-06,0.13065612427074036,0.21327762683521012,0.36629646684004175,6.757444106013949e-25,6.675502779801028e-17,7.084161502166951e-18,9.961397819065184e-28,0.045482834224128445,1.1444553353216905e-09,1.1945518599004277e-06,6.063146378556754e-06,3.018977143705005e-08,2.585530559124592e-07,2.3130198110057365e-147
sim_acct_0270,5.590352696752501,65.81065826858556,0.461761066615383,0.5263638889989833,0.0777627150548058,0.10801754042813266,0.00017428814372287167,0.0013690931809677241,1.5697913509901964e-42,5.66216542478559e-35,3.330795470206853e-07,0.0943495937993838,1.4293150372485802e-80,3.9193863198445534e-14,1.2161219485659647e-35,3.6273869024001662e-06,1.0032532206721687e-59,1.2607505410518848e-81,4.14579248142869e-11,3.6128844837666505e-49,6.609611807906632e-38,0.15216765913619756,9.902425402187625e-21,1.5998972473313634e-62,1.2100957485041747e-08,0.3041391238095784,1.329317107457605e-08,0.14861700943605394,2.84395290025026e-27,4.791084629042213e-99,1.0236643373254962e-15,6.24493870018556e-44,4.6767819591676037e-32,0.03113229336910366,5.69101690247664e-05,4.739940784257143e-16,0.15997250262575802
sim_acct_0271,119.09871622179885,4.037926562758459,0.24873440150327067,0.40564117191715204,0.1135005280660563,1.4116222275575654e-06,2.2292088937059768e-41,2.7008802710506835e-11,2.4317970299783382e-14,1.4164243227973517e-29,9.813475581539216e-24,2.307936693867068e-05,0.10726413131313595,1.5119846951700089e-111,1.3684174789122242e-87,0.10671766657192062,0.0019636201484715234,4.834969100156361e-43,0.35476797092550033,7.542806932213598e-06,0.04343311387562302,1.6033680959292692e-64,0.0015146271805114794,0.16141440722829023,0.20716159089233097,2.966966408933712e-08,1.2007036730884582e-19,2.55988743666321e-48,5.77304141293974e-96,3.087257413313665e-72,0.0018431932725318171,2.04489652709195e-27,5.602541727164185e-37,9.86569433966998e-22,8.38994498122236e-06,0.01387828879734577,9.363565612487181e-07
sim_acct_0272,39.62570798537752,7.420416020132935,0.4380872879625174,0.534113018524612,0.03890939268667781,2.825922935842574e-35,0.07488990150912318,2.4878015530471867e-06,0.00015432879799487075,8.707994928276729e-12,0.002801222995487398,8.350953343608894e-21,0.0014072873928238105,0.16506096536920345,2.034798640378698e-97,5.1906413900966505e-96,7.414484963794948e-42,8.572601886118262e-07,0.18493170272291162,0.07509036820058305,0.0006127314469334836,2.6133483397584737e-47,0.10312889028638642,0.053641181152888504,0.23628028461445147,0.10197069362930111,3.580077326377574e-12,2.0674807490583375e-18,8.950383620581141e-193,1.709298177864615e-07,2.6925877519426014e-05,1.6688004043583876e-14,3.383274872539527e-120,4.705664928328665e-25,5.934080044808451e-16,5.272837409927161e-13,2.0119367367444374e-80
sim_acct_0273,4.95353793945652,48.99811334300544,0.4045852274740296,0.42890610664250045,0.06922993465378793,0.20681918119911222,2.6667479594040614e-47,3.196504123678996e-16,4.895147528452439e-45,4.40721916562835e-137,7.544139764648669e-09,0.04940111882865264,1.1636749165633562e-86,4.538402027491509e-15,2.72819397149346e-10,1.0312586411533817e-15,3.689094710965447e-51,3.596069235862559e-69,5.200556413245406e-44,3.0661677271881666e-114,1.3426963417520418e-38,0.22867619216826185,2.201130374102419e-81,5.792278146436582e-38,9.403429517511124e-31,0.10035698981678334,1.7353884661581394e-33,0.38602209612047267,5.6585012810099496e-08,3.4506696180791436e-126,6.277737589810743e-30,0.0008163640671191902,7.088714234226356e-36,0.012368479958078741,0.001363573212920164,0.014175940226621242,5.3813283736494766e-52
sim_acct_0274,89.0149876756894,3.1070494367752235,0.24939782433187735,0.4629763045400053,0.1286845778879853,9.611016842570176e-09,2.1294261636200744e-16,6.109241678683356e-10,9.984025573284504e-70,3.2966846656487495e-05,0.03844478864080354,3.5443579863695866e-07,0.00012269535311410163,3.849187959450038e-96,3.4455050197769335e-07,5.4099827454807504e-09,0.0020572596155175615,0.006147641076809278,0.6482193859240692,0.0006684516122295855,0.008675309097928982,0.03915358963361986,5.382719110644338e-16,0.0003595803990376589,0.06976268877281314,3.7746461223922163e-07,3.304315959472755e-45,5.151677116848743e-35,8.304114275074965e-08,1.6694379457742978e-24,0.0012608293870953245,0.00019527859435617025,1.3841749692942398e-05,9.16664036613867e-14,1.389459896286514e-29,0.1848845181721845,6.9238751634762215e-53
sim_acct_0275,34.56460031920522,5.912298006196871,0.38978685471089286,0.5142074906462697,0.03143390128101249,2.205422730051593e-116,0.0047507239544712695,1.1011236759615545e-18,4.660231893967096e-24,0.0023334706141825085,0.1029854776536028,1.185783239172608e-74,0.003127501761430894,0.2196470882975254,1.2417786265116922e-07,2.2938885727131585e-16,1.4182404536308126e-56,5.519738914057421e-19,0.03010792579570195,0.5135450873227768,1.6597676027860466e-19,1.4287928696256147e-08,9.628948770406593e-05,0.08638696317814093,0.026470030257208902,0.004441097152935013,4.484822504134342e-37,1.602727642526565e-19,2.694241111863912e-142,6.359444989220274e-26,0.006047050074543003,6.115598398484472e-05,3.556987599780521e-69,2.6016159864844307e-50,1.4439618699771086e-60,2.3060607102794816e-26,3.7221781731259347e-90
sim_acct_0276,6.978483674637815,59.02340237747168,0.49112051213500296,0.4776948195515041,0.06997852114713868,0.06617611812192462,1.637521524910652e-45,1.7009042922799539e-07,9.86322684580826e-18,7.10516523435263e-86,1.0795944424918885e-36,0.019196595376079276,2.7692086053723913e-30,8.167802997624796e-09,5.372291459161879e-54,0.00163282302377907,1.851967645280864e-21,8.952883727504797e-91,1.9180178071182284e-06,1.8063741065388315e-63,1.7628266282658904e-11,0.11905282647621002,2.593213049763374e-86,3.614893192739071e-33,1.2215416109069355e-22,0.2743581970975317,0.0009872768235329138,0.5089664871943868,1.0690290686168624e-39,4.756951131566144e-05,1.6099488996769632e-64,1.783546202809934e-19,2.926197433248641e-19,0.0007906622522415892,0.008789347829330682,4.606369083833785e-93,5.420837095509579e-19
sim_acct_0277,95.7366209931334,3.6522816419302213,0.26869851498364333,0.4293894201664206,0.16821435714458893,9.09817979845706e-14,7.216286620084734e-05,6.29912923274419e-12,8.488481415824378e-35,4.320626782768391e-21,1.1473599091945257e-05,1.2791193107402438e-06,0.16595562970605482,1.238182234070928e-11,6.626543111749279e-52,0.05045873160135169,0.07307143795723292,2.589530471933789e-10,0.5907305516375486,8.950733698938904e-09,1.6894665842476932e-06,3.7299063108936447e-115,0.0011856050999251677,0.0008457570929388797,7.86797541719957e-05,0.025154563650763004,7.0236097230960355e-06,2.78682573109397e-48,1.1690676592190214e-74,3.972536041941834e-12,0.04828275544690712,1.0056075948892138e-48,7.086219041472841e-18,0.0026721345570668185,6.136320621276217e-82,0.04147051556536434,3.7332840319773627e-11
sim_acct_0278,38.14517951251906,9.111012419138861,0.406990793037686,0.5049130700149985,0.03507688635703121,1.3089268442507656e-48,0.045472238311752,8.292741757598158e-05,0.00032193596544683476,8.162228956527413e-32,1.567589890886106e-08,4.288605694786009e-08,0.026120585691774285,0.4400169178711566,1.4611284838093222e-42,3.7063208502887837e-174,1.7560947125080145e-29,0.03072106164386076,0.0015574229367411683,0.005766449799999503,4.850320031154607e-06,7.424419273153026e-36,0.00014976551209345488,0.18989720897875387,0.11926030761941706,6.16843432327721e-05,2.0311344557837376e-108,2.4717699496164236e-33,2.861220159469889e-30,3.3948945831168724e-23,0.14056658502610175,1.7221246276126683e-26,1.8440380557071854e-47,9.753616368570914e-115,7.526180797484128e-23,4.8358783445895915e-14,5.856756180866911e-14
sim_acct_0279,5.129392365519113,65.36670519886403,0.46506784176175164,0.5354897954214033,0.07781161483349452,0.6204903239433022,4.478070204308209e-50,2.149840459398257e-26,2.0545613414831374e-29,1.4050986493450092e-31,0.019942523119992395,0.13088240254272615,2.2208811454679764e-12,2.9184372007739596e-15,3.9955951916388043e-16,1.5431481854867987e-96,1.2301398431253532e-89,1.9919031725904927e-05,7.267346450324306e-57,1.0329460977018086e-116,5.031886043603301e-80,0.0749407885391204,4.959410211265894e-19,3.5803718191564115e-58,5.937758707862872e-73,0.11333679397650415,4.435121489715307e-29,0.02892383006331077,1.9400031827051815e-34,1.526197228389988e-46,1.2876538578200847e-108,2.6030940771796325e-20,0.0004020391619859595,0.0028458171705185702,0.008215560940805855,1.507783790018242e-09,1.0520823126409778e-64
sim_acct_0280,95.93848102630861,3.3240899390187817,0.2832640772126306,0.5493944588440219,0.12073041187327088,2.3564135344873784e-05,4.293259073193692e-23,3.876930755793032e-06,8.094306653346806e-08,1.081076663643899e-43,0.00036220435145374466,2.8530016194572017e-07,0.18565142209475421,1.275250910685164e-12,1.868509834089899e-34,0.0060631755228215305,0.004710536626162233,1.2098175664761221e-33,0.46590623107138296,0.0003255218485293895,0.032480497531207506,0.0003933766069868425,6.363408759856919e-57,0.04237789149143433,0.05010762387405426,0.03217544587113502,2.8710955134473237e-05,0.0010966014670299796,4.834938111400259e-23,3.010328505816155e-110,0.04787667735065379,3.1257901486373645e-11,2.3537059103110118e-60,3.383245910721714e-05,7.264234360402138e-30,0.0977046328021558,0.03267781073413433
sim_acct_0281,43.102815078664165,7.356796097343808,0.4023973012517664,0.764667432593781,0.03976121708957342,6.3148828801795066e-220,0.004588108726953634,6.252164391368163e-15,3.5911090877748245e-44,1.654607707785382e-09,1.4015510978510839e-06,5.1274084701479817e-11,0.09088328956580281,0.060997988552213965,3.6917003176594954e-93,1.3897965390430589e-92,3.5297146787180076e-37,3.1349679467541967e-24,0.048412510819030606,0.14908026280175368,5.483772526868287e-05,3.971096774695508e-24,2.6128793892066187e-10,0.017637112520236847,0.2047619998346422,0.39618047329712563,4.1559055080283676e-17,3.5242166988620096e-56,1.273778859447916e-73,3.3954916008281234e-47,0.027401526485314222,6.770839397171814e-31,2.540862193784333e-207,1.944373790424425e-13,3.0768419396483607e-28,4.861531892867545e-07,2.4624867185378056e-105
sim_acct_0282,5.512570337865358,49.28520531043864,0.4283522309703657,0.4952350821286507,0.0932362152117619,0.06193777939681634,1.2841336701025223e-21,3.4160359280136407e-28,3.0322418279013077e-62,2.108106524100338e-106,6.851646087473821e-09,0.03835501438478911,4.0047156057311455e-24,5.66666759268149e-26,1.3274127916748623e-64,3.0472278324491857e-43,1.850287710847158e-07,1.6531825685342423e-55,5.993146760403134e-68,1.7125987705177754e-32,1.0788349205670484e-37,0.24791406095448473,7.710238990386039e-91,6.524260157124336e-80,4.515976696133487e-09,0.20752436051121606,1.5553676519893017e-19,0.4397501418434883,4.4953326434516206e-17,1.273959432083297e-52,3.8398481457253693e-16,5.4331955910755836e-80,1.1354015915875452e-52,1.0534363201847429e-05,0.004507912149609426,6.002853545603527e-40,5.7340294692895155e-18
sim_acct_0283,79.98263234323787,3.160635080418457,0.28317065767303196,0.4009422045515336,0.12439839689839788,1.9184403036911424e-08,1.2336440931212364e-45,0.04352779495556304,2.267899129122063e-18,7.706401273093972e-11,2.9021205775688713e-06,0.21154154402830355,0.025051960285333418,2.3657009293888608e-40,2.4452042551161705e-66,0.0034380466604270635,4.4849798257952644e-08,7.67393682847257e-72,0.4572101182228662,6.764943053025657e-09,0.001128736115676446,3.178945938005743e-07,1.7147937444831174e-33,0.07114301792097544,0.004682614140448708,0.008830850240536718,2.3360798397518972e-15,4.2231022857285074e-27,8.428060304769794e-35,6.311204960158785e-37,0.00014284956191282366,0.02227846929194415,1.3278318057345943e-36,8.823329687979476e-20,1.0445735750380706e-164,0.15102070768463033,1.7665280177131835e-32
sim_acct_0284,33.63765659713913,7.617457393711539,0.36312668400473913,0.45799941706149266,0.03345631840925752,2.221948596899841e-31,0.0011365567639446891,5.96525637242468e-14,4.046809636463731e-08,4.332951291660837e-15,5.214575402587561e-09,2.610320209487983e-06,0.09923508304094238,0.200356251609585,7.7514642497412355e-50,1.3144542989505571e-110,9.019078646669664e-105,6.975110601900163e-65,0.1340075758607547,0.09835920835816697,0.005785126663871268,1.4812647147500842e-14,4.806088445105498e-08,0.08809928560837478,0.1299671523921934,0.005308724321079629,1.818809050653989e-17,2.0237409936218617e-32,7.551602811662916e-26,2.6608804439388323e-08,0.237742304706377,2.0613459612864093e-12,1.7779837202249037e-45,5.929648468966676e-22,3.7811554920803524e-33,2.7558558617107416e-32,2.9012416947920765e-68
sim_acct_0285,6.206679247348459,47.940225686240645,0.5052653150238463,0.45040408624520595,0.06767863107953569,0.19470693682236948,4.237988814002778e-34,2.636311183434263e-11,9.299670739493124e-33,1.3510657819391286e-22,9.028223037791214e-19,0.00017339436717371087,2.6162331873574405e-09,3.2293739448457216e-43,0.048712824366446486,5.724145148972236e-46,6.019612015579551e-20,1.2792035714165253e-34,3.1409130334817946e-18,8.279888277019956e-79,2.1995854118180303e-46,0.28876776707533314,3.8467527519625384e-43,6.423496452509723e-53,4.711764981900857e-37,0.015547458288511987,2.195792092042782e-09,0.39238704640083577,4.328670117861721e-112,9.194777569326718e-11,1.2368208681217675e-47,2.5788681063516908e-37,8.089587947938776e-34,0.059157722017155634,0.000543018238502717,1.1692499741796052e-84,3.827493334770951e-06
sim_acct_0286,86.50993577223188,2.8160353420820976,0.3066758008517922,0.4470341575859731,0.13689616313933634,1.1247836647444804e-24,2.0543806726105481e-16,0.0011094010944956614,4.7853594101276475e-19,3.738712697037551e-139,0.00014541484267945143,6.801364401691227e-07,0.01730427127403652,6.452803275886744e-25,0.04238747569546368,0.03954852618914882,0.1313937835559682,3.776474080386029e-121,0.40567825101195315,0.035494062033561743,0.09049366246170262,3.7030224130018354e-71,4.3780777738116394e-16,0.0023719284211418407,0.024006560280311822,0.19956687067653295,1.673580522293026e-07,7.895219843022123e-65,3.066912999897176e-10,4.739870614854449e-43,0.010151139125474983,7.539954140211414e-20,1.6111196134589833e-45,5.578906314947879e-26,6.4990499031080146e-24,0.00034780553634419255,5.1182567016110295e-23
sim_acct_0287,26.097386095622394,6.674342604365932,0.35626012975178045,0.33948349572166153,0.033019906053236764,6.488117260470775e-27,0.060678131072476015,9.397853037896459e-18,8.386679484855113e-06,6.384210103673421e-07,5.2697249668732506e-09,1.2716491350193915e-74,0.10161747254096913,0.4467682109944633,4.09670873229668e-96,1.924555045128956e-48,7.492988019106445e-168,5.283586759142006e-54,0.1547703253009252,0.004479415431133095,3.3182132556462197e-28,4.024179736580253e-46,1.6877338218982216e-20,0.0033614788710486067,0.22491447061750963,0.0012366271742759725,2.644188231979866e-35,1.9629442938699125e-09,6.441696982406833e-71,6.5732321672188816e-24,0.002164835664034617,2.056836147301044e-48,6.40658716602964e-49,1.989255499468697e-21,2.248765829116426e-64,2.198862260381313e-32,1.3504437345648916e-75
sim_acct_0288,5.935267116166596,64.95648357370312,0.5148198364432122,0.4683267575476577,0.07206031512098934,0.08564549420973638,3.7010236629409406e-05,9.341588083122822e-44,5.0003368462855304e-65,2.4759501970017535e-06,2.3057386778500806e-72,0.03245139004734672,2.0149623617328042e-14,9.037124489379164e-29,2.981673803511803e-08,4.537399429876422e-07,4.7249738873107e-20,1.7601917313428017e-65,4.4336000174892073e-17,7.547261820929548e-101,3.114804719860723e-28,0.10262419053659855,9.205183333438122e-122,1.7732095007756854e-21,1.0835739987898552e-51,0.05537342973042119,1.8000165688789035e-29,0.6856847000594123,2.0068814011690373e-06,6.268490038148414e-18,1.1868052858312885e-10,2.210987514244611e-75,1.708860774815509e-06,0.001635424473764595,0.03654168533833604,1.0028598193668534e-46,2.106214490400273e-20
sim_acct_0289,88.20518625844133,3.3172666775102,0.2261948290379257,0.4834332327044382,0.11681351115237201,0.00021107303111855873,2.281412404331111e-152,0.12651072115586193,4.917591633000299e-09,8.991903816029945e-84,2.2178497569252003e-12,2.3865658421965873e-13,0.018807039246795682,5.137470312591165e-99,2.895899717693202e-07,0.04423584638130186,0.008255989774493667,3.828187739233912e-76,0.4064682844367763,0.0002358801237158725,3.965405608303233e-05,3.3225186639156147e-26,2.9171949466481865e-51,0.15411749103957123,2.468202059077436e-06,2.8829627436310165e-61,6.375586751980926e-23,1.803922127225139e-05,6.955207205882262e-11,3.685883385295753e-21,0.01765703766986525,5.517507546374437e-206,5.253878730571929e-31,8.337395217393466e-07,2.605315776650126e-87,0.2234393473419914,5.85935803943934e-60
sim_acct_0290,40.4439171530804,7.3428945493326685,0.39328018682892696,0.47376579137813274,0.031861425358083804,4.0126071481181836e-140,0.06823485232522543,0.00025401399643575073,1.138858898253292e-05,1.4781888939847159e-59,0.0484773582033964,5.010771539737026e-86,2.68931277046714e-06,0.06540075346806287,1.550489894232052e-163,1.5300777712076262e-74,2.2074684254336503e-14,4.918661857829948e-10,0.016758275232852952,0.004614164415315248,1.4431710236583198e-27,3.2472876644226333e-16,0.03056971121232078,0.1380840833165249,0.1131915662963194,0.01620326055826815,1.9212015959304845e-31,1.2770313857189808e-07,6.359215885983507e-16,0.003619023734623708,0.4945787311425218,9.984526231392198e-32,1.6370530504182103e-30,1.1623797166669773e-150,1.4168832853576828e-16,1.0518332205256048e-24,1.3515742030023056e-12
sim_acct_0291,9.645745668978126,65.52516543296493,0.49535032525218076,0.4951835447503678,0.07318804531243485,0.02925663256384665,6.506723949512606e-48,4.8106887494758155e-11,4.806028503263969e-66,8.991589296884946e-67,4.578141774758856e-25,0.0002873386150792138,4.306888547938914e-28,2.4853856302207046e-09,6.574066370989082e-90,1.2110102511011769e-39,1.8157076540559164e-78,4.50723481468076e-36,3.701070243995972e-48,1.7553300258203265e-25,5.486699774187653e-178,0.2434003731949849,5.802451085103992e-32,3.520277193545135e-28,8.128128635339341e-22,0.30906368488954294,0.009203099716842945,0.3892550991335611,1.2456647644643668e-56,7.81783597534239e-14,3.8731025493784454e-37,8.562914963495153e-21,2.5561519684036784e-99,1.6553314717935324e-10,0.01953376888181115,3.052271587953128e-10,9.205327065276281e-121
sim_acct_0292,98.05582804063232,3.737952642941641,0.29625267162777985,0.5336604035580648,0.1420830607473216,3.0035577787343057e-09,1.9289776640519627e-72,2.1545667877434263e-05,8.793843050219438e-25,2.312647097723685e-25,3.6087673029618644e-07,0.008163335379577755,0.17484679629968983,8.1545297365851065e-25,6.538660336263558e-59,0.0006049109308221654,0.0009343499338915377,1.8942079788593648e-19,0.481149126998248,6.473320751177651e-05,6.378528589171092e-06,3.9450979331770755e-70,1.015666676789997e-15,0.002031506544588529,0.13926399866682848,2.750470397029582e-07,8.498869087104628e-07,3.1164732029437137e-14,7.75107525757731e-19,4.585434866705142e-15,0.15103372706614393,1.9708852918305157e-49,9.385388288088031e-76,2.9082818710982492e-18,1.0972813531842396e-08,0.040793456658437886,0.0010846343307066252
sim_acct_0293,34.128769940030594,7.6139362618363355,0.40240090542417095,0.4724351477801462,0.039291656979439045,0.0008635946015379005,0.054899593973124314,0.001896161388700017,4.2085840851551766e-19,4.35502221732603e-48,0.0011402749851375594,1.3536553287809033e-49,0.05219271198632096,0.2700572058132138,2.8078226554188457e-09,8.460068250024756e-09,2.0408574888702348e-25,3.4627125957577414e-33,0.009755933779404032,6.926391422922964e-05,4.912955478297896e-18,2.864345308871697e-48,5.964778951306205e-09,0.19846820583839925,0.3650585267590776,0.03916423666246918,3.3321062799737484e-07,3.3515371916781207e-14,2.3302284043462768e-170,2.8173400072720646e-72,0.0064339398550547905,1.433031768010149e-147,3.067337143448852e-164,3.2329493286847395e-58,9.156444009887316e-21,3.848206169056261e-60,2.944793717942664e-38
sim_acct_0294,5.517049431599648,47.28802983263765,0.3843958049189286,0.7732376936007531,0.07750016545952004,0.031237569394860647,1.3654454734099447e-117,2.6634264687986225e-40,2.7857565735099395e-15,1.0898714428352637e-32,1.3825198166651125e-09,0.012462076253848327,9.732610887856889e-120,3.879256643739776e-24,1.1665067185981483e-83,2.256151370618941e-09,3.4065360592837974e-56,5.7280082281360014e-15,5.697114038297049e-55,2.182462077215789e-48,6.585349570893813e-05,0.1954114608244652,1.777479981565519e-12,6.79013764661459e-92,2.3060532595256407e-29,0.31517853260574147,1.6333051182540874e-22,0.44261219679068775,1.5607770892831386e-05,3.2952639492684863e-31,7.053975865205348e-13,1.4487972373515894e-139,4.566846458079124e-92,0.00109948058235825,0.0019172186402741105,2.792717219455012e-40,2.7421844402539984e-108
sim_acct_0295,103.76526302430013,2.9650668112325507,0.3756437724473071,0.5812883965932406,0.12682766791054115,3.9276056594460586e-10,4.084226575191152e-24,5.786446074334662e-10,1.1019952929241944e-17,5.848478029696204e-16,0.10462498032458188,1.460255370510397e-06,0.0013430324374150626,1.1734584737744558e-52,6.166509157938193e-48,0.0003662769184878882,6.60683884076581e-08,7.389239601783103e-65,0.697389519740699,6.9572282475265385e-19,6.004192410701372e-09,7.922104693542917e-83,1.9186916051525326e-94,0.001457595296421062,0.00449428804069693,0.046923493414887954,2.075525759963381e-113,4.503562920636852e-77,1.3119144010167895e-37,1.9126286743912998e-33,0.007912904377843548,2.8498360073413253e-25,8.145370583211905e-112,0.0386372681698697,2.8255224385366764e-31,0.0968491079797399,6.261960186329989e-25
sim_acct_0296,34.92543292627484,6.83371984318541,0.38507036076298906,0.4503076450953701,0.03524159943725162,3.1510048501914873e-69,0.14529479156675063,0.0006319085501136597,5.075053763639482e-38,1.4320184181914014e-06,1.9898969777953836e-06,9.238394663393216e-19,0.062086311071959374,0.19972525306170064,7.93947055582663e-31,5.833072182631885e-17,6.076121680927095e-73,0.00020206799288184695,0.041176851356389155,0.109645568197603,2.6817785141047264e-05,8.229303560153326e-47,0.00018129931516316258,0.13449964184866345,0.17120012328974463,0.08195903129428125,0.00010892452474596226,5.491454278218689e-52,1.3909339601519162e-79,5.012104150030604e-07,0.053257487019050996,9.848738762126392e-30,9.423322908251303e-48,1.0660886320979291e-61,2.0344836951434913e-42,3.388955742873651e-25,1.0466647392239348e-126
sim_acct_0297,5.964406584806651,70.0540358966204,0.556028920017515,0.5287480165731215,0.0664666564734784,0.23976701238718504,2.0693319740184304e-27,2.2549409673526056e-26,1.788214627152118e-20,2.1170320084083388e-89,1.9135912732875586e-06,0.00201532408786657,1.703033716001281e-09,1.5618498047938854e-29,1.7442369371513426e-76,2.0477783661915313e-57,1.3180957299520044e-18,3.5726421186929335e-131,1.5413487412135691e-49,4.7048108238151206e-33,1.4045737983736288e-64,0.019700744668767117,3.841418128415714e-16,0.00031214924713794613,1.945169900842201e-21,0.2069173366808386,8.533979334029292e-45,0.4646681669691001,3.1127741804992144e-14,5.103517748821348e-27,1.9484831569231367e-85,6.340121874121072e-16,9.258165686350476e-75,0.003644335435485228,0.06297301522928021,3.504563414426513e-29,1.2910278876921538e-88
sim_acct_0298,96.44825938191042,3.0940983021959565,0.23510575149286855,0.46777917946976977,0.12757843938072722,1.3267235417685019e-05,2.702179153969834e-23,6.827946461032207e-05,9.112592494730093e-19,9.90819343968391e-19,1.813221437061737e-09,2.2958776555812058e-05,0.0010034250115252533,5.091528441301755e-22,0.004025031446653755,2.3583520378333474e-09,8.687242907670208e-07,1.6807275606255705e-21,0.2381653033005092,2.93354458094574e-11,0.03360926094347739,1.0139375256049276e-134,0.08633928410357254,0.11171573211287919,0.1488642006471141,3.479879102852689e-05,8.314951131630521e-26,6.620138769821709e-42,1.686481095097007e-69,8.900284146448692e-32,0.10257391179145485,1.142809503672172e-18,9.98981011810441e-52,0.12065173497113017,5.154103749529319e-07,0.1529114230684966,1.4396967233603306e-81
sim_acct_0299,30.873997548723466,6.909011850432744,0.2267619749825547,0.48357147593229244,0.03183857816463984,3.787349554376965e-23,0.08833495903621452,2.267007223066396e-09,1.982172376790003e-15,1.952124583995647e-34,2.4178365980691174e-09,2.3129878180959168e-14,0.14863335666612937,0.08114017328200143,8.46407182139735e-52,3.9440276403892276e-86,1.471406616757656e-27,1.2949906406692564e-09,0.35503150258869853,2.392377540143254e-05,1.121742124409531e-24,5.092892922864182e-12,2.681726872705349e-09,0.2856766321456625,0.010095254277247626,0.030482139574071875,1.918375685888578e-37,1.2322563681211121e-41,2.4576676503202447e-100,5.174705078234688e-50,0.0005820499862531552,1.6399695798724388e-12,1.3980881485601667e-52,1.8446427936866573e-34,3.2593249669192786e-48,2.404059426160182e-19,2.276291074874419e-76
sim_acct_0300,6.6604900111238,55.52498099560461,0.4008813939411559,0.48554770125372154,0.07642606455561018,0.060234165546859696,0.001592564994037575,1.219408417531755e-212,8.994544750264702e-20,0.029364568076987875,4.020016960885734e-23,0.01217162997434624,6.0136212574093115e-145,3.5239319095095482e-43,8.119624497787364e-41,0.02510378510248043,4.371360284079583e-07,3.5922769470936446e-28,1.8824891084888108e-42,3.0613398203256413e-63,3.145977825640984e-23,0.2798411897998243,0.00041412713364166493,4.4040445657427126e-11,7.197694714134982e-13,0.16988224508922797,7.8349200512504e-43,0.4127608346880963,5.435773212086048e-13,1.0145027550517626e-33,4.646939275616577e-25,4.297831129278904e-07,5.7435548242038494e-08,0.0015840941670174809,0.0070498710274869165,2.181858263113282e-59,5.549627678057019e-30
sim_acct_0301,92.90188967851863,3.047872683023392,0.2523654669002921,0.4540270223559228,0.12578694692521777,1.219146691031467e-06,8.22049138373665e-30,1.126234227258603e-06,1.7386932653898764e-33,4.1469611256668744e-07,3.5785056391690515e-05,0.0007062661275788273,0.03091846752463331,1.1939713954095775e-39,4.674678017313408e-29,1.0027455469734695e-05,0.10990366366973015,1.5306672775066157e-34,0.6470786944270057,0.006510232188429404,0.009251688636267007,8.962126920104737e-28,0.0009809773246776514,0.004729742700195105,0.004532714229581409,1.7264274770867402e-13,0.0006664677411108018,0.06110526559960972,0.0037027545607688276,7.3522919077506e-31,0.007821828305799172,1.707646379722315e-11,1.903717546182472e-21,3.075489262364877e-10,4.788119246697625e-151,0.11204266405092271,6.642416748819123e-34
sim_acct_0302,38.775234834685634,7.445616836716412,0.4312394713447004,0.48054615314265053,0.04527444101538272,0.004959159692231576,0.019379222732549065,0.00897629606892897,0.00041298663412597076,7.921106695235093e-17,4.6667162157638383e-07,7.706910533233811e-51,0.0001239992572891756,0.540101283465605,4.66370971135906e-09,1.8509089304709233e-125,2.497740762703542e-131,2.508163326208498e-33,0.002399589643289667,0.27487522871287,5.487275241121574e-32,7.423057031475288e-95,1.795932347694835e-10,0.05567849511540709,0.053878789635385484,0.0383449073373318,1.1854602417635419e-39,0.00019122945032644075,8.991032728847475e-60,1.4302430271497409e-27,0.0006776110522341526,2.880756176832256e-122,7.437099149701886e-67,7.296875008771385e-07,1.2832695039770226e-65,7.194175156148667e-84,5.253637659909092e-53
sim_acct_0303,4.839697213134584,46.93791065449508,0.30521075657042285,0.5299145057527199,0.06181044366548672,0.05317184083321881,1.0408904198600148e-97,2.882769486879049e-13,6.413436674081441e-48,2.202921160394884e-13,6.0564429822712104e-27,0.001070733116817877,6.851011614488849e-09,1.1965106050186653e-13,2.1993354550472492e-38,9.34561902191487e-10,8.239898087095163e-124,2.8303473471623124e-05,1.1092763197115548e-25,3.506381553996094e-52,8.084863376151918e-112,0.36655415337086156,1.5595401662040026e-84,6.301382191964982e-14,1.6996606633860575e-77,0.08532409998689133,4.294769930891672e-82,0.4795369804381061,1.0854500088259538e-82,1.3911141110406583e-68,2.3073768885800004e-16,1.1354858656035074e-11,0.00129002201693159,1.821352819086537e-08,0.013023840752539527,3.028965614964896e-32,1.3493652227674671e-14
sim_acct_0304,87.2105381221818,2.801124922626346,0.30150258434635396,0.500082174694417,0.12269190544094791,5.854266430210006e-05,4.0890585571869225e-14,3.711795956996506e-05,0.002291326781975607,2.4663116454640993e-12,0.004100110387291531,0.005018722816290196,0.020343210926600623,1.7647666592368885e-70,1.0006865034282044e-21,0.024291567502936595,0.09198243624047892,1.2389895868735307e-42,0.3934330976726261,1.4881847122821462e-05,4.57559404520507e-05,5.210161978614312e-10,9.485807565092622e-76,0.1645473697915103,3.4968532265095656e-06,5.471244563908217e-06,8.402063746544663e-23,4.741323237743828e-55,7.913287028192703e-37,8.3617718645008e-28,0.05690758844910271,4.803036702667112e-60,4.661742403915333e-23,0.0018498666477468472,2.554270032931356e-21,0.23506941562551,2.012516970888937e-08
sim_acct_0305,43.49613504633359,7.095126893301503,0.39875578331850925,0.4018484198957836,0.03720824485148743,1.8409574697665093e-178,0.0029412567938465347,0.003477863229805093,0.01929530522176067,4.99398083341548e-10,0.05487810736382366,1.4353209332454198e-14,4.545299479182457e-06,0.4050631663616567,3.0917970330087957e-37,1.6770665720295822e-12,1.9699447209767061e-19,6.562764955747682e-170,0.021176893290756827,0.06809430126432313,1.6798025041924897e-26,7.727385341151261e-10,3.779649652918654e-11,0.15530537884373039,0.25287689766494886,0.009809027950512283,1.3853317832066594e-75,1.4317428588999708e-102,1.9598352339350653e-49,2.7584399677374423e-53,0.0060432825775887655,5.018250487091937e-73,4.560032443805549e-26,0.001033972826142998,4.9782027662995326e-40,1.468335555473893e-98,1.472755544114222e-16
sim_acct_0306,6.230820277157373,53.44910239449825,0.48967870144029163,0.5273542209228205,0.057968201354561495,0.20865879920634137,3.8385203164946254e-137,1.684508152068151e-19,1.1021793650462516e-48,4.2761117328377614e-32,1.068040394395466e-39,0.001905980971428027,2.4738369456818356e-65,3.8218148849621796e-136,3.4849378161790987e-22,2.5443182891051963e-74,4.2074082950464405e-31,3.881857510519791e-36,8.057141779199763e-26,7.020210307722908e-81,5.855291773657528e-53,0.40386923798550667,2.199929100700004e-21,4.327570828787758e-18,1.4264434549157328e-05,0.15221141007713196,5.0378835652058385e-25,0.22919161253436746,9.295219343423849e-41,5.975262502600523e-54,3.4758246316067613e-46,1.3027557437763726e-170,5.878075700579602e-09,0.004148687736239082,1.1763602207922999e-09,4.292986090652384e-38,9.486238934997868e-24
sim_acct_0307,112.92081900764109,3.6246075460999574,0.2552799316567531,0.5035849904903498,0.14302157101019583,0.00036481230522645566,3.0499977941724685e-34,0.0006518737236568047,2.559071046446595e-14,1.1326767812279998e-82,2.1401427679092797e-05,1.1510888469938427e-07,0.21158125549217402,1.879744657733959e-14,0.018762905546724197,1.6917579856686203e-11,0.03958896511820562,1.103591260050471e-11,0.46219455724760444,0.00019505324576037255,1.684884083554597e-05,4.3247200131066245e-98,1.823368987291373e-23,0.00014601309605026948,4.915551221506978e-05,3.8434639727359233e-22,9.942983023925853e-52,2.8465528626927637e-114,2.4582458734807178e-23,1.4715436912226358e-49,4.48027909897012e-05,1.064243847046933e-15,3.3340011161225767e-09,0.00031072544571551796,1.3254052527750774e-20,0.26607151173627813,1.4126282396214806e-34
sim_acct_0308,36.55601690460115,6.952365546087638,0.3178885048054093,0.5334885397384117,0.03488127494599797,7.079503482193569e-38,0.13103199378599226,0.018122871163554124,0.00015534328808603943,1.0005950796341612e-09,0.0009269509317831564,1.957529739961738e-13,0.0005570894108132745,0.2722073504642825,1.4037922214580069e-13,2.0472687213655378e-34,2.6258174877691358e-49,3.2312785144467926e-49,0.09792005133654472,0.010570302431112113,3.035928633905492e-15,1.5351855432612942e-179,0.0005685622507053096,0.3722050678448154,0.03325174493318786,0.02988292604088731,2.7549431162798887e-22,2.4188279565061264e-07,0.00025639671774920663,5.588790840026275e-44,0.03234014025671419,2.1810435799248476e-47,5.108572025041872e-22,1.625829137603074e-36,2.9662600424217982e-06,6.893173033547854e-59,2.130293752170559e-125
sim_acct_0309,5.895626221512037,71.57033027606356,0.49816305945053696,0.7539295923157427,0.07092784999202748,0.26964262870333056,7.230603216526129e-54,1.2015704965102229e-148,6.236580184854122e-31,2.5493223089870017e-40,4.264200799557192e-53,0.0025406468605300983,7.626536764188851e-34,3.6644845105393274e-24,2.8014668977779786e-72,3.789595770988359e-23,1.3414899485594134e-67,1.0840106997584467e-18,4.2098337979180636e-50,2.8943395419034574e-16,1.9806072300085565e-55,0.27082886787277477,1.0168473354769443e-64,9.069134406103712e-40,1.1937540725498855e-16,0.08937470810705546,0.00018610901833213838,0.3600768050239214,4.631523008998932e-21,3.2740675273888584e-48,1.4283202459640364e-06,8.575000413189799e-13,3.572840992760249e-32,0.0008879722730383831,0.006460833819913278,1.4765947725143088e-75,1.6287208185240893e-42
sim_acct_0310,85.74485628995582,3.242592177630079,0.25336822455733143,0.6102110264032339,0.1433573438856699,0.0009116699417673068,3.306133897788641e-28,5.11576681781948e-05,2.8528719077550582e-37,4.4142357013482007e-79,0.3534716480569418,0.004941011021996857,0.051844218944254394,4.499693950256368e-37,1.6867523740028265e-45,0.028739482005973614,0.0014534646811775222,3.8019131887360065e-154,0.44420415738802266,2.552834607380042e-08,4.556319994704262e-15,9.248413495368299e-45,8.342816264280053e-52,0.0007058962574251574,0.0003616668427774486,3.6880451787335065e-43,1.7227482160658028e-05,1.1470624306317632e-25,5.697073972526434e-12,4.262431570374359e-21,0.00041518174245299224,2.9958943329008297e-30,2.2259680662320776e-08,0.0652243673983777,1.7885372090396012e-43,0.04765880174935629,1.02540919615573e-09
sim_acct_0311,43.23213004200312,6.032821670295814,0.43722018335553453,0.709704202075182,0.058382292113204164,5.913424373354482e-05,0.006420939928647291,0.0265111340191527,3.081203421286197e-08,3.7763714033923944e-38,2.241093493273071e-17,1.0131154951340604e-08,4.08558286612981e-05,0.049411586623227956,1.2199615714225279e-67,1.94823529077373e-18,1.2007287285267447e-100,6.5803052460565895e-28,0.13171515870736994,0.0082440453794353,0.009592045510084923,1.734605335403124e-13,8.610174866161042e-10,0.09509866186146758,0.6726745531768983,0.00023103447038170112,1.7861556703492054e-26,1.0851220479817637e-17,2.1941153862372816e-39,1.9095874755623276e-31,2.34116371673414e-08,7.850341115559209e-07,3.5437933950230518e-78,7.115725347433952e-83,1.1701171324917092e-32,8.107104581897204e-13,9.750591974602297e-94
sim_acct_0312,5.197294087604493,55.99055053781933,0.41820940462062994,0.570833486066869,0.0655975178254981,0.36260190272026094,2.25818285515044e-10,5.397692900830518e-26,3.311817042967793e-82,0.0031679273277164643,3.6865831256499126e-87,0.05374819719221137,1.0206614772179295e-78,8.898944550831534e-33,7.479163236735435e-17,1.0159433247934654e-56,5.455391824755413e-27,4.644559919984755e-36,1.863872325591494e-42,2.541785390300987e-47,8.493219483191458e-48,0.1229900081427382,1.934789006406127e-83,7.851843747833167e-27,4.011574621092573e-76,0.11153456316368665,6.348114145861928e-09,0.3355552562332643,1.2306077524426132e-45,4.5558797404982534e-21,3.6361923233481955e-14,6.431562859380753e-163,2.180435143810406e-27,0.0032362298873473312,0.007165908758805862,7.075291741689674e-49,2.249717057371862e-75
sim_acct_0313,88.67524833461353,2.7426122670998363,0.3278137453263681,0.466236792275468,0.15258688282147956,0.001652072280151534,2.5427811098852217e-145,3.785136631028743e-06,4.765728152208667e-18,9.237547511446441e-227,0.00014917846649523122,1.2299698049314061e-05,0.13658041399592694,4.188912837404555e-73,7.905837114399377e-74,0.001488797954284234,4.9799643584764856e-05,1.7350574091451018e-12,0.06051388680807291,0.05492101932036475,0.006454410858111514,9.181181656345594e-53,3.781077948915626e-21,0.028457034243210395,3.291361625683678e-05,0.03736117893090864,0.13338502824855983,6.720113975667444e-111,1.595670558227202e-27,2.946436093734574e-14,0.00021606293230490138,0.00018698377874249944,2.3409569838560256e-07,0.0010154353611535947,1.6664546792762796e-71,0.5375194646297282,1.651915053903238e-28
sim_acct_0314,43.706178384503005,5.891939734931089,0.4030174482157901,0.5450193063043932,0.037744328924277884,0.0035819651244407107,0.00456372305998536,3.7284303521784917e-34,1.1370473201183915e-05,8.600082235644666e-09,2.4302197763558932e-05,3.5723153491630146e-48,0.008121669498643307,0.15766263195225094,7.117172421431132e-59,0.0018422442756803807,2.3020799821439843e-62,4.770028465505864e-90,0.32649749920065524,0.059774240994725836,1.1182454487470256e-11,1.5489290014840635e-39,1.6134616234747356e-07,0.17826543266582986,0.17873936625852221,2.9861278975624192e-06,1.3232028202845978e-26,3.696201226405211e-23,9.998112960089518e-37,2.308565018612132e-79,0.08091239785336096,8.622351941980087e-50,5.666390755650509e-17,6.682559302050978e-37,3.0991814676801585e-34,3.5961581923211556e-10,1.4430779670136055e-74
sim_acct_0315,5.029999952748451,48.987918336175916,0.4077062842930411,0.4963379450150314,0.0750711975915548,0.1394035227071652,2.0606830167040444e-20,1.540516304508902e-40,1.7936085465273222e-12,1.2656577041039593e-37,4.213019261074121e-18,0.3702116563570156,1.276496693776081e-47,1.0868481504730235e-157,8.509983559196071e-11,1.5927284712709954e-57,4.493898533662142e-62,2.2578315340841265e-11,2.0582293314855688e-23,8.666379806817784e-33,8.281796031222992e-18,0.03009116406851746,6.101590944732383e-25,6.664747111772059e-05,0.0072613918425473755,0.13483138510438517,1.77559468996921e-133,0.28980959138175155,0.011362731480063306,1.5960661706282595e-75,2.6755440154556047e-66,8.1431226778608e-37,7.772563095807371e-90,9.144276481653543e-05,0.016870466713148322,3.000144328909554e-47,1.7533073735097282e-42
sim_acct_0316,99.05144620853581,2.976219054769779,0.2865255450380794,0.5109216304811938,0.13789702224085607,4.224058397708213e-05,3.2694995864675e-55,0.009099326442168019,1.9622834595455926e-39,2.3010224948868192e-33,1.938863828159507e-07,7.439347699327533e-09,0.08654612741767921,8.528430200055321e-14,8.695849866684665e-49,0.003911353342645009,0.0005553646554361357,5.53241288278529e-16,0.38001293378225337,0.0026296540995164926,0.02513327219844088,1.07524056582604e-24,4.783394347932394e-17,0.11973948043983992,0.08196981740875653,0.004316915240591604,4.0022565354321897e-22,5.825034286060239e-108,4.28582972118755e-29,4.077917593217006e-39,0.010883934661231918,1.136742871584665e-24,2.558767149238612e-20,0.001375711895011088,9.67675975992302e-85,0.2737836665066361,3.1313547018464377e-22
sim_acct_0317,40.3399685469429,8.230240764127721,0.45219515022186396,0.49033850781964916,0.03855146297169464,7.423035462339137e-35,0.000938460431147735,0.025526516397216415,6.296610045068267e-07,6.465047211168382e-50,6.053234959207106e-09,5.338156902142414e-31,0.008301007425520307,0.3647394551812528,1.5182930232245569e-12,4.578268861771943e-21,1.3716725646000711e-24,0.00015842105753530376,0.09401667090467497,0.010017488051757867,0.06138582440126213,4.8186171661416626e-120,4.511385555749006e-09,0.07210033160594913,0.34581286945293244,0.009242706179749639,5.480622917005389e-13,2.454451783947026e-28,2.665180814786512e-13,4.008700747162626e-51,0.007759608683043364,1.8222930565550448e-44,3.978303069233918e-40,2.464492532026284e-25,1.1719674386051019e-56,4.558037616759383e-38,1.673440682811066e-60
sim_acct_0318,5.562620490587193,48.31203032882076,0.4976595559330505,0.4469645211599107,0.06614057516646026,0.23673498664438883,0.008601235522627204,1.7241705587930716e-60,1.6551446844068557e-151,3.114923309536011e-55,1.9322314087652521e-22,0.033475560183212336,3.618778651701941e-08,7.120351985553033e-17,1.9988221068601277e-53,8.55065488301586e-25,1.0088775058544033e-65,3.8760563971474796e-103,0.00022113215980655058,1.0934924355032085e-22,3.990112662714146e-21,0.14297428030251152,8.712278328242223e-34,7.855809529676143e-43,1.0264552384811342e-11,0.23504993139776692,1.0355173365549197e-13,0.32597702481194885,2.427642383869398e-72,7.937524106631529e-19,8.360416917944243e-88,4.394945154292423e-29,1.66598008666009e-25,0.016782004043360662,0.0001838087362222623,2.676203261406913e-114,4.202952680770489e-42
sim_acct_0319,71.0721761122357,3.3082029716081034,0.3289470246350186,0.3614378733523043,0.09221104561429799,0.016045096491414473,1.321720568990637e-26,1.1546153826129105e-06,0.0006227601159830707,1.1794427420938173e-84,1.5360788072431261e-09,4.006887134187869e-24,0.29408860763448025,1.7110406789778628e-38,1.3896498921572953e-09,0.0007530078560678344,0.000964458758983726,4.10784612973618e-64,0.503535149574398,0.0012277865870778922,0.11858584130791928,4.757157230636778e-156,7.038431762259324e-39,0.011134428011171366,0.007422788583886717,5.930879400762573e-11,7.318451088253379e-38,4.900599692747239e-28,1.5300063229433145e-18,9.435290650488226e-09,0.003761671189117446,5.402141786918698e-71,2.675029981589718e-05,4.002961889071012e-25,2.15239751389015e-11,0.041830486532449515,2.313077255886335e-19
sim_acct_0320,36.868893565369355,8.059740952886747,0.3669853555013039,0.5493294097383853,0.030315977200313718,4.251719942906141e-142,0.11896935110325213,9.35910969442796e-07,0.004503158456435395,5.60184840954766e-232,0.0011293571660418895,2.972679652660121e-26,0.11472187919032126,0.18909777105042982,4.222171176328091e-25,2.2721425366189913e-32,1.866979756707189e-19,3.2660589692536886e-45,0.020674616174714194,0.013728512971544928,1.071809951588064e-24,2.6210174310948626e-38,8.915257476323186e-05,0.4166976587305118,0.10893310678804681,1.4000869234886121e-05,1.0949722934438014e-29,1.7702076499620967e-35,0.0007663714711978331,8.452241161313972e-121,0.010344749848505336,9.373777280234015e-237,1.0421201601191731e-22,7.97128434311619e-20,1.553381561368322e-10,0.0003293775386929082,4.072815131005984e-47
sim_acct_0321,6.522157054825007,57.34667856851911,0.44203486129448805,0.501600985408598,0.07368858065979333,0.18241122831950618,2.3393146839234725e-05,1.3717490196690157e-31,9.01017880899174e-79,3.0748824441832415e-13,3.103479142163882e-26,0.0011098993695866223,3.621001586980004e-80,2.366394987040116e-25,1.7559096818574051e-37,6.96613357267721e-17,4.571691822313996e-09,1.451311943237032e-93,9.046080661189024e-30,1.815433359782918e-13,0.005937567810463886,0.10115239928129009,1.312044068701947e-24,9.561863620948133e-36,2.5121921703843694e-58,0.23060789999959155,2.4754398966565305e-60,0.3967295925049487,0.009672350574981088,1.4954677967358718e-29,4.1159857317291196e-89,1.0087439680871323e-45,2.1165263337350088e-28,0.001023537459209527,0.07133212696140219,1.7446616363833048e-112,8.594530461311637e-42
sim_acct_0322,89.14723250684433,2.6061797169670378,0.29911055651404506,0.40485287800260183,0.12965734458950248,1.3296741507265207e-10,2.14504027484813e-44,0.00013939689689239533,1.0679769502355644e-49,2.0532923429094776e-25,1.2652855177357807e-05,2.7479714159929096e-05,0.0034786000796716717,8.847032305923661e-136,8.870880598066199e-12,2.7454968212466043e-06,0.00602388589766929,1.187642124383036e-52,0.7700965094503023,1.8662822940437553e-10,6.802636831418289e-18,2.2973744503734608e-59,2.2201445480854694e-33,0.1432702412139433,0.0003191369235507257,1.2339231293196646e-30,5.17829545231996e-08,3.2341416839158456e-83,3.705686052307063e-120,3.838133959162021e-145,0.006508169974718639,7.36234831473545e-53,4.5058670318722397e-63,4.775212995705548e-06,7.932025304379449e-116,0.07011635417267609,2.0390131466044252e-42
sim_acct_0323,34.821218260622686,5.755639215879832,0.385290175507131,0.46456880694635005,0.033763987499258165,4.6947806212584546e-49,0.001715335796784791,1.0303235602516152e-07,7.290416338435345e-19,2.580300638774146e-59,1.7444584054845005e-29,1.251588173988604e-162,0.002997754307168061,0.18615997726593275,5.0446820907039e-06,0.001186062718043453,0.03222619031860909,1.0442921547151759e-69,0.057648052184691004,0.009481356790915779,4.918823153140329e-17,2.2663021715964617e-08,9.684435535609878e-14,0.22516775168010753,0.4319418542867666,0.008439337787925182,1.5857338743172725e-08,1.4507010723437165e-106,3.0566957567958504e-52,9.59434562251388e-14,0.04286677435471202,1.9493703656778129e-16,3.028034656477576e-185,1.9204806398013316e-19,3.955014462302107e-15,1.7871292799326401e-40,0.0001643662733394438
sim_acct_0324,5.5628010365976355,58.41897545532736,0.534314238132487,0.5227300885646213,0.0694814479468065,0.17320149626906073,1.3943772484562045e-28,4.3199370212049856e-60,4.133105613876356e-50,1.7158657859679137e-29,1.8446574080076532e-08,0.004232942708868404,4.1909982682367215e-09,1.8349044314392573e-12,1.0743960890649637e-28,1.6849360501899138e-09,4.039666010839992e-62,7.5343910478074e-70,5.1063460380502945e-71,1.3941371638464534e-13,5.610254708807378e-113,0.37069375333554566,5.634064107168494e-48,7.485899965629481e-70,1.607137279012486e-40,0.20925902516381903,5.398884367858042e-37,0.22383503871623794,1.5335836789501052e-29,5.080247494997639e-52,1.0408067008476768e-72,8.253034870313488e-25,4.531799653399819e-88,5.1002740251935735e-05,0.01872671674173348,2.47850266604688e-52,4.6168527377330054e-60
sim_acct_0325,90.7248293296781,3.4653832392016377,0.26370905449772114,0.5708235263129509,0.12075905710906111,0.011360209998704867,1.8876609760027442e-30,4.1786085344919297e-10,6.0611164450949074e-05,0.00033485830889053647,0.0002119479742858038,0.001183253752701585,0.06102607674705497,1.0600039851252633e-31,5.334175688294833e-97,0.06411257330926286,0.07274060598128619,4.7713813238211124e-17,0.29193540768146375,2.050856379296959e-06,0.006284091123174896,4.487569415839036e-157,3.2049512771067046e-126,0.04567351894361467,0.1173051773812972,0.14378474365596813,1.8043399685130634e-33,0.02466927588710525,2.109700534855143e-09,2.5409273318073114e-73,0.0061118574761651525,1.2314276201640904e-59,1.065630603586659e-11,8.343517102929126e-11,1.5849346160086193e-62,0.14804085249311552,0.005162884643425399
sim_acct_0326,32.17646319412949,6.746521504720115,0.44357718948746794,0.6065032089987443,0.04384382278505482,8.64132724609091e-15,0.01434605373356614,0.019832884929337526,0.0004114858234580966,1.3673143065395405e-41,0.00013202204817130755,6.84122776618987e-71,0.043360225026050435,0.17723145546073774,1.730336451628318e-09,4.341913239073728e-32,2.9405683337259457e-11,4.231273714317048e-74,0.01163463779609018,0.09613278278157715,0.06659071627538712,4.203538386438008e-59,1.9099078125162094e-23,0.05447498244810327,0.24115412424539448,0.00023685353312932796,6.6088510908215056e-37,4.7039003256523904e-21,0.039060622654054855,1.562593665964282e-64,0.19421153935245578,1.0428409177578097e-44,5.926134328221536e-16,5.967870162731416e-31,2.203586054737407e-149,3.3617096687083747e-34,0.0411896121327353
sim_acct_0327,5.224058739465888,46.70999783183375,0.5873009043716615,0.6367670437901678,0.07878564379245744,0.01800800317914722,3.712858351572699e-27,4.7715735016004094e-120,5.335672956551201e-15,3.720529006055719e-07,1.3461877470287488e-26,7.325343159740096e-05,1.8714008310080565e-08,5.559514938691944e-09,8.183697618685066e-55,1.5185469009246598e-166,1.815523987617674e-51,0.047901307056550525,1.5482649838821104e-21,0.006635791522341184,1.886351672577155e-33,0.8192138818807183,2.368112042206191e-38,1.0939875507893404e-185,3.3063333823492297e-28,0.039834261708084406,1.8848266910734244e-14,0.054814480851196216,8.079547262605274e-29,3.0553790707409028e-43,1.3650816487324493e-10,4.783870833630898e-43,5.854314792288735e-12,4.334143549904715e-05,0.013475282466055288,2.5876634789653506e-49,1.9392086584021677e-110
sim_acct_0328,87.07941982164424,2.8745375453315036,0.30109950436138894,0.510642999606793,0.12827462381667643,2.1681066131456616e-13,1.2803698872064423e-15,3.2692325371998893e-13,1.4520216468707142e-17,1.0528363403684731e-62,4.563076657216217e-08,0.007870961254651055,0.027014720423544435,1.9830733895523883e-16,7.350257929768026e-88,0.07292508436783374,0.08803892670911877,7.240349545000457e-36,0.3275825726273014,0.0003103441464288215,0.007146895011799689,2.3999553395494153e-07,1.0911206187946321e-115,0.12761010913484855,0.00020252116818858957,0.03622250704585253,3.4956303811800857e-10,3.030804524491646e-17,1.7584301827171e-06,4.2679167636855235e-63,0.0428426748083461,1.5423132613012096e-27,5.502031486499233e-28,3.1192230048423724e-09,0.00035851615166541967,0.26086867251348256,0.0010034471111236174
sim_acct_0329,40.75028554995648,7.146579946672601,0.5131173711636902,0.4994310198158174,0.03691131599693216,0.0009294177948070053,0.06712986737971777,7.58295917697064e-15,3.000813168841084e-11,2.872327178566075e-17,2.051004217054324e-08,1.224252266461402e-46,1.8232598696183742e-05,0.4129666374659448,5.017427449185943e-06,1.5273291032330387e-197,1.5483978973135686e-48,7.736283490819956e-60,0.22155553410985682,7.726212947365443e-08,3.456034848419387e-05,0.009266881680769808,0.0017048987958963046,0.054824228828487385,0.17269633195112588,0.054138209074021844,0.0001261494813559497,2.19308684597696e-41,1.2102322320492371e-14,1.9067827415515185e-52,0.00458559894734829,2.28156351133944e-34,1.8336313839126743e-05,5.40200603416096e-25,1.023104617307487e-22,2.0793696331707995e-23,2.992566194860189e-19
sim_acct_0330,6.101170451753092,57.2156655144466,0.5345375199867325,0.44683405437143686,0.05805488665941839,0.04067207364853154,0.11048529982105612,3.9414061260933095e-20,4.906313740316498e-43,1.0854447806829442e-18,7.3908351912444e-52,0.07330410131471599,1.1387383138800985e-10,2.853602813732685e-31,2.2121705174851585e-25,1.435236741149257e-45,1.796831302423599e-45,2.9402102549755273e-51,8.613802745975581e-62,3.7376487877869715e-81,5.5051715623666956e-61,0.01891707062479476,1.5598379828862855e-76,2.1175958863151744e-79,3.902354864938556e-12,0.06829170690751951,7.624129954037406e-75,0.1459566715601403,1.2826490725918539e-23,9.820648797682186e-13,1.2845368162873457e-13,9.348568967523844e-32,3.422432869450681e-59,0.029540223166132383,0.5128328528382224,9.169236750624007e-29,1.9150500257057866e-16
sim_acct_0331,83.82232119242094,2.6499887344594657,0.2429980996265224,0.589123474349647,0.12229611439858977,0.00018499985351266217,6.664987709617072e-50,6.021037101840381e-14,3.3719148700592913e-06,0.004726489474184536,1.0705083875158198e-53,7.557521476576024e-12,0.08045364536560716,4.385996623529152e-64,2.255587573756205e-106,0.00042540464178219346,0.0004066746703618953,5.999191181786551e-25,0.6415659203143963,6.201831419774786e-14,2.2744883933369485e-09,0.0009352853011178316,2.123379272751599e-115,6.191965954000548e-05,0.0769837758064839,9.905096584556502e-21,9.653081575184766e-12,1.975989103932907e-43,1.7720996839426203e-45,1.6562129209652375e-26,1.033788058417737e-06,5.076006134017094e-91,1.4477352434931244e-103,3.2854796867947397e-21,8.443855821051187e-26,0.1942514769182637,8.924737301701694e-98
sim_acct_0332,42.79167781618177,7.245687999414837,0.34370025886348027,0.5005097025503549,0.03345313362690826,2.3412206184854467e-47,0.09321397330012225,6.535068796731579e-11,4.742740414475678e-08,1.0061788516486343e-25,0.030909216213605838,1.1788795152801584e-70,0.02849187059913675,0.2013869976534314,1.082533502833671e-34,8.751409821977009e-05,9.073652316347122e-93,4.8689167616893483e-11,0.05337974459754014,0.03716964540697925,6.361282215175755e-06,4.488458719553017e-36,7.071074359929997e-14,0.0667839775168576,0.4479105506599172,0.0003895158943832473,3.820861779824345e-105,3.397112565876338e-73,9.416963968539239e-18,2.164379873900039e-72,0.02511199144119687,3.551014876882314e-46,0.0035883545199768964,0.011570239274902945,9.938523555769528e-18,7.835797877313778e-23,4.315900498814894e-96
sim_acct_0333,6.033515678567997,55.18732571892598,0.47996279501429756,0.507603376745331,0.07627815795797856,0.15041474802492483,9.558743937620108e-131,2.261064255218097e-25,4.735495463719373e-26,1.044211623958214e-31,5.653381172960692e-14,0.07960843266910458,7.947293721048439e-51,7.717618481408128e-23,1.0936948170715872e-64,7.139360567060744e-10,5.385188908870088e-102,3.809167054775027e-18,2.5060331284683837e-76,0.017474288219117565,4.357086886506091e-140,0.2230531823470792,3.468070368327209e-19,2.086699321690887e-40,1.463886920131171e-22,0.07405327831634835,9.881481444023355e-74,0.30615051552559597,9.241255466634997e-15,0.005135987349605276,2.9121619971501567e-50,3.784739895557496e-29,1.5507110871466308e-88,0.0012155826597205666,0.14289398417450197,2.85484716525354e-38,1.2804204327837252e-36
sim_acct_0334,95.31432618217177,3.716758431298845,0.2245548509965119,0.6241419224958836,0.1594935671959089,4.681522248374522e-30,3.6868806798311012e-261,0.008831477160977689,1.391479179936328e-29,1.148895239267357e-12,6.578158382866233e-05,0.23743274928770206,0.0019214612106222446,1.1124036119817631e-63,2.649888010875852e-147,0.11418665452324499,0.029210527706151585,0.0038959394529037334,0.295892487462371,0.002969336732737153,0.016236453205501464,2.7337938424870377e-15,2.1365620740389096e-39,0.00017830325247305786,0.2842471752515294,3.8971893170069965e-07,0.0030892042638215413,1.7459029997197028e-05,1.3667138846549363e-08,7.041637192529109e-162,0.0004174499678426847,4.722746086251031e-40,1.5806431694053556e-10,0.0011799298806984323,7.044108277840854e-32,0.00021883579194123797,8.370690369212304e-06
sim_acct_0335,41.74567378632706,6.150321538532818,0.459707537064591,0.3926030749298217,0.029802818201728462,3.2669192896052594e-90,0.1519620882857124,1.788861343510322e-07,0.024004162802744866,1.1501094635766078e-100,0.00029326859811606027,8.636137374149472e-74,0.14709847789361222,0.07672462363465274,1.2635530782206505e-80,3.3662262049635244e-54,1.0484144098746872e-93,2.906139495087313e-27,0.03468504896228447,5.502262007483206e-06,7.333277771799102e-16,5.773379596990591e-104,1.335109093148098e-52,0.394054847211418,0.03644239824724105,0.08271641113940335,1.8325828826855625e-16,1.4393383750807495e-30,0.0004347317758457445,1.7910268302020754e-63,0.051578260300826226,9.833056185944024e-28,9.350127756358555e-24,3.728771753700709e-45,2.169706408952467e-65,8.715574549883088e-31,8.295574393721439e-23
sim_acct_0336,5.671921030238625,63.03398441818352,0.456912049558297,0.5317085562901825,0.0685033929305279,0.10279034603974814,2.272892275979357e-22,2.9967263591663024e-69,1.5451275568692647e-11,1.8015444319746837e-12,1.7808983421216437e-105,0.00289090801207062,3.9119792460417897e-22,1.519912077058133e-75,4.322612480977033e-43,4.8531065407293126e-20,1.8230867545582495e-20,3.3451071863360327e-25,4.639624367671363e-29,2.1165669767550477e-22,3.883886051200268e-21,0.35010625285924013,2.720344715585219e-17,3.4472067460518184e-23,7.947725995852444e-95,0.26852142922631206,2.5328888872578274e-10,0.22272072880809343,6.980582425946563e-24,1.6681260421557095e-135,1.1902363382740427e-30,2.8595680137655065e-37,3.911617656137999e-29,0.052723009402486636,0.00024732538150726014,3.594436622741931e-56,8.700090418993208e-108
sim_acct_0337,94.99665427741303,3.279353266507188,0.2620075567718032,0.6033347807333069,0.14692872354985678,8.399323568314193e-09,0.04306957328970556,0.00017168913193628906,4.22695987048979e-19,4.292607239288718e-14,0.0017208456950886298,1.1805675828191856e-13,0.06951280244401327,1.2581297794784706e-16,3.4052132957117313e-37,6.109751268430167e-09,0.030984810278219307,2.188402495941451e-14,0.7307300828187058,4.649775425298552e-11,0.006226372731870317,4.92958820357522e-10,1.1155332327253823e-105,0.02720454013717381,0.00930678942661012,0.0007204574592662298,8.076551436211211e-39,6.312194650797841e-07,5.554468675393469e-94,5.764585199262628e-62,0.08018271063984177,1.2884678988813097e-06,2.241514964043305e-24,2.31478581008585e-19,5.894210212161669e-24,0.0001673912114905997,4.0171732866658295e-67
sim_acct_0338,56.40159822897763,7.147587951200289,0.26974812336814935,0.543422142153658,0.02403643317123961,2.1597076230447033e-17,0.03507505903682653,0.00015004993011265115,0.0022129108335107485,5.476097180769142e-66,0.0036428084676365345,3.110260116317432e-81,0.00019478654796927433,0.4266986602331954,0.19338067228119568,4.047473955944333e-45,6.6065459252655435e-56,6.080432640428374e-08,0.013776529340143884,0.01012944134416966,7.749460544619471e-08,3.990252246510777e-102,8.651588910224566e-11,0.19323758862132234,0.051191657097100336,0.051268638828794635,8.37010405803415e-34,2.406071672346901e-151,1.0343637339666859e-53,2.7780919518519284e-104,0.0190357970058434,8.694892377735388e-18,7.227054648382263e-08,2.8212824207218335e-83,5.189774600907263e-06,6.602674563397288e-131,1.583953373579766e-12
sim_acct_0339,6.739815799679814,65.03493366126366,0.6293520506992762,0.5847547894645477,0.08672731740756491,0.33932547309494515,1.2384962451792272e-13,2.8869918054896708e-58,3.3961004011488616e-85,1.3941075632656922e-20,2.440975813495239e-78,7.729329315006376e-05,4.382865302947238e-08,4.820731355364084e-75,2.3214552845189405e-30,6.378925860919727e-68,6.536045225436224e-07,4.222206307277201e-31,0.0007604894349917104,1.4930828765137642e-05,1.4827661899518233e-05,0.07070971924102923,4.159784768527542e-09,4.468030941742366e-31,0.02962395584087079,0.4732508854483822,5.73361354110211e-20,0.03373312551739449,1.3013755146910844e-21,1.4142007694992783e-39,5.758804357855808e-62,0.05193236046948418,4.62000644827398e-101,0.0002724832607303812,0.00028375431527298745,8.735869644793097e-129,3.1443784355338643e-114
sim_acct_0340,98.68539329918494,2.750647697146196,0.2711712525815771,0.6568208694267852,0.1411696264787731,3.415550965082382e-05,6.703983707382948e-71,0.1037628966600985,5.351003222726729e-16,1.1994604260992923e-06,0.03214795342431917,0.0008745359686041383,0.2143713386167312,1.1353049179125485e-83,2.755582023884768e-10,0.01944597121788432,0.011197950413252958,1.24691219780119e-14,0.48242606835571,0.002438366212179184,0.006211821753989313,8.119706764444922e-18,6.088687585946122e-39,0.03305921005919667,0.006981859073212197,4.193319262965809e-14,4.1053662934402094e-11,4.209186287289294e-12,4.2906499689492015e-52,7.029168250553105e-72,0.015271533426028992,1.0967045321525239e-12,2.402863348178249e-29,0.0005683171090529864,1.818151042725093e-71,0.07120681738463676,5.033053842849511e-09
sim_acct_0341,38.81016544918092,7.952551832216626,0.40581317299098224,0.4522456968503619,0.037737947890688066,1.567597289819421e-60,0.1945998794973958,8.279592107105631e-08,0.0014362710187775087,1.8825393528621453e-64,0.031557639811772335,7.03099557192902e-46,0.09008520554379307,0.21025159010353967,1.603271248944724e-41,1.9446823300345103e-21,1.0846877094945118e-15,1.0384181899436073e-27,0.23197736312736103,0.011438737820557675,3.1218360290626225e-11,0.00016907425251073732,3.440361183022869e-05,0.09689850687161977,0.0995822003152107,0.021346670037310816,1.415811299552137e-35,0.00022059985865314363,2.312446070609471e-17,1.4796239582007875e-19,0.009871931916103064,4.190191989144351e-163,2.5808551721835588e-33,3.3746511528566015e-07,5.023396336954777e-46,2.2501727509808257e-163,0.00052950592130892
sim_acct_0342,6.992289720319371,62.054422792575906,0.43230285498361193,0.643164338398503,0.09094662034100266,0.09494063656680356,1.2358200114027705e-05,9.725392943935057e-18,1.457020863359922e-31,3.562111992329192e-23,3.558797036638368e-84,0.015319424296657273,1.0785973160790792e-47,1.1509346515700405e-67,0.0004329562791365849,4.096700551210052e-38,2.2141971340707777e-237,3.0702053063447307e-46,9.599144694701597e-92,6.914603817816911e-06,3.0233162942826958e-24,0.38048375060360723,4.5814945759117014e-21,0.05549377008946924,3.1917826547815383e-06,0.20000817602528093,0.018170848401617617,0.10392494111322732,4.556742322585033e-60,3.8451714741446165e-21,9.528576593041822e-22,9.774276498623828e-105,8.541201999273929e-09,0.13064501665563916,0.0005580068407723796,1.3314020144285206e-40,2.3578469682857332e-58
sim_acct_0343,82.37374768730275,3.5374266497204596,0.42361212047500757,0.434311932990335,0.1323277646014742,4.049576723353359e-08,9.572779432965203e-26,1.0690270228525243e-23,8.250806160955448e-05,3.3830960898989333e-13,3.319218908612154e-06,0.022438998893107243,0.10545160325093651,1.2889273224497217e-18,5.487971909804808e-06,0.006351962577162277,8.337443061276674e-06,9.26475982811053e-28,0.484297684781104,0.10439386341837947,1.9142116130794045e-09,1.229724600324778e-70,6.445900668332841e-47,0.03572795661889562,0.0013491476022335306,5.8986392124822176e-05,1.1811249529723077e-23,3.862196699922909e-29,7.857788016691064e-24,4.312158683821644e-10,0.031304797234929446,9.399664117718197e-32,5.930225789803503e-27,3.6771314093767475e-09,3.42003487486436e-05,0.20849109966822452,1.8125852458897901e-40
sim_acct_0344,37.829101259076786,7.739800656135796,0.38522568091406567,0.4510054453899314,0.03586289159190802,8.096777384076467e-31,0.04954371054649831,6.799630170943038e-05,5.143669575971964e-05,1.4088003177059056e-36,0.00016406737490649533,2.8921795573218485e-43,0.04335168315479363,0.2692251871155308,1.3769597628619894e-62,5.713768127378098e-198,8.65361719501015e-19,1.7251278969668514e-50,0.03343542663146541,0.03066971046878786,0.0007200562428707857,6.873506061018885e-11,1.7362691442801184e-09,0.2234398741198844,0.22291456134131826,0.09668884439602789,3.4604812078783276e-12,1.915193005358345e-35,9.05447029025027e-103,1.4470958325598166e-51,0.029727443799071496,3.284493538162498e-43,5.135958899079084e-103,2.7627310714678403e-12,1.3070990154268122e-36,1.4800822214245624e-13,6.884795731522384e-79
sim_acct_0345,5.166748711143912,54.944055437260715,0.5704104807995131,0.42916014457407314,0.06764605477214194,0.07960622169916597,9.697877325541766e-43,1.628669543469072e-75,0.00017840549227719595,9.722318983976338e-94,2.1513981236442956e-25,0.056115809994621194,5.945452867906573e-110,1.4957447342908997e-104,8.63473430477556e-56,5.018332607559992e-12,1.3143400880564907e-46,5.687282563848072e-78,2.0947843736404638e-26,1.2596406307694712e-21,1.1234431972126468e-21,0.27015366424696874,1.600518210781239e-36,2.649940971871139e-172,3.2615100377969425e-153,0.07520625891938534,1.001005553653366e-165,0.49508872595990333,1.5536023833554412e-117,3.466743821255923e-40,2.1178857111269283e-08,7.7804024974202e-07,6.902801095809624e-72,0.02031086627574626,0.0008627170222185413,5.553590394297111e-24,0.0024765311655884333
sim_acct_0346,107.40775199836071,2.7656704640330627,0.24869493858605723,0.5215286365858199,0.12454974870402612,7.004966107587637e-08,1.8516762137485977e-203,8.575063560737759e-12,5.031082757368493e-32,7.480699007700625e-105,5.370099150190021e-05,5.611212385614748e-09,0.11006325253369675,0.00014629628737755407,6.376779628318291e-10,0.314281355066232,7.654466154255875e-05,6.032477819623538e-106,0.16858043997081493,0.061969167863634746,2.095538820440219e-07,2.664755357560428e-13,4.307234872387955e-29,0.0026851181531070316,0.3082148545151723,0.010733881516366518,4.2059236469613836e-17,7.406791350839976e-118,6.34349897520872e-33,1.1171698923488313e-48,8.423839888823316e-05,1.7023194430858952e-155,4.2150974545348465e-14,2.20943636657998e-19,1.9946577796438516e-32,0.023110862891219986,1.2891285073832065e-09
sim_acct_0347,29.792422812775495,8.377308628093866,0.4652204927253197,0.39973468595421624,0.035676792066755024,9.592027402836159e-33,0.020624932705694966,0.0035355907041042262,0.11035755142485602,8.901817803701185e-108,1.2584597057639173e-07,6.547837285697037e-17,0.02324381791628773,0.13872890097222793,6.1231351334362595e-34,8.357798126917809e-119,4.0981636755595724e-27,0.23490030033035464,0.0045596949551749205,2.660013430136419e-07,1.1481210501653966e-31,1.2323951595062025e-05,0.004960958320715195,0.10181405699261838,0.2555245223802849,0.02734925645485214,2.0693936827550973e-28,6.153789975927134e-262,6.275030854852925e-76,1.1032666642758983e-22,0.07438768361938475,2.6081048196800976e-29,1.7424003722775787e-08,4.076976702275882e-82,5.316084997860338e-13,2.197797878203843e-34,5.906672263419906e-31
sim_acct_0348,5.527025708514955,57.789700389344475,0.5007119784605324,0.5369036630812919,0.06991601770382996,0.2736751679098525,3.5007599705778856e-35,9.617506260825198e-137,3.589084379977786e-27,1.5182623437083748e-127,3.694942390952123e-27,0.05044746791328332,7.169089719931611e-20,4.188275524032247e-82,9.867734369408188e-84,3.6043455909472466e-26,3.104260034335865e-36,6.217049375808095e-39,4.304922898455481e-26,2.3202928414490689e-175,2.50486036663254e-11,0.21883334797742643,5.75462171731975e-32,2.7622643745494993e-77,0.0009226776186143678,0.07202862280626256,1.0542798265662372e-31,0.31105257841069084,8.491170936268939e-158,1.961254957829825e-24,3.2986161680273834e-49,3.734292841874688e-71,6.588265404489131e-09,0.019376280767391483,0.05366384998316458,3.5070892553457563e-79,6.667521199272221e-18
sim_acct_0349,98.02908827432357,2.7964847391070418,0.3006081092363548,0.5041167018649884,0.12256663515586957,0.0004064995853519384,6.935488112624055e-12,0.0696433759328365,2.5710530379600826e-39,3.514947746709962e-111,0.0981397240610073,0.00020757866195381168,0.006085302194474341,1.369362503479164e-45,1.1994969425876895e-21,0.0032175334222535844,0.02565808277771223,0.014077343994503682,0.6988293058877866,0.0007132847281976577,1.1633955330177876e-06,1.9262940651379488e-47,1.558080508882544e-63,0.02046466993690655,1.931049094298787e-05,9.601769426802503e-09,8.524576539348866e-15,1.1896508942394517e-17,3.272363344070782e-40,2.6692562825027163e-27,0.0013237453678308347,5.327190453360998e-17,8.514126272045789e-42,0.008661202016506957,8.41655845313019e-09,0.03505962190071,0.017492237620220327
sim_acct_0350,42.07501245439506,5.705378763809208,0.40329338981231533,0.5745056589224342,0.03682374029943156,8.742506251872649e-07,0.17114196853786115,1.8554372370818141e-25,0.0014188360706613055,0.003988019196486612,2.5969008334674914e-07,1.7189530728980024e-26,0.00525628952631088,0.15930915327174164,1.6714259627246156e-155,2.613306054756964e-109,6.212372341870251e-33,1.5364803966332497e-05,0.01071257946208306,0.009751728225958614,3.826614048933799e-32,7.531636284660306e-45,1.085476613613412e-06,0.13320254504754983,0.050452375414111135,0.14155745788761098,1.8105289966279865e-20,4.567023352637876e-30,2.2473481840353366e-18,1.4440457724005072e-18,0.3049229333000187,0.0028480943611818915,5.378909189611773e-66,6.9849057362703e-51,5.424950933669433e-54,0.005420435477135576,4.961790963558286e-17
sim_acct_0351,12.432357396519567,56.268606204775075,0.5558599497553249,0.6725650775901667,0.05501042479317955,0.32569089733493994,7.007314831644334e-24,6.614771574737088e-07,9.238884709922176e-31,3.2408941574054814e-63,3.3478724984156613e-11,0.006592379912508723,8.46363086115704e-27,2.2794074508640818e-23,3.921334352597525e-51,0.009909295389354485,3.542943862248361e-10,0.001673527966866298,1.5328711493806435e-48,3.171325276665711e-48,3.853363446212692e-11,0.12475830629804023,1.2332900651032402e-37,1.3712266327484416e-59,1.8157542127612166e-78,0.10570076462845696,3.2551668465625536e-94,0.4249735965397809,9.010529120494628e-40,2.5277618799820443e-102,5.2258080353952884e-55,1.659375925958622e-63,3.313365432520998e-25,1.088818307669045e-07,0.0007004611447575127,1.5313064594139755e-36,7.724846702495787e-127
sim_acct_0352,95.17988668763483,2.940505620446598,0.29432763347694385,0.49696227752447897,0.13120209678329184,1.7481411310257405e-07,1.0166172368218847e-48,0.012271371373119013,2.2556257944659975e-12,3.0730269386400148e-15,0.007075555973010464,0.003495696265879639,0.047594845097369574,1.1227643725189381e-06,1.081006928814708e-21,0.012996268050119036,0.004345557347094975,8.698143192294043e-18,0.6360798975935913,0.003555333472239961,0.0033901725720232143,1.8123006453318405e-53,7.483458289275193e-37,0.1268137396456429,0.004149855492649909,9.407953277544197e-05,3.662122379645706e-28,4.346401553702353e-23,5.350106328574853e-97,1.0427925308863562e-21,0.010787398634972974,4.3457074065330117e-17,1.0909580295567582e-105,5.431933644294625e-10,6.676160678733883e-92,0.12711581182413456,0.00023311900143945422
sim_acct_0353,30.72543823990709,6.099042030061233,0.3602671945531629,0.5087095224522373,0.029329601652939612,1.265184412783859e-63,0.0037225336745031253,0.0023559521784083082,0.00535157133886453,1.3733603381551214e-117,2.6396419498028175e-09,9.1250148550195e-19,0.019069261308855057,0.1369154922432378,1.2032054410287024e-40,8.826838893312205e-173,7.419909794702944e-23,5.466704277742346e-27,0.11078639204513359,0.062738050730518,3.107188326902008e-08,1.4125173726924754e-09,6.94344766305295e-09,0.16185467368882478,0.1954792705344936,0.20234304386549762,5.424074256767623e-40,7.661839425087485e-51,0.0008990209700184129,3.860654702282693e-107,0.09848389058913178,3.441710465900741e-09,8.013233126275287e-07,1.706744971084365e-27,2.6571348805612425e-110,3.8825786871310916e-44,1.9315566144758325e-81
sim_acct_0354,5.371325904635261,55.98553365864739,0.5242501942897874,0.604788944935575,0.05146447518291619,0.19116457807721512,2.769016912088716e-09,2.6073203570266774e-23,9.490986094475713e-40,1.008382333625895e-19,1.1776029643986536e-35,0.30323922832251776,4.1694603172100523e-13,0.0002874490383294494,2.151630292378384e-67,1.1248494859011313e-24,3.3806729433223646e-08,1.7469482110938685e-55,2.0273847227609955e-28,1.1383474203130188e-36,6.228651295384777e-73,0.13106263271546018,8.01030027259981e-28,4.182018350367554e-97,4.276205777189361e-22,0.14456442944962544,1.2600457012891987e-28,0.15740796785145145,1.3496925018609099e-73,3.659118220871278e-08,2.9222619853379283e-08,5.236442267917837e-10,9.807579825059661e-162,0.0685777076931988,0.0036959039385921905,7.6448574771222705e-62,1.6920742514055988e-95
sim_acct_0355,79.57381850975091,2.7945942153499748,0.33266006178846075,0.36041867532979177,0.13591700692688038,1.187194283815738e-30,3.372931556578436e-181,9.951094199257443e-17,0.0017954121369353603,8.656594445362779e-99,3.0814029787156205e-10,0.0003595500486384017,0.0013759917279044902,1.399812818604736e-54,8.233718587410166e-73,6.212546678587486e-08,0.0007687232178004567,2.8184963198408037e-14,0.49199575266726836,3.0928089626243326e-13,0.07394548987142621,5.717008240412625e-43,0.0074838810632930465,0.0012437105381261342,4.2955177673193373e-07,3.773709366712933e-14,7.761519033182505e-27,4.482390518315477e-14,4.917403540687162e-33,1.3310497174529024e-71,0.05117053061619411,1.7161308583006723e-09,4.7716332314763184e-186,1.4916910041079807e-05,1.657585333766306e-119,0.36984554750043747,2.0657181338303406e-18
sim_acct_0356,37.02934402457587,6.5543740818369365,0.38692156847920844,0.4636012917808456,0.032498649072698484,2.0718256074458086e-51,0.06035293890344983,1.002575018013906e-05,1.8760190754681514e-05,3.204213503902968e-24,0.10427547596398296,1.746812849389508e-37,0.006704203751121712,0.5121346417437175,8.13877049540017e-109,4.141451952555465e-57,1.221014067283173e-11,3.2018148456154006e-61,0.01576578652613293,0.030212836637307956,8.740129107183697e-06,2.2023759894226887e-14,0.00043928102645651544,0.05863758765140407,0.11021308102749632,0.09335969703466312,6.2200759042453095e-24,9.459291472585444e-42,2.3769120113289323e-10,2.8360412410645193e-11,0.007866928484667364,1.4901273919666072e-08,1.3523356898696818e-56,2.427093477046166e-141,2.5107865499755885e-120,1.1918241199887582e-16,1.6412458268365436e-31
sim_acct_0357,4.975748451632081,61.48581193127568,0.5734795313681277,0.5318877791592446,0.07419831917990595,0.04332896581650317,8.532544718904523e-09,5.0104387815777297e-113,3.7647845045638646e-92,1.605319085266307e-06,1.7356797074845047e-157,0.13067728148020682,1.471814653938694e-50,4.7518391519326886e-32,3.858199817588604e-27,2.601056436660962e-51,1.335091654015889e-156,2.570462663933039e-77,3.693561738118426e-63,1.1550824879708448e-82,5.817610167762049e-13,0.14444687276814283,3.4315650843679283e-103,6.7539197025615285e-65,2.0349852460211956e-16,0.04883011141819903,2.6382707686869387e-97,0.5933233461924237,2.166358853142702e-46,1.7489647398829148e-76,1.0974009432317251e-38,9.186760642793216e-32,1.5744287239648432e-08,0.022197332434206185,0.017194460293819165,2.489779901445678e-107,3.712945470126715e-26
sim_acct_0358,95.27133614698342,2.820021477872907,0.3215857651730187,0.49011831167205283,0.12001230254378871,9.316939069856458e-06,3.2411842437104906e-14,0.006408464218066595,7.941254725305249e-30,7.824360354324193e-39,1.306649872083302e-11,1.9173018013289105e-08,0.05129500505312579,1.9109371548688458e-49,3.6277329557195815e-51,2.2203963292055824e-11,0.016139974511037256,3.518002456614601e-18,0.2951546575896405,3.900639067771868e-12,0.2131212964152817,4.596480207761391e-60,6.215972407181439e-16,0.000703817843872422,0.1739583307714691,1.5856462635446686e-19,1.2133014349489584e-09,1.0718457480969094e-15,3.6291505474381167e-12,0.009298763619557856,0.009500038669948698,2.6149094652284697e-66,1.5068103293426106e-30,1.4508059960624973e-08,1.8722138701381744e-46,0.2244102994317162,2.347230705627676e-18
sim_acct_0359,54.674277082656296,7.827441697794276,0.4223024698663725,0.31615935412187934,0.05093125310836226,8.50026603325183e-40,0.010488021761725736,5.537242757416269e-16,1.461441701540953e-13,2.957942923843231e-155,0.0006167117166230664,1.1641783099123917e-25,0.0051190885423535535,0.041111272965592284,1.8620177154741214e-96,3.0524723123180467e-07,1.972752275115516e-08,3.739469373956365e-57,1.4765316587237318e-05,0.06042921953134098,1.682992860137827e-06,1.0994282002980826e-13,8.902441815388757e-06,0.04158333576427499,0.21792220390499212,0.5112253355347077,1.6399626773829784e-200,4.890752772519654e-21,1.1934735829351426e-68,6.187801567656851e-28,0.0042713544491760685,3.6462233095207463e-32,2.3934907681393695e-08,0.10720775616803238,3.0718633012138438e-27,7.679419843600875e-50,8.59646504162244e-17
sim_acct_0360,5.762709313514491,65.588535688323,0.48360035567565013,0.5950812558469197,0.06756547913626008,0.24045490353048227,2.138987041909182e-08,3.1582703385539305e-22,3.03310962421833e-14,1.3693063498604404e-25,3.654946633940003e-07,0.003173475477595855,2.1217773428397475e-127,1.1002000721033425e-57,2.372006420984156e-24,1.4243422728878362e-129,5.867938012201726e-11,1.8779055686487428e-80,3.74699885674494e-09,2.1477054057350333e-08,6.734867384706307e-65,0.22858567683554784,1.0244272046378627e-11,4.3827628087056864e-05,1.3702815466398203e-27,0.06942457234205385,8.424764552428121e-118,0.4186906905265524,6.037471783461937e-191,7.289805336213498e-27,6.305593287852532e-05,2.598050191856134e-25,2.3086187323767543e-12,0.010964236667036348,0.02859913160726479,2.266019875503868e-21,1.727265135085107e-08
sim_acct_0361,99.40060289531118,3.084034445863225,0.29386456291233665,0.4734812431793216,0.1008037852345396,1.085621249609473e-05,2.5986582963728308e-123,1.2670817705648713e-10,0.00032525456080486985,4.968978668601956e-122,0.0009482880057667988,3.166845393220782e-05,0.2416889574400085,1.1587482266265197e-16,1.4619801585899498e-07,0.08704384397458213,2.8517506378308793e-05,2.674853582149843e-32,0.24380720158960967,1.127463432848476e-09,0.03761974557756028,4.401325836499065e-30,9.013873331572415e-155,0.01996608458464778,0.028198426177883835,0.0007901828587040171,2.4736888221340603e-29,2.5924828652658593e-15,1.0660291229840786e-16,1.6300161171660295e-08,0.2404275230179799,0.02716993439510165,1.7822873046468755e-72,3.5263898108271074e-16,1.2771276418591104e-99,0.07194335189219202,1.7836053551274988e-38
sim_acct_0362,37.15601362106504,7.758088817089656,0.3267694401087067,0.40179781819782506,0.04160730351531822,1.4108678046266499e-102,6.804224382307434e-05,3.2945459235675166e-31,3.581950403594414e-13,2.0058267662038707e-180,0.011218033937507928,1.3029921850304931e-36,3.242693956799846e-11,0.13587262345292833,4.48881610217203e-19,2.2964698555069924e-17,1.3699835712092866e-09,4.982802559088236e-26,0.0013750208008783016,0.011460420693659084,2.373803185662659e-18,2.626098356645023e-46,7.0857585462087855e-25,0.5043664705571438,0.07448617373003687,0.24985046476007705,3.1830065005039764e-52,7.951292502330644e-30,1.520020635017821e-28,3.4607192442198984e-104,0.01130274842114327,8.948733444706565e-128,2.990213257137676e-39,4.006086213180308e-46,2.6722425230220004e-46,3.35715960897752e-14,7.035888818330706e-30
sim_acct_0363,6.656351781215452,58.70542429886822,0.32606400295753724,0.6332097262477204,0.07842693463221269,0.30601950962356517,3.056688322096385e-12,1.3267396380512221e-27,9.355572323890819e-198,5.717825245217875e-37,6.308168528506025e-21,0.004373260979726826,9.405900773319334e-212,1.5144909779562437e-59,2.3394818450786807e-07,1.4040134749935827e-54,2.36922471299242e-25,3.2988568964983284e-55,1.3765533831037418e-19,6.25381338006611e-38,1.5786213904795475e-36,0.15181253795237812,8.087491029209588e-11,1.4501038291104333e-23,5.990109238508581e-21,0.11350704451746658,5.414706327857723e-09,0.3199599290289589,4.7887135932330205e-06,5.578045883580086e-18,5.185047814740229e-104,1.9939785869238315e-29,4.814785867817785e-123,7.345376986732721e-05,0.10424923596762115,5.509694251669248e-57,1.8199984586119536e-51
sim_acct_0364,81.48547615314563,2.979450658836557,0.29978038918386013,0.47626341852524395,0.10096133950867411,1.1462851133401812e-05,2.304047965249686e-110,0.06866428502605804,0.00013891302974930472,9.9123032958067e-06,0.002683710283543047,2.016822899771056e-22,0.15939167541818164,4.843033174466319e-54,3.5193711313993275e-141,0.0007935649928017727,0.068782004376368,1.491453375310275e-08,0.42789524621722613,0.0021260733183868265,6.628137545625961e-05,9.345016499360486e-31,0.005038986520257175,0.002503739341618278,0.09300141840707588,1.2873804677718584e-05,7.696689244198193e-06,7.403462995805335e-10,2.6572951971586584e-46,1.2410486278820408e-67,0.11217482747998099,8.465231639920614e-49,6.194010903562121e-21,2.270667790138964e-09,8.085324402136077e-103,0.050184655073422846,0.006512655565974908
sim_acct_0365,34.4044857080253,5.669741578685036,0.44113649500384683,0.5960092569240402,0.030134547353230626,8.319133718941321e-16,0.065587928701266,1.520804121291563e-06,3.577592046800233e-15,1.0064424943130961e-18,0.0017377291232486289,7.166188767524331e-50,0.1548774842275013,0.12820024347462267,4.704798797204712e-82,1.7780571699488263e-15,2.7398661629446706e-09,6.806909645617254e-07,0.032033809301843984,0.05071287545915311,0.006282327477285429,1.1969898914236764e-27,5.440345102148409e-11,0.3921928869353197,0.14295759554350854,0.001743836208223071,8.933224329192415e-121,9.2898670833454e-110,7.515108957554961e-53,0.0067135690075001715,0.016957414852640514,9.458815965325305e-86,9.539852529037211e-08,1.3983835916843258e-41,7.276520658774355e-66,2.0951995118698475e-42,1.8314506818968785e-22
sim_acct_0366,7.381495898171221,54.90421380211171,0.5788514050775516,0.45558405138031194,0.06092502601555122,0.14408785040420505,1.0547844413085088e-108,1.8899090207340286e-78,5.57823374288779e-13,9.163404965155082e-18,1.3873378447724372e-25,0.0002939389450331213,2.3439267593050778e-184,3.228441832407622e-25,4.685098941359089e-06,4.6690695945206647e-23,5.744617808485581e-42,4.754793476965438e-37,7.560245767426267e-68,3.0377109749316583e-44,1.5728246428030494e-07,0.4441537932103095,2.029092589208762e-59,1.1709771429003687e-08,2.708828173391021e-51,0.03505097467041236,3.0744762668039385e-17,0.20050576539172077,1.827655177948197e-60,1.0210529648721877e-23,0.17569178808924096,4.276784106414776e-42,2.5882240896439033e-11,0.0001339733994337953,7.70617713826499e-05,6.445103209898626e-13,5.206699797519884e-24
sim_acct_0367,70.56671642239026,2.2431560116936633,0.24621252390051646,0.6819741590471301,0.13588414481066916,4.894588323733705e-19,2.031539045860027e-08,3.687553204060016e-25,3.003872916452276e-29,3.002240752554175e-57,4.950499383552541e-46,1.0872178509458097e-09,0.11467878413679683,6.020070126107195e-15,1.2921247521384597e-21,0.05933570625495599,2.760604678704718e-06,7.890018205525809e-20,0.5801458940872016,0.003601737263115046,0.07399481226256262,1.8498358994282868e-100,2.571051043249691e-135,0.008132298810004903,2.701581858110287e-06,7.390124743433133e-07,0.004189706635717891,2.6363515421307952e-58,2.8673946038060554e-84,3.01955732837958e-25,0.14718238409094128,8.08649316383193e-08,3.541389363772245e-41,0.001190545605334161,1.1514754971926017e-30,0.007541827386812503,4.951020794771008e-23
sim_acct_0368,39.66655010924084,7.223463580525004,0.4269239373828344,0.480310931484395,0.034374465836296386,9.610986198298812e-120,0.12715054764887773,0.0023894219660253032,0.015858386897719158,1.1432160328296949e-41,7.047635476392602e-17,7.329340512468428e-45,0.021878001175445826,0.29730535432577593,2.654752879080262e-51,4.1960514155649924e-24,2.757058152243636e-24,1.3775293381102478e-28,0.0020723761448401094,0.10776705036546387,4.077749828456079e-17,1.017250870456687e-55,1.6893367971998676e-15,0.2944300549649574,0.11909683903936716,0.008380308277175093,9.349978076493762e-109,9.199660079046332e-16,7.688080644688927e-09,7.233847123250452e-69,0.002916947220233,3.5342733067713388e-53,1.230280758564e-106,0.0007547042860362476,7.388514673276264e-43,4.107417284322376e-24,2.6195766461806485e-47
sim_acct_0369,5.322779379404378,65.44114523261854,0.41220990836993526,0.5075969681846959,0.07909768925257597,0.06544329952532289,0.0018354904710600473,3.808250574511978e-13,9.62940495204201e-38,5.6791134006953425e-31,4.626444932243559e-67,0.107103287048394,3.113696294789918e-57,2.5033226240649615e-69,4.048668689695526e-56,3.02007360334376e-10,5.314221057853607e-213,1.8812008008550806e-06,6.567170250699321e-28,3.3805154157026296e-88,2.9348982710240688e-245,0.10849902540363532,4.911322245496415e-83,5.77414436967023e-27,1.960486205674717e-12,0.5672779547580208,2.250926228957529e-15,0.08393675292598601,5.128636175318918e-06,0.001370675875278308,2.926484576137318e-66,6.018300157838549e-36,6.56059981388098e-05,0.035138383894427506,0.02932251395840918,9.060246733021207e-191,8.024250104813306e-23
sim_acct_0370,80.99441672110889,2.3922755171016483,0.2759133658281978,0.4587406060382151,0.14392671256492057,5.338142477708386e-07,5.02485582799468e-56,2.7794834756291254e-06,1.9933492690097993e-43,6.93164259609375e-46,8.554286506071468e-06,2.056264275709101e-05,0.06829964587673774,4.918121878614317e-17,2.3318939029140744e-132,0.05067631595402813,0.024086255191458128,2.1341544715153147e-18,0.6343320151343645,2.8647464134570114e-08,0.0008859933147110288,1.0124389911083194e-87,6.438997123930226e-08,0.004890265354776867,0.0653077625417485,0.09805763129822559,1.1028764503661235e-23,4.422949757115446e-71,5.436308239786317e-07,3.455600978145994e-26,0.05289535156355328,2.6971287248474835e-24,3.681855838465195e-60,3.933935468506344e-34,1.2356014528496013e-21,0.0005356709087306722,2.5966419636635926e-08
sim_acct_0371,29.92596501432704,8.450863548577663,0.39121188646944205,0.408685625436985,0.03235317088144833,3.1066428764211646e-146,7.889424438463535e-05,2.1909299141179376e-20,2.613714357918406e-07,6.397077950554738e-117,0.0022733525845800434,5.325535406571159e-17,0.00010597666313870561,0.5238659297943133,1.3117507718109527e-40,1.7396100280551202e-06,0.02396454480753303,4.4878082343036864e-27,0.00447104401383514,0.00641591906739003,2.63312330521386e-37,1.774733935001696e-42,0.1237417442503606,0.12083164268282771,0.006600041191612103,0.13261816991613984,2.817531712489025e-47,1.0295708200169556e-83,4.712643684548512e-48,8.327624370472927e-75,0.055030739802421014,1.2686268526523565e-35,9.30765115364236e-76,2.3503129010189874e-23,2.8097758099831743e-146,1.7686499160155886e-26,1.6017987181740692e-27
sim_acct_0372,6.087126671697683,59.21509035603407,0.43636662167653795,0.5631282676981276,0.06915843602454984,0.281341993973019,2.01654756081372e-40,2.680582352453642e-68,3.084046408280699e-63,2.1857116167956566e-113,5.807909668936372e-88,0.06377833166566282,2.364183153085962e-31,4.191690104299042e-34,4.955375791955875e-18,3.5590524012171456e-07,2.8218441179421244e-72,3.5998205667448853e-32,1.7950675631747132e-09,3.6279745269210317e-16,1.706727400348266e-35,0.16026641625589777,3.7885378723930964e-10,1.6551785095131558e-50,5.308680801385558e-44,0.09326433542781375,1.2557223088250932e-09,0.37937394664404855,1.13335586952876e-103,6.970394573021111e-05,1.4563202136185124e-210,1.2042631655786208e-22,5.946824720412267e-35,0.020742482373425596,0.0011624303795182704,1.9545136641542933e-113,9.109920068718243e-231
sim_acct_0373,78.50659059855737,3.237220270900422,0.33368567853531056,0.47985272366021353,0.1078253952416446,1.2692466128312088e-05,9.850639147724824e-30,8.360668510075179e-18,2.653924023024988e-10,6.254378893647953e-44,9.066009986654223e-07,5.353281532205751e-09,0.058258077463863314,5.819447489363595e-73,8.818531369508118e-52,9.536648850241661e-05,0.010465589752084259,6.566538496032201e-94,0.6074457054872667,0.003055586132016009,0.0019989109138908276,0.0002071666788981496,6.456744096263191e-27,0.00795699528634405,0.001515673917600934,3.4388243303466354e-19,6.704295474873253e-33,2.439981125288757e-28,6.814933626176241e-68,7.804057836800667e-113,0.035524773517745856,0.011651065946929762,4.841858258550243e-50,0.0001395066500347127,1.1209183247327995e-09,0.2616719759581039,4.2257199886151445e-27
sim_acct_0374,36.98656178281043,6.032313251610527,0.33943661135912767,0.4919760435601103,0.033649674733477214,6.727753331759372e-07,0.0038764909060207656,0.07574900432539429,5.267444059405769e-16,1.6136366951736623e-18,0.001714117412821225,1.451394197064258e-100,0.0034554773966605384,0.6476108513665959,1.451151313539983e-47,1.306169540053886e-14,9.136218567277634e-76,1.2181105595319235e-33,0.0006533446602009253,0.005753804029870875,5.624411036879232e-12,0.004484456936376487,1.4138046672803612e-15,0.07704179413841343,0.06868523858285085,0.007473445639951259,5.700959181631148e-06,1.1726100062248409e-49,9.516561298071603e-120,2.656045485155853e-26,0.1034956008490503,1.008362159647961e-17,2.6055305567443652e-51,1.7879237275821057e-38,2.8578399867812935e-72,5.1029361451247126e-31,1.5639054431627623e-11
sim_acct_0375,4.955142131315286,53.137974629333485,0.7039812708259715,0.475083910911399,0.10178728916930008,0.05955433987963001,1.288738711732537e-262,0.005444082795198483,1.1220137802673644e-33,9.235275673784385e-73,3.9713364680413867e-97,0.0037529282981459003,4.016621799155835e-66,1.0464875587507488e-58,2.3113232921793074e-45,3.0575372219406027e-147,2.2962384261953794e-15,1.7076956758230166e-82,1.5566067904564944e-29,3.603214916867561e-41,8.595807799269946e-91,0.12574441808062817,1.414300289878345e-12,8.236481974848262e-29,0.4331192749267141,0.26855869293936435,2.721893303413854e-22,0.10295507178148396,9.421024998953902e-58,4.414668969827313e-36,3.9233834564768504e-23,9.346779240815937e-42,2.0869898286277058e-137,0.00015960920062823729,1.4555769662732888e-05,8.272255223079836e-06,0.000688754071904336
sim_acct_0376,78.82105149007518,3.274446291978931,0.3192454713702476,0.5000917327755796,0.11976602610079566,0.0021856629899882876,3.9228030674428734e-05,9.536438768392397e-07,0.0020801036628903297,1.2431351997734407e-64,2.695652983253441e-09,3.339459230592535e-12,0.09782915865017956,1.9711698833081864e-221,4.1502428419526505e-13,0.016022618289523522,0.0010634107056272395,8.171108213672864e-25,0.5998175348225383,0.13049374165336292,0.015713394807677306,7.364698858027037e-10,1.5040343818651253e-07,0.012339190887871474,0.0665212264566631,0.0006294378607319159,0.00019217588273907457,4.616596415524943e-09,1.8224119423439005e-21,3.6552516935905268e-06,0.027406795424456863,1.8993786150024513e-60,7.86053945993679e-09,4.6946707856338914e-08,0.0012433610897053784,0.026418131887712477,4.738928196383461e-09
sim_acct_0377,35.63672175516536,6.451752953539565,0.4252636494089353,0.4511364651633786,0.039863773815524424,6.667746621119766e-49,0.002770965828140446,6.410294114229859e-05,7.638810784129202e-05,2.6640128794726696e-209,0.00026256243253465874,4.2577294821145506e-33,0.00034299591268023056,0.03722248155066843,1.143926949056097e-13,3.258651773790609e-143,6.217242699239741e-20,2.6071535675428722e-33,0.013218784322009807,5.117599827289282e-05,1.0237523929748594e-45,4.228785706307391e-20,1.2952576470167508e-06,0.15468337827349507,0.5417746119361918,0.028123130506789242,2.4314712574560984e-35,5.464405493683213e-20,6.787366802401603e-78,5.679197410758131e-31,0.22056761135555264,9.672655955883072e-92,3.5278877479133986e-29,2.1563563694761516e-40,0.0008405155769199642,2.3600251307202948e-21,3.5958641372091385e-170
sim_acct_0378,5.032281494052257,80.86335052174329,0.4341033981249748,0.528672439656296,0.0674180794601605,0.024605313863172964,2.694073152340603e-87,8.290763744646615e-15,1.3230253527263997e-43,2.960529368814277e-11,3.9700617585809673e-14,0.18099996186365858,5.473410111548538e-33,1.821099077261807e-38,1.8775401602788278e-17,1.279482085685392e-11,5.550918454842966e-10,2.581624840839045e-07,1.304601751809088e-68,3.6522498400374455e-78,2.0247644576386083e-12,0.21821008433910286,4.1220173944307357e-249,6.145761528017232e-66,4.58411884303522e-58,0.014035716925936125,0.0001854566177859632,0.5597654520477013,3.422506498472623e-21,6.55218126698351e-38,9.825594493247319e-26,7.226757819800161e-05,0.001557917996660681,0.0005228268524607302,4.474315327372184e-05,2.621291410120336e-64,1.8437788998266103e-51
sim_acct_0379,73.34219132405154,3.22952157758887,0.20517637464323077,0.5088934997230923,0.12563983276327467,0.018453000964428333,2.1525538737184933e-110,1.8491370253654755e-08,0.0023743549978750464,1.4780653344808276e-37,6.754854376545962e-05,0.0038849209841177474,0.23865871684080053,1.660108348369971e-63,0.018563546925291222,0.0018792048315346207,0.01732728467004265,3.8172358602714016e-13,0.5626011232897363,0.0008167410092534185,5.500704267770877e-05,1.3416240701216867e-69,2.1714796318709897e-209,0.09102221435150816,2.6996348748893314e-10,3.235740375287456e-11,1.7821388790269738e-91,2.1114998961643476e-181,3.065112528275054e-31,2.0332726007093884e-117,0.03472384095609501,0.00021984118963065428,1.6697517388423816e-84,0.00016216637162125787,1.2587028323098433e-15,0.009190468237547818,1.7058390898645137e-39
sim_acct_0380,37.10493825319143,6.634648500618838,0.44350782521382076,0.4650330309683881,0.037718695727928714,2.7628022786364307e-47,0.03866545405077602,0.044261611586078733,2.62127362273946e-11,3.5601107610820975e-08,1.6158737147476607e-13,2.74578831303295e-20,0.02791687249633946,0.2873183330286219,3.55287353244684e-25,7.31952560849104e-55,1.7828891230135293e-15,0.06780199986129672,0.022870052601000848,0.07397611104416056,0.0239632743515573,0.00037167120762500536,3.632896996515731e-05,0.22175732391150116,0.08699036836861006,0.0810588116970605,9.263027223727231e-08,5.287858364730671e-127,9.270022688391076e-53,0.007798798625715449,0.015212859941934598,6.205746562840338e-20,8.424278860844298e-24,4.625295804922213e-16,3.949682877803155e-98,4.4875079143564666e-157,1.323490128199158e-36
sim_acct_0381,6.427601277878203,59.294438256241165,0.5422996406103656,0.4249772888069082,0.062053496692550954,0.08974910422603324,6.305496740721212e-21,1.225208303176589e-117,1.7845943090578714e-08,1.7159357390877618e-13,0.00029046242369513866,5.962036736570547e-06,4.18066794153159e-07,4.5172476397671877e-156,1.6499320364664298e-48,1.0403488376089533e-11,5.026541590733658e-17,3.034235899186265e-16,1.2561609828864063e-24,3.233552077351434e-44,1.0789826213465324e-98,0.4052822522838087,5.462698475858394e-12,3.663052852288954e-70,3.2039902088806685e-07,0.2280854177064081,1.8558452135239286e-10,0.2728570056718894,3.85456023487941e-93,2.1595969078287476e-52,3.0175214679313913e-33,3.352935408148302e-33,5.32150346662548e-13,0.0004600142523788041,0.003269024883928809,1.208346259754917e-12,6.085599604606225e-76
sim_acct_0382,108.9298178508809,4.080757918476096,0.21869772460208528,0.4976497865022534,0.11067924946348912,5.85730326074481e-11,3.1932317845151994e-20,1.453267003576847e-06,7.905024611614133e-38,1.76207546002188e-33,7.037931446407212e-17,0.03905091514944288,0.0005246442579241924,0.005347969953108327,5.1720666341375555e-188,0.020904762064588092,0.025734163616526202,1.837149696174628e-70,0.09172683792568066,1.9489352150190277e-05,0.008155592076744619,8.015853160217066e-54,8.935351830688646e-08,0.1486860844801875,0.4826943150217779,0.005085445395632924,3.973315191506407e-13,3.7783540784233126e-46,8.295318617201613e-40,3.6691525683118388e-84,0.004260208485918784,0.0007491878162090821,3.092682614726216e-28,2.2102533797715094e-20,1.010969124434519e-06,0.16705783075549208,2.4058391368376688e-39
sim_acct_0383,33.510143965451384,8.999633912291626,0.26874655432689953,0.6231530067189395,0.031070077074242475,2.6286948754074396e-34,0.18891766046734815,1.781660147805767e-78,1.843424343678932e-26,4.422284728972401e-133,0.00024731711145356674,3.8059571846621346e-08,0.060851094926221136,0.11609793903069553,6.007776668468813e-13,1.1056984792637032e-79,2.586614335693874e-181,4.888208351049479e-81,0.0018426722194821016,0.0004417846973206119,2.2939788671644672e-23,9.272665377519524e-07,1.3639291100661436e-17,0.12871420823299792,0.2576010605120836,0.01464485887662761,2.7017026871418153e-80,0.005624949331559484,3.317005446898171e-44,0.2247222177232724,0.000293271543863979,2.4359042395172975e-92,3.6876118490359435e-40,8.997595909686228e-50,3.635147913856392e-13,8.196880574216991e-112,4.4715884554358983e-29
sim_acct_0384,6.6653205041966705,58.750954060115525,0.48316628919770954,0.5593836941001259,0.06968886084814971,0.2892863298046826,1.1364526281917987e-42,1.945472683387185e-29,3.347092196748961e-54,2.4572035644071474e-12,6.2706765028529575e-21,0.010330192187483295,2.5079431778761455e-12,7.383948650572004e-69,2.5220904211814714e-10,9.863626339686155e-57,1.065882221608574e-68,3.5040784283903863e-28,1.2248952545932576e-32,1.1701089217700506e-217,1.1916845801840234e-07,0.1395176945289024,1.2147501465713247e-61,1.422963635097552e-51,2.769076386787169e-28,0.28700948403919097,8.014422157268159e-46,0.2593668649803726,1.0879249741433697e-46,4.989631261923008e-30,2.2579982527842664e-97,3.921757270159035e-06,5.35781139746327e-114,0.014336279830621561,0.0001491134458442347,2.1035031310958699e-19,2.839023919918132e-84
sim_acct_0385,75.28178097313591,3.1758513559796766,0.27799938868695817,0.43727878560565214,0.13611371337028097,0.006374172678054644,8.398337605158621e-22,0.00040387143354265667,2.1126665920260737e-13,0.0010513056218327344,0.00122496702445906,1.9194095393667225e-05,0.06590439040604758,1.3733693316926328e-32,8.850523829588194e-74,0.007008384568917606,0.0011675455067731838,5.63072145357132e-112,0.6164096223004117,0.031223833779835196,0.005640050889812217,0.005094065184504382,8.008053385278611e-16,0.07788021783187334,0.0037909840381389315,8.233204854648987e-09,1.221977422844504e-12,5.274256637837301e-164,1.0191242620968956e-17,1.8947498534457427e-49,0.04476806999250296,1.3064766744563018e-11,4.8253299368460867e-147,0.024808092959377685,4.321929360226823e-08,0.10723118022152518,2.933928099800695e-19
sim_acct_0386,39.312046694868386,5.2581352037794575,0.416601165339232,0.4740073146721447,0.03806418079315952,6.022014215280047e-17,0.0585067484936504,2.8814833619653538e-09,3.836011686134706e-05,2.5965694152764842e-06,3.798928183812603e-17,3.1561984963774765e-05,0.00010985256175997897,0.356530890820099,0.0017958102566842371,8.275713345002097e-69,8.199046625677928e-33,8.653253506139908e-39,0.04830320715225318,0.0266521923194077,1.0695151902839178e-17,1.3264371457727249e-05,0.0015261325684688893,0.4326442339662124,0.058302736718115394,0.015061840574511305,3.104191414931382e-104,5.561094677698363e-13,1.7829186987517244e-26,3.908414964914641e-18,0.0004805686441000455,4.237218768657213e-62,2.121534310786651e-43,1.8543115640094617e-37,2.412065438922349e-22,6.254537512520034e-46,2.790167952828158e-95
sim_acct_0387,5.289143856593036,61.169611312821125,0.5941846513616008,0.5606725964893586,0.07507401368843654,0.12220774376386986,1.1105325747937407e-60,2.2267951017258474e-21,5.610741672660209e-17,1.3423367374581318e-33,5.000503931499878e-44,0.09658213004863192,8.322380963126673e-138,3.25506595215048e-14,2.8783100610003917e-28,1.423059870163057e-39,5.812541588606341e-05,1.2759468318237972e-46,1.3055657316441882e-09,4.3462171375764104e-21,2.908977180145761e-37,0.03422647416763864,0.0003070028970473882,1.7843272776844727e-48,8.18038417105133e-33,0.0007240755165991279,4.0235322147758864e-76,0.6362733404866411,1.5284310644023458e-10,1.0053963902353775e-56,1.2419390609541702e-51,1.2179549969718083e-22,0.0025322553888048366,0.0006526174932888727,0.10643623336280042,1.636622080316034e-17,3.503880886692637e-13
sim_acct_0388,92.91719054034068,3.373257509715399,0.28423979431838464,0.5641051512911806,0.13094850622954018,2.9422266769557543e-09,0.0033478886290238923,2.1304222043891804e-09,3.338920057664085e-09,1.7177890752215422e-23,5.105015184137091e-13,0.00335801570991674,0.02893572091206283,0.00263622223235915,1.126425662833671e-31,0.09426279196440768,0.01097257526004594,5.349462616952318e-17,0.4439135225034159,0.004527407296637562,3.6943891956237115e-06,2.5356090862854647e-79,4.9762101333005505e-18,0.009360332322503082,6.339948610863782e-05,0.02759874809976404,0.0015470585205365217,4.262533025853974e-36,6.455421742401704e-49,2.8600592810583196e-31,0.040724492447210395,7.783194129354435e-51,0.0007193981234677099,5.834703602732527e-10,9.194062833498874e-38,0.3280287231077943,2.2964871248724718e-21
sim_acct_0389,37.99181935409035,6.427402716536454,0.4874639292142692,0.40000195710451303,0.032622477390903924,4.969666259091909e-10,0.04648622314637202,3.1261710052351807e-17,0.00046015825381639483,4.945350956407008e-201,0.004747949484669886,6.125330004622863e-31,0.043740825758414176,0.12986480991620017,1.9643367366168224e-47,2.8101234990554172e-98,1.4519494263179802e-05,1.6277687932603464e-05,0.02019609113169524,0.03956405752549041,0.00011504522425364574,1.2550236552726927e-34,2.1739655950261102e-07,0.05485379593996067,0.30493384920788535,0.04100929698948989,7.053604922915143e-36,5.7443479747914506e-18,1.2242086775575616e-62,4.663683835612497e-09,0.3139968776823464,1.5213800236526738e-19,1.0240323303921142e-31,5.5088310472434735e-46,1.9985422467689433e-43,7.716806215991681e-35,2.889300266909713e-40
sim_acct_0390,5.175666506823273,76.30439771195539,0.39024508153493026,0.8137456249650804,0.09098553908608457,0.029303873355060378,1.5205765842848763e-62,3.1148270038164105e-23,7.039000231500148e-50,7.430491250414572e-87,1.294962025159286e-119,0.07296352223331992,0.11683815503368722,6.979970342100968e-14,0.0006480424050073109,4.496767723662067e-28,2.4020660648572886e-47,9.288361558451851e-76,8.845846813939673e-31,1.6161123347215127e-57,1.3074636650689343e-53,0.5190659496866941,5.177047730622075e-41,1.0331774933536366e-42,3.5441134725240143e-37,0.1785542807905709,3.6070678570970214e-57,0.0819229076141336,2.253251900942695e-25,7.289379616756327e-19,1.618149797752101e-266,3.4605077044769935e-51,6.968506483892118e-34,4.644953687811161e-06,0.0006986239277690892,2.3316010096074762e-46,1.636816077415155e-53
sim_acct_0391,100.77673919781351,2.8048119444090784,0.3928203314711247,0.4201482266817703,0.20638612258544783,0.00014526782844463814,1.3773166982570174e-16,0.016228388108954456,6.983234577436064e-32,8.498893153760023e-129,2.1214315509465837e-07,0.024642028221958007,0.04759645661726439,5.918046139714008e-44,9.267345147957942e-40,7.965306176566727e-13,0.002035241759724049,1.3151672761376419e-23,0.8178159593245481,1.8437495438834855e-05,0.0028557163279198123,4.775229625060646e-95,2.0531384965196123e-15,0.07426404773529312,2.1402225341911982e-07,4.3143451202890964e-16,1.7025110102604827e-11,2.224004462678426e-87,6.095249445165789e-78,8.301557201944288e-12,0.002953321141484004,4.100100008255481e-21,3.701209127565107e-111,9.374673564562481e-47,1.3217638448064818e-53,0.00638633268641224,0.005058376561024247
sim_acct_0392,38.17157451443123,6.935322725665718,0.4258830022084967,0.5174680557403422,0.040687540149300705,5.287414239975886e-13,0.08933538641338956,5.441969096421615e-07,1.4212252621111447e-09,4.3451794531347495e-25,0.0008399561617310929,0.01140426435212271,0.01247429626431286,0.2298722219653761,5.796194872752691e-148,7.951638973504106e-05,4.237427639303174e-117,4.006837341872531e-92,0.11004803151752011,0.0029796107357210645,7.45535754046864e-05,3.199842222416164e-41,3.5058769203663135e-08,0.138498856449989,0.14599665785534316,0.12845694300417185,4.919544197052247e-100,4.075407963883071e-255,1.0743556474485804e-21,1.1488648130024475e-182,0.12993898539136367,1.2598753287704705e-09,1.3791629377779738e-07,7.018641902992588e-11,3.071880298083647e-14,8.513277094011674e-44,4.092107753646115e-101
sim_acct_0393,6.008595680796205,51.336864396624755,0.42680512238899115,0.5750616362573617,0.05526591739347702,0.12569422904040023,1.522924199689224e-63,5.8832453908641296e-12,5.04554769775671e-25,1.446525779592737e-09,0.0003974790465171409,0.08165843662599091,1.4293635153362713e-47,3.616973473343891e-20,4.983424155294344e-19,0.0032487587393736014,9.862524358106886e-33,5.5081523278804185e-86,6.011925548714616e-23,0.00039276818935429374,0.0038192650813076113,0.12055492453837637,2.6514896955181192e-73,6.533425670070319e-26,1.242141588049458e-26,0.16865664645835907,1.4653478530087757e-67,0.266031745686889,1.4319899844833304e-57,0.01073264883701167,9.472325199868067e-20,5.27379036442529e-54,1.5569372657637682e-45,0.2180903624273833,0.00072270894236768,2.4934260104272688e-08,3.5979947192425754e-40
sim_acct_0394,92.06979671892768,2.7985457617597485,0.276396670090121,0.4885149790032684,0.12765611456624099,1.0944656938797751e-07,6.097488682518305e-13,0.001427620860617137,3.11810679657757e-08,5.804699661978721e-20,1.597502726833504e-05,3.5434497440010326e-05,8.235207002712071e-05,1.7626266288714227e-11,4.9353724382379735e-22,0.0006561149663804257,0.0021378624937571675,1.7936001520383845e-37,0.4354601243063245,2.080209117853189e-08,9.101713999300657e-06,6.320686257254475e-51,3.33742841183636e-47,0.21927093006245255,0.03385341642064323,8.148273130837474e-17,1.155451660583249e-06,5.679724348507037e-11,3.0318159369426986e-64,9.661608104847013e-148,0.30552099790219917,5.365750964466173e-22,3.883894575449046e-17,7.575280376610833e-42,1.4176163243307825e-67,0.0015287527224682631,3.3363659026284946e-71
sim_acct_0395,37.50341522330666,7.862776182882199,0.38243381929877895,0.5593398019091175,0.03226045077226767,5.790300873020533e-14,0.168468765542678,6.59594287741587e-30,3.089558519516485e-14,2.6918484154961556e-20,1.0042305670009833e-05,0.007415205409650424,2.2505750779908624e-07,0.29638407859514804,2.2407970393203274e-10,5.871596465038024e-35,1.5077165798023883e-05,1.1955703515999831e-10,0.00654931849411816,0.10820306172920538,2.899332638236248e-10,2.930245469379347e-16,1.3994101865030775e-21,0.16764070259348599,0.015280597732016444,0.17372009387359255,8.073784803414355e-08,0.00040570575486929556,5.952822066856518e-27,1.2390856468068945e-13,0.00103110913736497,1.7579229661983469e-109,1.6228279303414776e-16,0.016788507425786373,5.0219049251079016e-57,0.03808742781147753,1.1961556687216621e-52
sim_acct_0396,5.567320371162403,47.02719848563563,0.5232153570789577,0.49179464966130393,0.07439985634119578,0.1134054443488823,4.854562547917078e-41,1.1045806226062832e-103,9.077058415982634e-54,9.150622369058757e-22,1.4214429570913514e-44,0.0069080201809674354,1.5569908166447352e-23,1.5964993620988358e-186,3.2901342774067996e-90,3.224004009512058e-25,5.14664309920863e-61,9.775981033455173e-22,7.254720514434695e-73,0.17064552142937423,3.3152160141397314e-265,0.16368309309441728,6.567988408319108e-27,7.044210784889276e-31,2.1199049063501995e-83,0.0970051433595442,1.5453494307700912e-19,0.3523864486005415,1.0246954864122675e-97,2.19706406025408e-173,0.0032064967465055623,6.368115737161757e-20,1.679889153599808e-48,0.0002238102264589727,0.09253602201330843,1.5621746015742422e-104,5.6539008844921594e-24
sim_acct_0397,101.00506206991577,3.2307804605822215,0.28668157826380963,0.5214165802024439,0.13175469185590571,0.02210222826014151,3.932468324103153e-189,0.0019376510013315229,5.1271525066377064e-61,0.0008364817718822142,0.0010117267689741796,1.284062955245964e-11,0.03234012415260312,5.602310969526832e-10,4.441408776941499e-11,0.012563298796794345,0.007475939346239564,7.669093075456246e-40,0.5576149820394187,0.0001732179742919537,0.14096914425805696,2.4082191018019558e-37,7.31007655798224e-43,0.0544650922763803,0.1395967739353439,4.304189870804494e-33,7.779692561241655e-24,1.664655459224995e-62,1.9126052272359515e-51,5.823665003166877e-129,0.019233883995930554,3.6767627392714723e-75,2.0421847313653995e-11,0.002077688767858773,4.2489929672185376e-17,0.007601766016844808,3.2249655022840436e-18
sim_acct_0398,45.31042287325353,5.855004400059834,0.3865273748323268,0.4581863679479829,0.043536186856081585,2.4064040777910765e-25,0.019896222496577565,3.6975116369165095e-05,1.1074827529745676e-10,6.026999106500773e-101,0.02808468945265981,3.130092718560003e-20,0.000813764648978704,0.04465027444202647,1.9937424764932246e-199,1.0770509088976402e-141,2.0307691164535992e-36,1.2456168296694228e-06,0.1429598653503031,0.009702176446558526,1.3618580585855008e-09,1.274813795583609e-53,3.5964863137346574e-16,0.17707711391462067,0.2816003911863434,0.205009827283622,0.0005111181520757942,2.487143901318307e-32,1.6037612959653118e-51,7.727687442036706e-73,0.08965535925894182,9.141906671664827e-07,2.805303166674562e-94,6.097081943783599e-08,1.0622858134011034e-23,6.064197939621549e-35,1.4057661081197614e-136
sim_acct_0399,4.535056059999021,75.31649034889072,0.36707720907361135,0.5382167422721194,0.07660299273001353,0.34055491741473815,4.2592769882957305e-06,4.8132182924413276e-33,3.8353642679522924e-62,7.81537892185667e-14,3.102574960103123e-13,2.577391281086967e-07,1.867014426836269e-08,2.9172261997368545e-167,1.1381030766721968e-81,4.8121038009090923e-08,2.7993396236997572e-46,1.2286983329967395e-25,0.00013247920144158427,7.994929849275742e-75,0.0,0.07306188624097786,6.1658176763248774e-136,3.827849236486589e-18,6.83723805282406e-76,0.4066553608671603,4.104802123810304e-25,0.14268760218759594,0.0004000490787578289,1.092226538908542e-08,1.9185337805376188e-45,9.869800721367305e-121,1.2780237544325157e-230,0.00029502672374363386,0.036208083555632216,7.118904431293578e-126,3.5695196901429863e-73
sim_acct_0400,85.12710199364788,2.716786991174469,0.2750400577439306,0.4454857747658649,0.1134843247581449,0.0004656699292469551,4.770065964218003e-21,0.002903507409798278,4.4633845232067824e-14,2.5042853446605162e-17,0.001686947345734675,0.009163723386748758,0.0641871731658805,8.575642768869192e-15,0.00045836573082961055,0.005634246159301951,0.011907267228728613,2.2087083375361152e-52,0.5680627434085941,0.00019546633947054376,0.02285563856757836,9.906436196771581e-48,1.0195161960487934e-131,0.09303638086203712,0.011708554054343137,8.1902034455419915e-22,2.8959858688089902e-08,3.205291118841179e-15,1.973571360956921e-32,5.938784211917201e-81,0.07199623864741925,4.3428753454045385e-21,3.1105108879938668e-53,1.7633204712899112e-06,9.69470657679165e-22,0.13573628536852655,1.1537505560952864e-10
sim_acct_0401,34.08468919993869,7.661777612721863,0.34461747856645186,0.5523961871306561,0.03793485244116233,2.2655329561057245e-65,0.007058549164095723,0.04386218793304495,1.7582138510835733e-08,7.701519379241093e-32,2.7930769007475403e-05,7.818767687416573e-60,0.0018695758840277694,0.45571499076186656,6.702003094359721e-109,0.0006518288350638708,0.0008871966103520778,1.3888928642854301e-15,0.03669105282426982,0.05089049139644163,0.0016407152801916798,8.785633202907902e-20,0.007233005648924305,0.36902823326403655,0.018714986884110378,0.0024328659102579456,1.857479741245422e-151,2.1369605218114307e-19,4.5342119336652784e-05,6.218490199125241e-09,0.0018902969108422901,5.882027284024476e-06,0.001354843931616966,1.1733152653206553e-74,4.459921127498862e-11,1.5779999493397e-79,6.680872349298895e-70
sim_acct_0402,5.343293358607542,53.837671591495685,0.4782678172240599,0.6810681553785605,0.07038773302249382,0.37159914197921373,2.6162435297909388e-27,8.731757826203435e-125,2.542150140484264e-66,1.0617755035061386e-37,3.4185169753458227e-122,0.07635243009802449,2.9882320681515965e-36,1.1581716408686311e-50,2.3644620668030533e-165,5.31519365261943e-48,1.9482617225579084e-31,7.812975511091257e-21,0.0006756708787152113,1.5614131753467033e-09,1.1500010639540064e-56,0.3975411423101863,3.4770648945330304e-74,8.013658614429679e-17,1.7971647128699302e-06,0.019094934989994393,3.435575812818117e-08,0.12079343133357066,2.3365550071617265e-193,1.072331609290187e-05,2.4751748179952542e-45,2.6577918223277275e-29,3.3558386953128577e-81,0.013361822533098585,0.000568869479219503,1.3496071403555864e-29,4.568946841019612e-32
sim_acct_0403,67.76650181851315,3.2762211330098716,0.27953783976897006,0.5670070924762182,0.1267261565913691,2.259331669194545e-12,3.492437556870492e-20,6.171352247785956e-19,1.5519632004040753e-159,3.772011577711833e-46,1.507187747566483e-17,1.9905361961710678e-07,1.337073353416965e-05,3.5618028240242727e-75,0.18700676856012935,0.010384613490781824,0.011803320173151558,1.0957931557778872e-120,0.24968397311136456,0.01375679999896534,0.22409252753475276,2.196775417221525e-25,4.6766726237331366e-32,0.035268618814554675,4.9516255792070154e-08,2.372669223047144e-10,1.0503854245937071e-76,2.3183465541367708e-92,6.340705330153586e-35,0.0016820083697033606,0.10339766117151612,2.318316190619332e-106,3.297383511286133e-33,4.587988791106632e-06,1.111985200023856e-37,0.1629055012433536,3.0442884265262987e-48
sim_acct_0404,39.562288427389205,7.333105905030506,0.3900343155417797,0.48184037953483205,0.03737765245303586,6.574310678868279e-104,0.10160444175964455,4.077958139531835e-09,0.030492603993561615,3.919431012107101e-18,0.020004385722771,4.636649500268931e-17,3.728109924901911e-05,0.22991201682773146,7.498638478620468e-22,7.84420582008431e-186,3.0738777504516595e-09,3.2264782818150825e-31,0.29468975649419404,0.010594549412188858,0.0028073387276933565,1.1638463296473823e-99,0.00018519148597061842,0.14162318728080017,0.1377932572992913,0.009871711801067615,4.1652125040904654e-20,4.9254075026358465e-36,8.279972031514419e-30,1.1501653418412984e-38,0.02038427084112331,4.0266423850093254e-20,2.6059391939303166e-115,1.508771077184676e-131,2.912255081163761e-27,1.0287394798757627e-10,3.096759788474026e-15
sim_acct_0405,5.9081690447651365,60.555657897854346,0.43378040663480066,0.5861274806884337,0.07039334414893844,0.37109818344642054,0.007769779423244305,1.335147602782078e-05,2.9392775694971236e-55,1.596225405500823e-08,5.772947297158793e-36,0.011563806438936444,4.114697679690881e-12,3.4133759134241105e-30,1.8650610716076797e-45,3.325510615745672e-137,1.9654556117536078e-11,3.853776496582206e-54,3.60712001370524e-25,1.2381612830542154e-11,1.6644289912716373e-17,0.2915247027583575,1.8655950463123916e-133,1.3124376504868511e-79,4.671021599328979e-15,0.11634990664714263,2.45364358339087e-32,0.19731473562814314,8.484509450554099e-61,4.718815252549802e-85,2.5949956109322196e-54,4.76250279039688e-09,9.969788986676012e-16,0.003924229782826263,0.000441283637830115,1.5791182270294716e-13,4.17526460790344e-47
sim_acct_0406,92.5663620243912,2.6478709336012156,0.2379161923137018,0.49771928695281875,0.11880631902881265,5.3773240694436206e-05,6.047963583874664e-20,3.9820986772545474e-11,2.2528564471234863e-76,1.1654797166032192e-23,3.1724589959164788e-06,0.06264826252343672,0.004378764801217289,0.07315358578381202,2.8525628069743116e-24,0.00034495379611786586,0.00853805714910131,2.809678754172243e-35,0.7723184340153911,3.930250342703736e-06,0.0010762226625302292,2.94321519675097e-77,1.6470166900009306e-13,0.013875437334901453,0.013573671662592568,0.00046444044528015584,1.8448544182415723e-17,5.832600664508102e-15,1.16696239925045e-106,2.360303450985494e-20,0.04354769181436238,6.520432633864633e-05,3.664182587160245e-64,3.838819135569604e-05,9.454568124665798e-13,0.005916009502592442,6.564110434359674e-31
sim_acct_0407,31.70368657542642,10.160414959432247,0.3407679548905063,0.4746274263741984,0.03100720118434579,9.07711846178596e-43,0.03586503949772668,2.2107129873053585e-26,4.997752920650209e-10,4.168349038991832e-87,0.3589367585196909,1.4017256154058754e-17,0.07899516873141826,0.25817797943597287,2.1775897708868932e-23,7.592169387613029e-56,3.059583319131091e-51,2.008315416506729e-23,0.00046940386098102705,9.928152405550198e-05,1.9785990507671505e-25,2.3873457578174048e-89,0.0012871853571179209,0.08883891735260219,0.095480194722037,0.050238004330055215,0.0,1.255978904338056e-07,5.5754342215008514e-126,2.2928938586566827e-42,0.03161194054674684,3.270200936243614e-40,1.6052938452378097e-54,1.416295993741179e-29,1.0773818846721567e-23,1.1426492865907088e-74,2.392982239353406e-11
sim_acct_0408,6.57614711263836,50.86950448975441,0.421360637721894,0.5532188474508205,0.07181555905364136,0.04275518349674408,4.403586032190198e-22,0.00011996907852662607,3.5417484910129e-13,4.0139942223114224e-55,2.1428591367241596e-06,0.06920981455820106,5.333670001711125e-162,1.0731684459274176e-109,2.2319673186587466e-56,1.3565650624478468e-47,0.00012347734302306978,2.404466030659965e-31,0.012343824527656195,4.717145422657734e-24,5.490584975325739e-07,0.26641793844467254,2.814334432793706e-09,2.3600827583110663e-12,5.467825528291494e-89,0.06867980323998032,1.3534588215238895e-32,0.5049589681238817,0.00039442316461564065,5.1150740671659015e-30,4.900952254026781e-16,6.160633952476598e-78,2.621616932516339e-31,0.023995892573432757,3.422824744165042e-07,1.5361472865855039e-24,0.010997668432108067
sim_acct_0409,77.108868600044,3.2531247591404795,0.22966729953697043,0.5026601457469599,0.11108468437626738,0.01703843244570164,3.618725497314053e-64,0.02587144778946575,6.359158328253242e-23,6.097803152096851e-91,4.1353176042575376e-14,5.229962810191026e-17,0.01091151097090574,2.0411593944971055e-161,2.666000022344055e-12,0.0021613968447947874,0.07058777995407219,2.307043086890901e-31,0.8323236860835004,7.387094020908815e-05,1.0208296110841186e-09,7.621835490097058e-152,1.931000461137682e-43,0.023583934133290387,0.0015975193188885255,9.466816227195788e-20,1.3623445142503872e-15,2.2682970248795293e-84,9.109842204145915e-05,6.576150058138754e-14,5.4516098198041405e-05,9.587143030820321e-06,9.825393426309409e-152,2.9510931872787964e-05,1.4568339079496332e-05,0.01564761542267853,3.524138666367381e-06
sim_acct_0410,34.174267669978974,8.294769040510085,0.3239495678459877,0.49026115340429355,0.033166908894855046,0.03496952307474767,0.04130116147983878,0.004968358268908737,0.0007247878099869572,2.3759237296607065e-173,0.00029950685237652256,2.66903000039683e-10,0.07773153216438013,0.6999100223600074,1.901916360388403e-28,4.333308988561304e-108,2.775888631223287e-06,9.054928421006914e-49,0.03588107118646597,0.0026351110501405574,4.188166700461713e-21,1.6603114883183885e-67,0.0020238923133353787,0.03941037474783876,0.005446831860997233,0.006494166765787588,1.7606883693404164e-10,2.5600402083275776e-14,2.326387687094881e-147,5.535661401425901e-88,0.03447289137334139,1.3748859628748702e-20,0.013727992357607965,9.667774064279583e-99,2.340764397595828e-46,1.0780221024251423e-16,2.609964971427731e-12
sim_acct_0411,6.4498591093913715,49.91978559755821,0.48452146433564086,0.4730337230387537,0.06737187146660126,0.015528056227059541,4.835773046439794e-36,8.044609333359192e-115,5.076647582893597e-18,1.057641261616094e-59,1.8161373815568657e-108,0.2024235071521668,4.301480801176128e-21,4.8946462634200124e-51,1.3673728030710911e-67,0.00022882548497917438,1.2449465509256625e-09,7.967749536446228e-08,7.453911629453457e-32,1.0814331657490696e-37,1.1198745022261426e-50,0.14408575209794341,3.8336580195363246e-64,6.961282800144052e-67,1.4170740544391165e-37,0.0401546473037069,6.633844412630246e-13,0.2873611515408446,2.4091085606873157e-08,5.51294305217738e-69,2.8124441564087626e-85,3.000485549723959e-20,2.4642853585371503e-59,0.1779817516123497,0.13223620356675903,1.3787383082503948e-19,4.7025690684665054e-64
sim_acct_0412,82.22577415810083,3.4956821892184475,0.27171177832415216,0.5341633323347478,0.12951963161518565,0.00015561771757987,1.307965327453591e-09,0.000614115827817665,1.9696330099939937e-17,0.030769324014754185,9.506820453127002e-05,0.00021492858625995389,0.039379835901587064,4.157775102771554e-21,0.0011249501637525662,0.00011518142787982809,1.4495166857567467e-05,3.4246474498123414e-46,0.6693203108299903,4.656161732062384e-11,0.0006503405184269315,6.764478656921362e-91,3.349666655607711e-13,0.09953011445678031,0.002892181008398525,0.00044350016154505196,2.4356731374547753e-08,6.782342076644013e-05,0.014768614226937284,2.276181211923787e-87,1.9318123225387136e-05,0.011795224329345353,1.3296379198980007e-18,2.6858343576530555e-08,4.189860054593915e-100,0.1280290033436276,1.462736458708752e-23
sim_acct_0413,39.80182339535257,8.053909001897463,0.36432106964299454,0.5296331524252836,0.04034845137907741,1.0987431855603619e-26,0.1033608917405996,0.045764423558045234,0.025708570924862187,2.4946490866730537e-119,2.874445167235577e-09,1.502425941434473e-15,0.05905598105187698,0.12414963570848293,2.4901545442002667e-72,6.334620633220637e-63,6.841191544734786e-191,1.176566450954327e-09,0.009415656121998298,0.000978265024592755,1.0652664124394304e-08,9.716246002811188e-14,5.518223640714386e-14,0.2857427019691158,0.30521840882714085,0.027345927816637985,7.189400183925256e-05,5.226301241140692e-13,3.641931806078949e-27,0.013153881009456206,5.673651873543757e-06,7.626760333205352e-108,2.1524046347264652e-67,2.0675161787192244e-98,2.807388912614094e-05,9.098398992606181e-20,1.4364123982436567e-43
sim_acct_0414,5.478116734879185,58.99236273393088,0.4339467654241475,0.5634931767389502,0.06205923283910565,0.40841509637143886,6.2362712316234085e-24,9.210935503579061e-05,0.06909838658663787,0.0012438250191707427,9.15077247436893e-32,0.06167288615327871,9.052645924975247e-23,1.0385560455425231e-93,1.351458283366251e-17,3.210812308517873e-17,1.6946768720851075e-10,2.461546325663484e-28,2.3411034371024308e-07,0.0001262694512677854,3.966381608720314e-19,0.1834181392468326,9.876123157161402e-50,1.466837834932277e-29,0.002506131944477645,0.08467662331950786,3.220501771305968e-157,0.18221871609711038,1.292178356023926e-65,3.3286787656357283e-52,5.552339516045458e-18,0.0016797636084311337,2.4454072232230586e-15,0.004824321100285706,2.383285842535053e-08,2.747363385266022e-05,7.045273792372907e-19
sim_acct_0415,69.4843610702246,4.986950309566547,0.2806365284569131,0.754708314637123,0.1716136615381813,7.789996777904053e-08,2.1126355903909864e-16,0.0018684342201309037,4.7069131814378216e-29,3.411853923434141e-28,8.868515760038539e-07,2.1008326465024552e-08,0.014470247997947046,4.5067273699642287e-128,1.8728229968960464e-52,0.01673677620546718,0.01574415326549135,7.059555648114236e-56,0.29330736831732285,0.0005670325282675444,0.02276092006730662,2.3313914731320582e-08,1.482699926711046e-07,0.008164874798097816,0.028465573391354238,1.1893715448356373e-06,5.25133720332205e-122,1.7619922060017181e-56,1.776164906003764e-59,7.119996581566912e-82,0.3864508850317844,1.3197834571158374e-31,1.7628395600681321e-43,1.861071990256659e-08,2.951013988623692e-16,0.21146136885078715,2.171206731636584e-27
sim_acct_0416,34.71690508944308,7.825885556035214,0.41259372846105,0.4916242089923377,0.03447190311418358,5.951677803703816e-61,0.22023873549403872,5.662704200902789e-06,6.862704817986851e-10,9.437779440810842e-36,2.6355823736978426e-05,4.163331830531847e-76,0.0037909440397053346,0.4150763534585148,8.800173569130487e-20,6.419414151448473e-16,2.597652819360992e-35,7.507450494252421e-42,0.0018224081349293598,0.07351347146710044,8.960820731745425e-16,4.579711428476777e-08,0.00033688016778995946,0.026042483647561555,0.15955173417868077,0.09339989117626722,2.0308325517295933e-16,6.001441434507885e-14,2.1968560726824863e-116,8.98210096627416e-92,0.006195033224027452,4.7049150749160785e-89,2.8014654842718803e-38,1.3833654358306348e-16,1.578962953352356e-107,4.584640673822128e-99,9.253297423601282e-51
sim_acct_0417,6.361801690562554,62.969640024325514,0.49829963034516583,0.4942711859969097,0.08076836300283662,0.029842652747990275,9.847718505545153e-84,3.4568147247011355e-128,5.030597745754923e-07,2.178067055286272e-43,8.622313389351196e-16,0.07154882926720835,9.052391971213851e-06,1.6265843329306066e-50,1.4763213350033852e-50,1.7572454484004825e-56,7.242446805387542e-37,2.0909992994849407e-07,8.362316390001471e-43,3.4695905311322404e-200,3.8376771684773885e-21,0.13795555913471413,5.508308285134358e-09,7.882392470402105e-65,0.11096526108860486,0.024638467922445235,1.310848505390585e-136,0.49062497456366183,1.3234423359207215e-72,1.458426412032593e-73,1.7219018186388993e-11,1.8769139154149763e-28,3.9665935755538604e-27,0.040889799553320026,0.09352468563833446,6.5169172566780356e-12,1.0712131700140548e-98
sim_acct_0418,75.97264747631279,3.31331031752315,0.284302275992831,0.40112206689594077,0.12008528041036956,1.686212022327952e-09,2.9830699539950223e-23,1.1721865117025557e-14,1.112525729320328e-05,1.076755921688799e-21,0.09214674482981584,8.888478049175226e-09,0.017244261837692457,1.458868467964172e-59,1.669852469781452e-43,0.004508596476210457,0.04187884565321729,3.427177165154853e-94,0.32564458736441276,0.0030807687004669945,3.779498653393803e-07,1.562584701074678e-29,3.085934995664699e-54,0.004045639792627257,0.31167260296281574,3.747112935376349e-07,0.00013718408725973884,2.5470266651231546e-57,1.9731020626806475e-50,2.0475931233976148e-08,0.00045781514559029213,5.94077471461698e-15,5.1761633451738734e-164,0.1741132545975045,2.4637473779147553e-65,0.025057789583295687,1.583839645424296e-42
sim_acct_0419,37.30380313213339,4.924093013812621,0.38810393807486915,0.43549913647483046,0.042365047662488754,2.784619080025101e-40,9.71092915164231e-06,0.01919906745563512,9.517224086951071e-11,2.466251982741654e-11,2.0429243293265336e-05,1.103943313484425e-279,0.00014071580919434887,0.26186410882850475,1.1699450619500123e-09,3.508144436107399e-08,4.689062938974806e-25,1.3882524641194826e-10,0.000812720909884037,0.00063926932090867,1.5154631486675856e-34,4.862164971868701e-242,6.950068383310198e-09,0.28251083598195664,0.4016125881127093,0.02092703976327007,2.347450080159755e-10,2.5223148294096383e-114,7.380966879977527e-51,2.4943690064817275e-57,0.012263469950629468,4.088154539755819e-31,6.361161580243082e-91,1.5403196565955017e-50,8.006330594006745e-83,3.3582005493048023e-28,6.362465583795006e-27
sim_acct_0420,6.409578081066446,59.7698496938522,0.47568678307170426,0.5957411451928464,0.08542032471923948,0.3286031138456155,3.699884746869821e-115,1.810466425262728e-156,7.576496195022734e-12,2.1184847334458385e-09,1.1171212848967186e-54,0.0040145627344113964,5.0082632405564026e-42,3.934341125389922e-05,6.38095741063558e-51,1.880805541975594e-98,5.008846472328424e-47,9.461932127309294e-119,2.81994770641844e-09,3.400783591776934e-08,7.473874558682184e-62,0.33116068792890413,5.41040983040564e-07,1.1931518008023423e-08,6.118708281648127e-25,0.14187581792831722,8.72872420487062e-28,0.18879323296024572,4.214131454818861e-47,2.0704630871098373e-37,5.373664740030014e-44,5.258432348837944e-164,2.682423964498581e-68,0.005374111760987476,0.0001385375039080418,1.0592602315035741e-14,7.412966398451584e-38
sim_acct_0421,83.55607767829397,2.876119043663876,0.3146533523542271,0.4615436586267996,0.13811015645567548,2.63733714555853e-07,7.755766264381325e-34,0.0003536346349314059,1.1556762332749665e-15,0.03462191241394179,4.323452348136942e-06,0.002556292079111215,0.022968289303411965,4.472576745850089e-77,1.934964180810339e-27,0.07791002776677612,0.07106116233932523,1.2339145600574954e-20,0.7111582883993232,0.0018603507497049858,0.021957901012954514,0.0002691480872607115,9.1777090413397e-157,0.00810563571588577,0.0007824556774812501,2.394179636819251e-22,3.505285111483125e-13,6.710553259835241e-109,3.2859535221920995e-45,1.8662605042220036e-20,0.040179038308348104,1.261252225300838e-31,1.6441398108972793e-49,1.1452350352939961e-08,1.715547586388136e-43,0.00621126487277868,1.7139171477458657e-93
sim_acct_0422,42.98612445734396,7.2494141404283665,0.44392522694101777,0.5621121225999812,0.03253726216815391,2.5083450305845373e-17,0.11909899409911899,0.008096289788368453,3.533655345707524e-16,4.373079199276362e-45,0.2566884307090735,2.5966756251727926e-123,0.05650942723022407,0.1526811233707223,2.085019358757876e-62,8.489899049476071e-72,2.2723193693833245e-49,1.3929773431962372e-45,0.00035852784908609785,0.024169477048104595,1.7129362272781709e-40,0.00044375782125412994,0.0007757891219331042,0.04228006047693408,0.33862124954889233,0.00011157256636762159,1.8294962635280668e-26,3.377628816018179e-40,7.831172634086836e-15,5.7597943735620757e-67,0.00016481792468892083,4.824452234677164e-07,6.041050247165938e-43,6.085508068226297e-29,5.4614504419420455e-65,3.654902515117919e-83,3.6628060067570154e-25
sim_acct_0423,6.934422886816842,67.07653600856962,0.44539862444435707,0.4860880056881553,0.06870379460012808,0.15596445178865567,2.425908177295373e-07,4.066320114447437e-45,1.1742171439748275e-06,2.295729773608254e-16,6.397303394648688e-42,0.01630474834648852,5.944260053387198e-13,0.006220405792605637,6.502432052003842e-13,1.569215852791894e-39,8.145033103982233e-15,2.725890028696294e-85,6.906544113731556e-74,2.330037992443027e-08,2.5550837705479455e-36,0.47864675239197385,2.6252390136682052e-14,6.136065136335349e-78,1.0306457918126303e-46,0.1360271163167144,7.731736932558735e-56,0.13378696432785625,4.861414564603661e-52,2.3139408286765208e-76,5.443122938866741e-35,2.8347723561457754e-75,1.161336152821811e-09,0.007211663686480835,0.06582292583436894,1.1220183715555962e-35,1.3530243898825902e-05
sim_acct_0424,77.145789480856,2.962301209705021,0.2695277717064077,0.5092976904235568,0.11484700287479249,0.0007298596980376166,6.46774172694311e-41,1.3467503462180516e-07,5.959628978926304e-11,2.1950835525173882e-24,2.5124158603287213e-10,0.0008839851658557255,0.1766125140266024,4.907827058923205e-16,1.5157794638564729e-16,0.01453902022356056,0.01424748919214425,2.1903145572740543e-107,0.5638517587502409,0.03232860675741305,0.0022004633274437897,1.6173860540350615e-07,1.1323859320254009e-46,0.044033558043679887,0.013823091087452449,0.0066563229262300875,2.2119913844133613e-20,1.6650287926591686e-24,5.49615209181879e-44,2.320952354570523e-50,0.00025318178368315234,4.00378196323483e-61,0.0035637383949852232,1.3135500024393168e-08,5.69422538326864e-11,0.1262761007057502,1.1487704612327646e-48
sim_acct_0425,34.0787175157599,7.876629134510353,0.4838074390840255,0.4447159590600096,0.03484463244686873,2.7799703280338695e-75,0.207638220496974,4.954131389432273e-15,5.51418328614736e-13,6.879951180317017e-22,0.10949155628450723,2.712069673169478e-77,0.021971790795907584,0.29973890766208694,7.273226481620519e-70,3.115619871422951e-18,3.3687848213768674e-44,2.886441793832503e-22,0.023931390873369558,0.0055821992032878956,2.9779647166754266e-26,8.804824953550875e-10,3.478516432891969e-10,0.06922376214555748,0.25760511527386626,9.090249689729652e-05,1.9866635074668517e-18,1.5477025460267804e-77,6.564632845568709e-11,8.997695565181316e-19,0.004634095908478866,2.518553472535135e-31,4.1171690275688614e-27,9.205756453026367e-05,1.068121887640984e-62,1.5811686741267386e-58,3.812989935915966e-42
sim_acct_0426,5.643732122837441,64.91212491554698,0.5512490626912052,0.5736959025822025,0.08247963341608916,0.07877153548985205,4.1654643361006934e-44,3.6294263521050994e-09,5.883539662809821e-17,1.4099671089896648e-144,0.014269009444750054,0.02731761295434635,1.1040514816909199e-19,9.199076054417268e-54,0.002180429710322934,1.1149281412296973e-159,2.9678688853782806e-07,2.7767854761066873e-39,5.297550899595732e-10,1.6727142052645284e-125,3.494490053103363e-26,0.4416555463274271,2.019705415142305e-28,1.3972523213340063e-112,4.800734298306654e-09,0.04090349262519951,1.9263408865835075e-25,0.340606313240907,6.630323369971572e-07,8.267103620325702e-143,2.71046844299795e-19,3.252178514596152e-80,5.013574833681895e-09,2.9926269104750787e-09,0.05429508342185177,1.6890011794496898e-17,2.526450844873685e-27
sim_acct_0427,70.11972684003966,3.4056062569100245,0.2436477170020136,0.4349062132904878,0.11328427764953694,0.00023308765331980045,1.4906917556254322e-26,4.67119636343723e-13,9.93979334640657e-17,1.7355326990418877e-195,8.56723414889073e-33,0.0003324108881043529,0.0010932103597588616,4.1921326743474355e-08,1.8918116016086399e-25,2.674273625470205e-07,0.008911538990763595,5.1884570663434e-111,0.5911812503934994,2.165889212916158e-05,5.98593402153852e-08,2.02239521058166e-15,2.3028073770164214e-71,0.02453311271317098,0.03773911481461257,8.887166634696445e-26,2.4257152480187612e-98,3.534108136070667e-05,2.3334387211118985e-43,6.008359759271727e-43,0.24647487146273916,1.6588870137184741e-40,5.1158553565199845e-62,1.0758570871511522e-05,2.7311545811311127e-08,0.08943324765962532,3.0423121224534292e-24
sim_acct_0428,43.13594199585923,8.007740304040649,0.45033314900494875,0.451612543415591,0.03933622066565312,2.1447880239448067e-38,0.14660249710371184,0.07075202627441053,4.909137271928474e-05,8.39915403505798e-32,3.755315688469162e-07,1.148366586268676e-17,0.060732525838343265,0.12994386270612088,3.126760245823588e-64,1.5736566397782011e-15,6.0207152828943814e-226,5.6617377860821666e-40,0.02228310919364346,0.010673668745464519,0.0007748057762090088,1.7117862594367762e-20,0.0028587567086505506,0.41874765034481876,0.0840398374406238,0.026566218790459548,7.728988858038489e-51,8.834341382416391e-29,0.01125838563436432,0.0003098852532451016,0.01428713406706602,6.2281064511738305e-28,4.611264458303964e-13,0.00012016921811768463,5.469889830786423e-23,3.5315312571526544e-35,9.315507020247953e-72
sim_acct_0429,6.337744327931069,54.966066928255756,0.4736918305944626,0.5020945636010044,0.07780258380717411,0.19335635522405403,5.875493799763844e-56,1.0097600862040606e-11,1.6389427853581723e-80,6.491260031998033e-25,7.51825926644419e-28,0.01774087715975181,2.218762484667421e-102,5.87838473039651e-25,2.8465614322673243e-19,2.1846501123578773e-98,1.4747971876376305e-75,2.576304064057706e-72,8.96901908063644e-96,8.40666122434789e-06,4.430460369964703e-18,0.1828882476376598,1.0500481647439707e-36,5.152725552269597e-39,4.1002927536633766e-241,0.05692316046967999,8.356443287475162e-05,0.3881715828105732,2.9728884002154035e-31,9.878352659018434e-30,1.0252940694405808e-10,1.4047676195712113e-103,2.2642320487697878e-64,0.1601091563795334,0.0007186491120217034,4.445371273058875e-78,8.385632119480118e-107
sim_acct_0430,79.1340248628083,2.715324095114509,0.24494460121248623,0.4478206285613378,0.19049185742588046,0.046136658887531073,1.0159469433090213e-68,3.655183561508146e-09,3.2561304819639345e-31,3.0750139361053988e-06,3.6006689610550204e-05,0.01536661750100258,0.005000259632650046,1.3874231736358876e-07,6.373816541782108e-43,0.019024626888646062,0.010830927056333425,6.7833484662853e-08,0.7564645017891858,1.818098021806832e-11,1.2780474580455822e-13,4.74720229111789e-52,1.992350826354709e-155,0.015454940009459576,0.1154742085913026,2.591682255874405e-06,2.762398207270008e-23,1.59033602040831e-38,1.1677704146143226e-23,3.9767374547729706e-26,0.0018921095664893996,0.00042059929456289845,1.6767350733734843e-45,9.073031953415476e-33,2.958461831031095e-65,0.013892667144686404,3.053137486914744e-12
sim_acct_0431,29.25241997353733,7.996394972215404,0.4721021726052099,0.3557259252403861,0.03429626589877698,9.94813638849295e-16,0.00020882493206658717,4.436889078133731e-22,8.319770217051702e-23,4.0460794438300796e-135,0.00016121678763922432,1.1213313197295244e-24,8.940907844198316e-13,0.2832714650539346,3.9336170876240044e-38,4.079703875299241e-42,1.0070158294067547e-22,6.619202643357583e-47,0.0020483739882768827,5.408280888907784e-10,0.1263565217955783,5.712654867792453e-46,7.325909739096419e-14,0.34057059478369495,0.21547454319655965,0.03048382904959987,1.6279257107875499e-140,4.560339768953129e-08,2.935778508813107e-25,3.512786223432954e-41,0.00029292033209749903,9.646003716482667e-05,0.0010351253825184746,2.0114566585462313e-53,1.361507982751145e-12,5.705634654726718e-32,7.851431359292001e-08
sim_acct_0432,5.8171571018637485,50.87824203565028,0.4428407424385878,0.5246029019433787,0.08559440471972973,0.4278669548873618,0.013345585515964252,4.3004895142123226e-52,8.442916367941199e-184,3.891911161975539e-67,1.0381371911487511e-155,0.027623379703034794,0.007899782133185797,5.883129324082163e-72,8.966713623550491e-74,1.254894581647232e-09,4.144404718168977e-37,8.73226646355545e-28,2.689055582303873e-25,1.6214065164354005e-114,1.2204774217020755e-17,0.2025511645255007,2.4219603730570874e-86,2.2457750086206726e-46,1.440489465966663e-32,0.12879486965964154,8.6191710722778e-31,0.1847931799605454,3.467666946788052e-23,5.016004130372392e-33,4.568524181347586e-75,1.594987882067534e-16,1.334237031024473e-08,0.007123048244721825,2.020772778741898e-06,3.0661705344687727e-93,2.6732486618408743e-17
sim_acct_0433,87.37300992699224,3.7337358159301197,0.3065511851292439,0.43883853723022515,0.12530844377331576,2.0829603826947532e-06,1.0523032648221655e-59,1.7729376368029426e-14,1.0303992120363696e-12,3.3631075238829465e-11,1.3908461619516462e-12,0.003654537223733085,0.08760625085737163,1.2920308837416916e-31,1.349659017309428e-10,2.2015129913835957e-05,0.00030681702614251895,2.384196765330773e-41,0.31268359750439323,1.4331013259967008e-06,0.00030622660220692966,6.321594238961347e-31,2.856595853141977e-115,0.011813723796765391,0.00134467374312577,0.0007603841046028791,2.168564315046277e-06,2.4521444374828673e-16,7.190788012642981e-78,4.750719488550867e-211,0.08584315313348295,1.4870480246717515e-51,1.5409614208696466e-135,1.5686884883819794e-32,2.3522132117692274e-72,0.4956529360812021,2.0238397601449968e-77
sim_acct_0434,31.41376908389824,7.460610315257342,0.36717039333676393,0.524282860389569,0.024375819991489054,2.829565841301026e-19,0.1051017205892726,3.7401457575193526e-07,1.1025292275899074e-25,3.959772757472937e-25,0.002422586360289631,6.568113490863007e-20,1.900760887171995e-05,0.2765327303662128,7.50726240336698e-12,2.6237523086412513e-92,1.5993456609878688e-52,1.2941272618759924e-27,0.08259545582029681,0.06231077067949913,4.344043872630414e-06,6.105212499176149e-18,0.0030610915151444247,0.2868834659484063,0.03478705411321215,0.012219730472709281,1.3231042036276973e-19,1.1802545406754323e-53,4.001336244853966e-39,4.786440037522335e-34,0.1340610925090124,4.672847731824957e-32,3.803022738213753e-12,5.759473141346911e-07,3.559960948462111e-51,7.497704143208118e-23,2.6157371293069577e-103
sim_acct_0435,6.6891650300639025,54.98475835727093,0.5492852882542393,0.5521111540589564,0.053685044930282894,0.3539428774310042,2.4057105890890407e-11,4.1515807697846674e-59,2.90568084803639e-07,2.1167659819646533e-59,2.8916927101174538e-49,0.12712247752040506,5.581218758207258e-41,3.726421148668738e-11,2.114940642876243e-23,1.8792096308693112e-46,2.6160307028237695e-44,4.815379299509102e-61,6.9271477977378385e-31,1.293895228459069e-86,4.804941062835471e-25,0.09047989398125325,8.627745574024964e-91,2.534360177687305e-88,2.7163448325123757e-45,0.08641079033106432,6.634096983185081e-38,0.3404020257601829,2.464512821787056e-47,4.622899379811963e-37,8.793665778137872e-07,3.963715778525142e-125,2.7425687529447913e-118,0.0012189247429522131,0.00042184023715418294,7.40650872520319e-157,6.829908852972559e-134
sim_acct_0436,99.17307144946223,2.8919688021208625,0.2633947528189398,0.5225009595604294,0.1360293622073358,0.05537334255068501,5.630843976801493e-21,0.01447128227669887,5.535828847138457e-06,3.1302335409197086e-35,2.844263118598359e-06,0.13190203248403934,0.12754017053116642,6.162680570439425e-73,7.656962138449692e-09,0.019262267065742786,0.007450959323408253,5.1894438549628355e-22,0.33777842648502315,8.620372654923263e-11,5.3800017097301615e-05,2.124703971970598e-30,2.0112814967646657e-93,0.14021026173239268,0.0002820354339860309,6.928358552842109e-10,2.315508651882701e-18,3.60796732908472e-17,4.2984338695955104e-195,9.301142533134639e-06,0.0037260414377449256,8.924835657924434e-18,1.9454282562945432e-90,0.011376875470651299,9.678668958137942e-17,0.15055462093490957,1.94585953621727e-07
sim_acct_0437,41.65626566666794,6.706637680170644,0.36250659574264366,0.5289058628720568,0.03946899989391565,1.830754346784484e-50,0.3201454136786413,2.758051682060526e-08,8.173858485886404e-19,3.83396178633348e-31,0.000423433194262411,0.002546222132649646,0.009719461534686958,0.18031854472229808,1.6079788631368717e-35,3.427246886972048e-79,3.2273743334862116e-78,5.084499727132369e-48,0.13627909086163306,0.00207062160645039,1.4076620513915263e-08,0.0030216476842623097,9.270141308174262e-09,0.18437676056104954,0.10289271158597711,0.0283685327130435,1.415232234630983e-133,4.251600754808201e-21,6.18940826565661e-11,2.1709847019958744e-11,0.029837508714163172,3.9032476149785206e-31,6.482868244933095e-32,1.3749446940999156e-60,4.9553910181139726e-42,2.626563434316935e-52,2.398321703611866e-67
sim_acct_0438,6.523241047885645,48.459414501497974,0.6246720862820523,0.3735969816402101,0.06013036977434389,0.008437247609282147,5.959940990974904e-13,1.2054994913418002e-22,5.167639097451499e-16,2.749499457393223e-29,2.655365140596398e-86,0.023685068172620213,1.9413051669906285e-80,8.355649352849862e-06,9.198428922606674e-22,5.987947863685828e-35,0.020499883914879745,1.388813795495016e-124,9.537311762114862e-24,6.715885422829406e-29,1.85660418182654e-43,0.7023301899413815,9.92168545121499e-78,1.957016312554846e-38,8.468264768250574e-42,0.06560136016095482,5.766190171013662e-07,0.16561481507235493,1.794003249954408e-62,5.0131938660246574e-05,0.00450877194185226,1.4811479413431967e-24,1.4782390511454016e-115,0.0034465843156607973,0.005816473325751082,3.1353570902141356e-36,5.413376357608078e-07
sim_acct_0439,94.20924528085033,3.033067835181745,0.3183545237573719,0.5069604478403845,0.14698121744359777,1.133413605496079e-49,9.362588083797226e-44,0.011596450821459093,6.609416153165173e-38,1.6021215810315848e-83,5.687508405884538e-07,0.024196767792642508,0.0001201950984784132,6.0989078589447045e-108,3.499009776365911e-14,4.788806829441853e-05,1.7613347277732627e-15,1.0291064750477841e-89,0.4623171207032903,1.7140535521721247e-08,0.014127956970444245,5.251493829862905e-35,2.982866477384436e-25,2.9271566390822347e-06,0.0036005880625571995,2.7872067338728162e-08,2.369523475650781e-65,2.8194130471105173e-19,1.2440751501000786e-55,5.768204429636232e-09,0.0004201643686291989,1.175174867769116e-17,4.1535970027301685e-54,1.935545131394599e-31,1.3553876666236255e-43,0.48356932142588094,1.95706560308321e-75
sim_acct_0440,33.89751912878223,6.995137274876027,0.37940348786058775,0.4168163737673835,0.0339078370058027,4.547743792226986e-116,0.0006466242192162293,0.03004574872813825,4.133359177307266e-05,1.5019348215604223e-63,2.0136896981850803e-05,7.089880950998204e-16,0.025161583907850667,0.29060762322799705,2.8864273129042186e-12,4.9362630105207695e-40,1.1110004881526508e-21,4.369021282944981e-25,0.03612229986717911,0.09036933180699609,9.741012502051845e-06,3.8395872552501627e-13,0.03488211094425763,0.23169475114626567,0.1385041551404439,0.0003761483893652817,0.00026080639078449036,1.3823595563900518e-58,5.773977425537541e-06,2.606109663198969e-11,0.12119793224411794,1.2164013663956291e-18,7.349466176269716e-33,8.046595038181438e-104,5.389847937310826e-05,8.757431270732936e-92,6.723981896363973e-38
sim_acct_0441,5.669877218392326,65.6574496491778,0.4620963861451643,0.5474002888084127,0.06738170980728983,0.25320050362665464,6.340364173858201e-47,1.4710486948784124e-40,1.2568232245849958e-09,5.720142380194526e-111,3.9414289379781844e-29,0.00551178062536448,5.67659717180428e-19,4.850186184508563e-14,5.959845661143804e-13,5.292726973572128e-09,7.061385360761243e-35,2.523845015225958e-88,1.822807031861013e-12,4.991320136375539e-37,6.978916326644168e-32,0.06884004604065465,2.102816270847333e-59,1.9156261513711654e-77,9.572847491677878e-19,0.1493174627098433,2.2374917559380073e-60,0.3440402325887604,1.6797560054830903e-37,0.009639746413910959,3.0111991127379353e-13,3.048222530614317e-29,1.136526482853367e-16,0.007919584261727064,0.16153063718076568,3.265158183811566e-32,1.979853400562141e-35
sim_acct_0442,88.6367196969421,2.7852570625138475,0.22962128655282124,0.4339727083721903,0.145405673388461,0.23478490333421617,6.51608201623432e-07,1.391853174288284e-10,6.545044503573203e-06,4.506698599625221e-08,0.000881937939025062,4.237552877800231e-06,0.004978466744093791,4.2062875200198995e-186,1.3017647899649614e-18,1.4948993692073082e-06,1.3751170913751876e-08,2.1298532246293605e-13,0.373828847176912,2.3765485351924148e-14,9.034164556848091e-08,2.639216106286534e-62,2.8039468939272224e-58,0.05114266614030102,0.003015383866041135,5.1780032341600905e-08,7.189963839347433e-24,1.4543951736480843e-11,4.9622075476916535e-11,1.3420061595102391e-06,0.3126742294249349,3.880250689215209e-30,3.235625169668136e-50,5.413680676773591e-13,4.958197259664904e-14,0.018679093119350235,4.816175966403336e-56
sim_acct_0443,29.740229907007762,7.305371890730073,0.3793770537210049,0.3939831813786752,0.052387561325983094,1.4972528271522124e-06,0.058260958412360606,1.7950889613046366e-19,1.7700113589187123e-11,5.783766519827351e-107,4.097429345271471e-05,2.2864252401029937e-15,0.00027271209841999035,0.40489861584258363,1.761465843326189e-14,2.1244731471089943e-90,4.5654598133171183e-57,2.230971340741052e-09,0.25839307483818685,0.0014010329612703088,2.9675445749467947e-19,2.315046671814915e-35,3.7300601489523954e-34,0.22551842351535706,0.030126550963829265,0.02104197879449358,3.3099835465094207e-09,3.2192597506708128e-152,1.451965103094282e-20,1.9378595120846507e-53,2.4979438344172417e-07,1.2352569427259664e-34,4.407616677275407e-75,4.231574569270555e-08,4.388335841492686e-05,1.1412562267006406e-22,6.746933963516418e-90
sim_acct_0444,5.489653422170342,56.44665897348832,0.43687085881550225,0.5325015394360236,0.07103580252267586,0.15788132416697306,2.371959552315348e-14,2.6490943551203838e-61,2.0412629721579281e-106,3.149905661200288e-85,1.4857512256060724e-41,0.15071288206447464,1.7690558768340747e-46,2.3330021175542447e-111,4.396275254496626e-27,1.7750350879925184e-09,1.2462554523711415e-87,1.3316640025728413e-149,2.164507454767796e-40,8.459291722569673e-127,2.4265307355249236e-33,0.4568748700823463,8.94413064615663e-09,1.930427776958605e-43,2.010053273029625e-09,0.08562805067229606,7.605757966460342e-57,0.14565058663906846,0.0001813009352587765,5.109235030031389e-38,7.297367734338128e-102,1.518695057161831e-34,4.8256127931331413e-17,4.917127565072494e-07,0.0030704809975835635,2.523925971817832e-42,6.482851531094581e-19
sim_acct_0445,101.44538178624477,3.577265255972072,0.2436440057298201,0.6073861747096219,0.11745084403264885,0.0005709133234767069,2.2852594961906158e-11,0.010741860416593588,0.15996963892664454,5.643914181093293e-20,1.8654176051858698e-08,7.199873940436363e-08,0.12492227212512585,5.41152704680762e-05,0.00028955734926585183,2.4726958748425845e-05,0.04701029171314533,2.5043087117633947e-42,0.156236472284371,1.646637310026012e-11,5.495426250894414e-08,1.3106756297180568e-37,3.3579478388460717e-15,0.02043376658667921,1.6711006601858852e-06,8.610605611194353e-15,4.874672301274649e-07,1.877067009560704e-101,7.42203875515013e-58,2.46571409273046e-10,0.009751771158036788,0.001597744060284159,6.317273857745246e-32,0.3203863752553974,2.6592256834853065e-44,0.14800819011079236,6.63265817034945e-17
sim_acct_0446,40.07124435318724,8.692376215695354,0.3464640308476006,0.4885272574049252,0.04383262290818081,2.3652231703559212e-11,0.10310129508275231,0.00010905193483106503,2.0029113181891943e-12,3.865061342975085e-22,6.795268408254356e-13,4.8162630503653526e-12,0.008473228636617222,0.03983378815500457,3.0084733658266567e-43,1.3845110460516985e-22,7.233250372947376e-95,0.0004853750698605697,0.02111051814636142,0.002113152788746206,6.24177901276879e-14,1.621412214418422e-14,3.4065905915029647e-09,0.06324113737787862,0.7193782260850282,0.03336671381370963,7.550412740740827e-39,1.1574525969166942e-29,1.4232046400478962e-14,6.508699218031462e-53,0.008787509388135665,2.031178726488229e-48,8.32398748262854e-11,2.932684963595582e-91,3.9981117489884346e-42,7.216759531536478e-97,2.6531206469687874e-22
sim_acct_0447,6.839720726774852,47.032071297266825,0.46676235336023786,0.702413848732575,0.07298950723754741,0.2639297940434996,1.3415440904805161e-148,2.3203028870151538e-54,2.2453462214636652e-41,5.47483372465275e-107,5.417929260943949e-32,0.008677967752617019,7.292823664038619e-09,1.0122485975642084e-32,8.769368861733402e-06,1.0941950995350129e-43,2.1713382303784944e-20,7.575365642606287e-21,9.824278291654014e-84,3.0996104711319884e-53,8.018916765788822e-40,0.08826078645619953,1.582250078026959e-25,1.5547686727422857e-13,1.9674254101296635e-12,0.3500833542869719,1.864121248827438e-88,0.2805560418753716,1.3246674438570013e-22,7.486731065803076e-133,2.4819340133387286e-07,2.0047028743488385e-37,5.269099147367574e-93,1.5935740871389835e-06,7.356772920416726e-13,0.008481437153307915,1.8433168661934557e-22
sim_acct_0448,94.28642304784142,3.1870739332051854,0.2661330352323138,0.5597145922528274,0.10907975784540713,0.001144126778999665,1.5594547504526176e-88,2.229181045943869e-06,3.302393483539026e-05,3.225518790827433e-68,4.764505036871928e-25,0.003219048966995402,0.06318418378751135,2.631593903011121e-19,1.156839240629915e-77,0.014746726629050492,0.07720975289972914,7.605218818770151e-46,0.4323380090849758,0.0017378886385687724,0.000675614778310451,0.01186735941224857,1.8619356890961308e-83,0.04873412530756462,0.020386134144788636,1.3047587074488169e-11,0.08204275026536562,4.2309486216642326e-11,4.524029971533695e-43,3.658916677762272e-93,0.07337641800492846,1.3218053670663943e-31,5.312764000145879e-43,2.5091751424128237e-07,8.763445690072146e-15,0.16930235721220158,1.7018818280450818e-47
sim_acct_0449,38.22107749414629,6.362004619184334,0.45115793582459707,0.6340025669403864,0.029734595286311283,7.641050641871239e-23,0.0030564596824187488,5.9408810518607647e-08,3.027706686108339e-12,5.75437987813593e-61,0.0014709154767776882,1.1664105130123112e-36,0.01407742536904828,0.2681739533254454,7.109992846453847e-11,3.513210519996534e-17,2.1619374946527247e-07,9.920689957281778e-57,0.01673180048722866,0.15388234881943133,6.684670660737963e-61,2.1096406888954986e-79,4.5988805775585517e-10,0.2027579010984525,0.14318904638001456,0.1410391257765032,8.17679507632729e-40,5.223309823251748e-90,1.5900550016009095e-30,8.634371104165202e-17,0.0532712812556453,0.002307233787837638,5.710439500419654e-62,8.561285117118194e-59,4.223240061250881e-05,9.533750195311293e-110,4.008634157660051e-12
sim_acct_0450,5.4801647937954385,65.63820885442786,0.4891808412362721,0.6215546015684588,0.0829942033214769,0.22015172968413524,4.059054099111919e-54,0.00017459640287032142,5.311896775198671e-16,2.2790690154613555e-33,1.5492567198462482e-19,7.876068451905128e-05,3.0912174987443873e-15,1.5444458456289912e-128,2.572074249834199e-25,2.594328592966519e-16,7.192564382120144e-14,1.5314937415338388e-43,1.4907322244863792e-07,1.812342666241188e-17,1.0552792705907602e-108,0.24799467891745194,2.983606383301354e-33,9.477266975625696e-92,1.617881093768255e-63,0.055664011581979825,6.7779893661327405e-25,0.3591879745904201,4.1590549991019654e-06,2.0987163331380414e-35,9.598360554240392e-114,3.434383901323692e-80,2.3161380701653404e-06,6.851365577854425e-11,0.11674162380374216,9.066089344605119e-21,1.844761278023993e-18
sim_acct_0451,127.28946541574349,3.0620909754933923,0.3639026236875287,0.39175364845176985,0.1097056050923105,2.7486038845455535e-08,2.264007305299284e-124,1.0663016640446288e-08,5.870510998293395e-78,1.6468759872581348e-63,2.5648844202170797e-05,9.81937198445615e-27,0.08658787747916906,7.074716986391329e-80,9.46714857037268e-37,0.3757313641705614,0.0007064689656347049,4.83201464202598e-12,0.19580346928279607,1.3793198605399582e-06,0.00033322025091246193,7.352288523379936e-43,3.852409833428391e-104,0.00504798156143038,4.655676599740999e-09,3.9351019304084756e-12,0.11629077636340343,1.0657113496554206e-28,1.767520636430337e-145,3.9330811288869846e-92,0.21427332396054427,5.673763457212357e-13,7.129293631085078e-38,7.110478092149026e-11,1.423310777232981e-62,0.005198446916312002,2.250989346057747e-15
sim_acct_0452,38.36737473770364,7.5418666862725905,0.42865737811824134,0.4209146108784121,0.04267662123458256,1.710595158760796e-32,0.0779860417983259,1.493043665078325e-10,4.222388785777153e-12,4.890394848406991e-41,0.00018756065229521258,1.9106248550158783e-78,0.02335069812606846,0.17397472740760064,3.866310745008419e-20,2.123743089763915e-05,6.093838014907076e-61,3.627722320500643e-73,0.015403359465224272,0.07290754311300095,8.882705169129161e-08,0.12531272269991395,0.0128667087049726,0.12238544105748374,0.03980340678033021,0.13743749496803295,1.1419031371473945e-22,4.60238059467604e-16,9.69633041967702e-39,5.207448231787024e-52,0.17815254544840547,5.571334118523698e-06,4.094500796955272e-53,0.019359272235094763,1.5097454615697697e-64,0.0008455797976557732,1.1050546068498343e-51
sim_acct_0453,7.795097017298542,63.15267419928041,0.5135742075535983,0.5535448609242476,0.05244263307871283,0.25380442521637503,2.824644079420036e-134,1.581609126947419e-37,9.73032159192998e-33,9.41344692499738e-80,5.697001110243274e-96,0.006662270710684663,4.19181547604564e-54,2.31610138366852e-06,1.020873790557982e-06,1.8679491067921486e-54,4.869851394011832e-38,2.3340683236968207e-47,1.8518669496577085e-101,1.2328614340058618e-13,4.12404186718438e-11,0.19898768401717612,8.945730634432531e-69,0.003119170443006683,5.375408812678059e-50,0.048168376383291044,3.4405306948772327e-06,0.3083370808262935,6.586200113998476e-31,3.897581279779006e-13,0.00027051866479687887,0.030857828054545847,7.0396951836461e-17,0.085116852783179,0.06466888045209679,1.349009317439397e-07,9.582584341640234e-60
sim_acct_0454,116.2061504024702,3.0057264701758246,0.29635443413834006,0.3911294867556183,0.0992117524689335,2.7111236815421246e-19,1.2963357719352336e-13,9.760172546411768e-06,1.0486221534107468e-11,2.429951599122659e-17,6.264177062677745e-06,0.0007766710841195846,0.06254600500204544,6.324637494567311e-83,9.107172627956466e-29,0.00019413855183503926,0.21100780473167874,4.5379692712841175e-61,0.4902575573260781,0.0039973282278476215,5.7653315450558816e-09,1.982339425398862e-08,4.689496991797454e-46,0.026766008885168443,0.07381511444807141,1.3636331956276309e-11,1.0344988092426172e-23,3.4473734884048505e-16,2.067142595922317e-50,3.443550997804923e-31,0.0638862909450445,6.506788073325358e-54,2.1229684455249547e-23,8.275464074711985e-18,2.5050307728913715e-86,0.06673703083552367,2.768957553578547e-27
sim_acct_0455,36.14150913161015,7.476180439864059,0.4502795712681361,0.5294775511137136,0.04295055540606908,4.57138530531473e-52,0.0013701917077205174,5.721910453627103e-15,3.3651775559183044e-31,0.0024879190690885846,1.8510045124594658e-11,5.434811577474489e-39,0.19203449520920113,0.21068582020754975,8.469519006348997e-16,4.4478136389248583e-38,6.445377903632059e-05,2.372656665324849e-48,0.002839700059677048,0.002519861982808909,2.6339009804142717e-17,2.49731665138144e-08,1.0647311750098292e-12,0.5059366492092495,0.047034653547991474,0.03347167096636817,7.5958877483514955e-25,1.5184160226719818e-132,2.475128726373818e-72,3.74280708316853e-36,0.0015545592685606228,1.6996993675913002e-87,8.134738339757991e-35,7.144912166468068e-38,9.368891452711408e-24,1.000621421659569e-20,3.348195822851175e-128
sim_acct_0456,5.8445036228543055,49.941125627694724,0.5687292730969924,0.5342090578819906,0.07736841698742529,0.09522201300246713,4.937556883857086e-13,1.098193325383714e-31,3.3208065715129906e-19,5.985971573955471e-83,1.013017176548158e-47,0.0009598440651519659,3.4991267817077663e-109,1.976702881685443e-12,8.764182056892722e-173,4.247098106230342e-24,2.3626846973771403e-34,1.9589953671570804e-08,0.0003228690845175382,4.807484364852134e-10,1.0015135838984744e-22,0.24096692267826875,1.8093959829439735e-66,9.492538683091004e-28,2.2257458901932403e-32,0.11781208559681906,4.572580937257678e-25,0.5215708163569299,1.4994329991753647e-87,6.758893554447735e-22,1.95765872256408e-45,1.575200262829952e-07,3.6032980533084014e-162,0.022657065639285354,0.00048820598039077737,3.2723241462906223e-18,2.9705326791369364e-12
sim_acct_0457,106.33508870153474,3.056728811025039,0.30604899377345135,0.5509691491100925,0.11034567775106728,0.016689493567334963,5.6415451056865006e-62,4.2192115149552477e-16,1.1080650039304555e-67,0.0007088776973589662,0.0212406345934254,0.057149704499591676,0.03944734397697113,8.129851572816395e-138,2.327508356312162e-12,0.00745492854284251,8.457066168098661e-05,4.683118867443711e-13,0.6698806714116744,0.0007843784028168827,0.011408829628279247,3.1243431341575157e-33,9.498106039059463e-123,0.08674924928959692,0.05511399123852811,3.510768173674568e-25,3.825622115164514e-15,4.180973933573129e-08,2.2997741608637373e-19,4.394714144961363e-19,0.015494361362050372,6.883355518443536e-12,2.410036653977267e-09,4.260546174587397e-05,1.6184958074789986e-51,0.017750315436643082,1.0630251207324686e-31
sim_acct_0458,41.7686369598036,8.156608159201765,0.3208230256785547,0.46304804623284923,0.029602875536315392,6.166618902470191e-16,0.005486580864855567,4.688277528630479e-06,0.024682205601577797,6.038062830456928e-09,6.276445158367392e-05,1.0867329210951358e-14,2.384962256413579e-09,0.2332097270215962,0.0059862130741387375,1.0714070283330719e-70,7.533310135666159e-08,3.893837897000935e-10,0.0002085418866295484,0.0006614409054802046,7.033497580566156e-14,5.773309284522104e-48,1.8523987947715243e-16,0.1084347420103208,0.09013156941095553,0.0006691036875140274,5.70293872778385e-100,7.24171792148232e-21,3.474066180606908e-13,0.00848955651946228,0.5173209198160018,8.717826696604671e-26,3.0048872546943818e-71,1.8340416239146412e-11,2.9230143115343544e-44,0.0046518623080711785,3.808509733111917e-15
sim_acct_0459,4.43016861508641,55.028121417675415,0.33972844283757236,0.58073933666865,0.07662695199711184,0.23844840393957778,3.610433360977455e-14,2.800973839375108e-18,2.063834157277757e-70,1.8688343385742042e-29,7.953655563850656e-39,0.01504595844326893,0.0006286864996096178,7.225094501063002e-13,6.931751683428645e-14,2.228603820475147e-67,8.977848741346972e-178,4.0646949093927555e-91,5.105325138814421e-76,6.279354336239901e-34,1.5856430969266489e-27,0.22814920160224517,7.930073755501413e-78,1.5751794872430082e-12,9.696703286803431e-26,0.012331337392326386,8.533099519304432e-59,0.4468238243372419,1.0270824928876798e-62,3.1972456567424433e-22,2.1088230079551977e-63,4.131747650766304e-141,3.90748032149507e-35,0.03687371764558808,0.005581658329217146,2.3928569239437036e-20,0.01611721180852199
sim_acct_0460,94.68740659864967,3.0211082602101524,0.308221920935012,0.49441160336808276,0.11283515519370148,0.02822632397672378,3.3037994155268975e-55,0.025584517406068524,5.003392805391559e-19,7.6137524998096915e-16,0.0011228212202950168,0.0005034668062835625,0.07250441733932406,1.4516827933473887e-21,0.005643614132423013,0.0121545503236649,0.054342590741369864,5.7155249539648514e-24,0.691779968241212,0.00014247862434325318,0.0006707491198980432,9.26650625290915e-12,7.765773366422345e-06,0.04888339991341777,0.016506212834254817,2.461370015426058e-05,8.5514166371686e-23,1.214680699555078e-07,4.3542323004602084e-145,5.677586668703505e-49,0.017478139000435867,1.3876543627403143e-12,8.468700569954808e-26,2.6435579552054253e-16,1.488750703303887e-30,0.024424249368039615,4.225520039443912e-18
sim_acct_0461,30.240658786808694,5.725154345036946,0.3621997801101225,0.47739416438288285,0.03249100512366465,3.5547940734838844e-10,0.14417536166313874,7.841424604229914e-19,0.003667480972021444,5.72996627840701e-41,0.0010748404621623202,3.9286537720211546e-26,0.0017232560838930154,0.43451258756907296,2.6469581838869035e-06,1.9339299241121875e-37,4.234022833627816e-28,5.872567924650001e-07,0.0014004095671420905,0.007302239273235589,2.102971331597074e-21,4.567687132958197e-18,1.102143360700695e-22,0.004249557444641365,0.13915718354697976,0.01749317570215749,8.567103000423334e-20,2.5290125915339156e-68,0.0024258743273134695,4.452657044932383e-51,0.242814798815121,5.310007726669785e-17,2.388696929137569e-47,6.599250262685645e-39,2.6649081852391352e-12,2.168428025647513e-31,5.704249054939987e-23
sim_acct_0462,5.418853540651264,68.14190322870556,0.46748738062039086,0.4936315782458646,0.07298051524157245,0.4786339547011912,1.069933929819787e-52,1.0721016495523036e-140,1.0898154049838079e-66,1.0479118407223786e-58,1.0203216198136548e-10,0.007675430959929411,4.851354805496611e-05,1.01857122542113e-09,1.8895068206561178e-48,9.261313108095874e-39,1.580627119046669e-69,1.2294648233279357e-31,1.515519312120316e-39,1.985914950876733e-24,4.644711822492477e-68,0.09278600866923244,7.06045064509933e-32,3.6302740784101788e-40,2.8156966879833795e-32,0.00830138536617885,1.2540669880863352e-49,0.40083844120849993,3.2913826335463494e-23,0.0013325071461753619,3.006659253346927e-98,5.613871790311541e-122,2.90398253424164e-36,0.001394176490984195,0.008985589724005151,3.991065144921809e-06,3.757843808426187e-75
sim_acct_0463,75.79261317804318,2.8843013091087086,0.27430475116901865,0.4811878324636202,0.15470417307635262,1.4581478949795104e-14,0.3837074697557818,6.124144433280702e-32,4.948967812307944e-55,1.7565286907544028e-141,3.024478285936591e-26,5.448615632103358e-07,0.00933502669068621,4.5137983647575765e-17,2.6986356298410038e-09,0.0005929508652649168,0.2715118507952704,5.810892416247833e-41,0.13066054729357154,7.890022135540874e-10,0.13821876762488564,1.9795383721157072e-50,9.35770117856923e-21,0.015267235011509901,0.005992327023656723,0.014894792364127047,1.5602765471600825e-29,0.00016570800293958389,2.5103537167743246e-05,4.8200524836500774e-20,0.019791538292747792,3.560865784592003e-47,1.9720614264134847e-26,6.35429941608623e-05,1.1921409845313741e-76,0.009772591399013972,8.298860105991854e-65
sim_acct_0464,39.18147767381516,7.177340547724367,0.3696147074094709,0.39946595297732407,0.03476822105972261,6.682632126066188e-111,0.1085612078705272,1.970927458560787e-09,1.94135581514137e-06,3.1280606337000035e-40,0.057312528807107174,2.592474755684697e-40,0.0005067318543170953,0.3354626163956946,1.670079555174616e-23,4.5416137828016065e-15,8.306436875243095e-22,7.76218977780248e-16,0.06156263548666535,0.0031989711644505015,0.010273523512287176,3.611825557356645e-17,2.6003492136630673e-14,0.21029857110409822,0.15596118978753656,0.03745027078712349,4.7880445410250414e-52,7.951852203879344e-11,1.3752755597909509e-68,2.2082943536148013e-49,0.019409717113696597,7.023615246852913e-20,4.6456519807143114e-43,1.9304261459444196e-48,2.753050251477742e-54,8.184674087199355e-35,9.271020366363161e-08
sim_acct_0465,5.270082823624468,55.08565990318748,0.44931840669303813,0.4850018042791595,0.05812287083316874,0.21851211320624536,7.783949433106852e-62,1.0206831849972347e-45,1.735966858004206e-76,0.011850827039738922,4.927753884360834e-12,0.004631222493807399,7.491786796016304e-30,6.907194479316914e-113,1.4674458303522648e-145,0.012263606956726973,2.9726677332848637e-149,1.2293179626323565e-236,2.3354707584163117e-238,0.0050838243270448355,1.1324966595180018e-39,0.23329885586757956,2.2194870454244667e-81,8.190538376088854e-39,2.6387967034034025e-103,0.195681323735157,9.67921006250275e-10,0.23503141706517733,1.9715378412141455e-14,5.771056329873066e-11,3.170778744486924e-17,3.6379113643319987e-45,3.1727051341765242e-15,0.05335275303682874,0.030294055240864346,1.1243179376395479e-123,2.4740622669680315e-13
sim_acct_0466,83.11181030857558,3.0234634425289055,0.23572441367245234,0.467293749890593,0.1751716743259261,4.517265278564416e-09,3.2342504012175844e-61,0.0027671368234614456,1.9229567974102727e-80,1.8593288398924327e-45,1.9083709085907703e-09,0.00030587769442425456,0.041359118187629,0.0017531747931542239,2.2298286431604826e-48,0.0042481350263596784,0.0006800808393918502,6.819323351370952e-44,0.8016562513969301,1.1004932724945265e-06,3.1557801531346194e-05,5.8888411612819e-25,5.486311881034621e-45,0.043970902722743815,0.029847803951667043,7.839740660115984e-16,1.6372009000284705e-18,5.0840065939395096e-23,8.21363887993222e-10,9.422483917095001e-62,0.06053711029642647,1.0944746179019346e-45,2.475370647166755e-47,0.0011506273696696692,3.534282059072651e-35,0.011691115356337522,6.495373306609339e-29
sim_acct_0467,32.94456146888826,7.663221394852971,0.3424021088459502,0.7312962600876527,0.033683475105997555,2.6006203965009992e-43,0.0006058231517336139,1.2157606014300674e-16,1.7523312490557156e-06,3.206898555291076e-22,0.010959279891847709,1.7331941903793413e-43,0.001023131174434328,0.27847270410490177,7.152353748173505e-06,3.3818217277988612e-49,1.6102724219565674e-141,4.415493839317199e-21,0.005088153099476936,4.406582331822024e-07,7.49089327589267e-18,6.722539350537844e-17,2.544533857850421e-12,0.08394580365055698,0.0675774844578518,0.5522678850592957,1.796688774058058e-54,1.630480807049579e-36,3.117392764270783e-32,9.22984340818074e-20,5.0383532521047985e-05,2.8402345715329472e-15,2.761030907395999e-12,2.2700761227199615e-114,6.940486833626766e-28,6.528841159798634e-09,1.964784617007851e-20
sim_acct_0468,5.760839447633367,58.58167288920439,0.43032155726994464,0.5433497157364348,0.07880913231080806,0.2015573671898288,2.218431554491447e-39,7.544708040784499e-35,4.0914475081221613e-50,1.1923156108450412e-36,2.95647448917855e-34,0.017148819857369754,9.571598266493984e-24,1.0381394631425164e-45,2.028434805451181e-48,1.7788885396420228e-133,2.023062702011127e-82,2.4500376991418445e-06,1.2539295709038061e-58,2.1635366169174688e-06,3.0858110449361064e-35,0.16880772760744633,5.957853914849468e-41,1.0213599019682118e-116,1.036521664917712e-62,0.20913071930190621,2.6542016703359224e-53,0.36380069756713695,9.838531189634934e-05,3.2659104230462927e-43,4.682038582317766e-59,8.764550334275975e-15,0.009174800456818384,0.00340447435666485,0.02687239477139532,4.166240489949085e-14,5.170550735211404e-12
sim_acct_0469,82.31187418159018,3.394582127495445,0.20804228461253796,0.4321455516746283,0.1325711688392155,0.1473936549885526,4.526472367560736e-98,1.3993674787983851e-05,5.503761318135136e-67,2.9549593231683857e-67,1.47410862157094e-17,6.42109240662874e-10,0.1165303950643064,1.0449248308485579e-17,1.6884210381865207e-23,4.08853346408104e-05,3.1108430449207322e-06,5.247342146853581e-08,0.5299705027340994,0.10777184950215768,0.0031406272174934187,5.217158317543633e-14,2.223957669397434e-14,0.016869748909717167,0.0025390996990371614,0.008587957692611663,6.41804362665056e-36,3.5614200385676966e-57,1.0977079004122411e-185,1.551303121808971e-197,0.01756973419947377,1.6518689251590911e-37,1.9975349771557698e-17,3.5613552794509725e-15,0.00045006315016249274,0.0491183238743059,2.789948604781425e-35
sim_acct_0470,27.45882126214045,5.975198702709845,0.4050091295888901,0.46887614581964643,0.03410161098926611,1.3231305225503555e-11,0.005772832881613297,0.00017460764301761115,3.413345493205386e-15,4.267668675952282e-45,2.030260349412413e-16,2.3715823427099276e-11,0.00013465786495196362,0.34050418034541713,7.716058003617546e-14,1.121103651918614e-15,5.985978188924855e-102,2.975855385133801e-10,0.00016765857624272566,2.030538926126816e-06,8.59012732993564e-06,5.2802781319217074e-61,7.1923315112347145e-28,0.5587385537770256,0.0883680732563275,0.0060985533966002176,2.9627984241132405e-05,2.3314711802657454e-16,9.738776932590296e-21,1.1480285715198492e-40,6.332654660238685e-07,1.741248865236008e-23,5.736219208210859e-52,8.225844692463896e-12,2.691009168328883e-37,1.684362703730449e-19,6.384264412155525e-18
sim_acct_0471,5.213426158560013,42.55831940500572,0.4610482663928496,0.46519738835544555,0.08405062296750934,0.5176195991434279,2.617325910746035e-47,0.0014251591190118451,7.383548768957066e-12,8.923692535571716e-66,2.9463989962626336e-09,0.0034538901355920587,1.745308554587732e-69,6.427480748846671e-44,4.2258072702715456e-38,3.283762138748279e-11,7.70322311557927e-69,2.59313025534887e-28,4.540662670149187e-71,1.0622550218867535e-82,4.691426184639568e-17,0.3529899290681319,4.7865177457842147e-76,2.8291748324256415e-46,7.33507617712203e-09,0.02637120915779775,3.5089852117454366e-83,0.08993258268837055,3.2170029376588815e-55,0.004305781523046853,1.6060075959380183e-49,3.872359128331427e-32,2.6420268558429923e-34,0.0039018297201399346,9.122784918881689e-09,1.1650857764679479e-35,8.166741967837756e-41
sim_acct_0472,92.80066231196587,3.1624637414241636,0.28821030681870546,0.494380333220726,0.14766894666407065,0.016295975049232254,1.639106142338894e-20,0.0006495289914432985,3.081571025012784e-31,2.5451659660118348e-107,0.04738895397294544,4.831636959255991e-07,0.020207804498618004,1.4078321589284028e-21,2.8384627114945107e-63,0.01585143231266594,0.014243254670267307,3.7541571452510417e-08,0.409822555020573,0.013089995468638642,0.06572466522232023,0.0006642216093501924,3.8111663973339696e-45,0.05408048659285116,0.04092830187717173,0.12696871622116224,1.872371241538433e-23,2.9485310164273784e-22,2.0721427892626283e-163,2.4708369942852776e-13,0.002228311267664943,7.424825138510586e-48,1.5892699400444987e-31,0.0007941910804113271,1.5082704904288449e-24,0.1710570155082131,4.069930956730824e-06
sim_acct_0473,44.51797559267875,6.720070940373722,0.40253267854675495,0.5309742678696575,0.028262833048693384,2.676366543202086e-118,0.36726604214413694,9.342936880122927e-16,0.0003771830383369147,0.014268297090071954,1.6653891542187763e-06,4.5706119666034646e-08,0.018701891067694255,0.09161157987211352,3.392243431199244e-16,2.334936839224641e-35,9.416638733549316e-94,2.8135918289157186e-14,0.09717698267362698,0.022516335381873698,2.7237010063506405e-17,2.2956186729107858e-07,1.356876732756579e-13,0.15603770756212806,0.06584153839942036,0.0915047388394027,3.741408118379694e-17,3.657028660148266e-15,2.5132035560862523e-08,4.225097752728034e-08,0.07469568435426069,5.564433459938107e-35,1.6147666322815495e-69,4.1687892789946195e-28,1.5282203387889203e-11,1.5227686817604377e-45,1.152132853132391e-08
sim_acct_0474,5.120841172401265,41.97556975605787,0.3993874871201184,0.7119438702407376,0.06279179240022405,0.16169231261446204,2.252265298082679e-08,6.917961258878797e-14,5.0638263082999784e-24,5.980387073123298e-07,2.641247463232123e-05,0.0004940182372610743,2.1296942693739537e-25,9.732944943416197e-20,2.4831537028621225e-115,5.983195360484289e-20,2.1044594584698658e-14,2.7643118222860073e-59,7.236763659134972e-144,1.2535801020928134e-61,2.7975261872461647e-29,0.6157271718911393,1.6487391656523857e-60,1.0038136057504223e-34,4.486687561817901e-50,0.13630178042023167,5.293656565932856e-21,0.06943270732163338,1.2585635799931472e-50,3.2025669851659166e-46,3.0417660210078534e-09,2.393055170919832e-08,3.5761720618298027e-31,4.3159403551175547e-13,0.016324949506440194,1.7411569176438114e-20,4.313013075826841e-43
sim_acct_0475,113.32602660152702,3.281496164086776,0.2563587802466254,0.3784527500387592,0.12405873675324985,8.312077514325834e-13,1.159216375343228e-41,5.680485434213168e-15,1.60726932131088e-39,4.843965036957819e-68,9.018587506358279e-13,2.2926780420834188e-07,0.0520262077636451,1.074772564271283e-23,3.427291487493948e-78,0.00841358360461978,0.00096427310663915,3.6952900569990114e-44,0.5084379660822614,0.011605898147436827,0.07917667685816937,2.379743465578401e-89,8.895533320458652e-61,0.002696587458406291,0.01185007807072102,1.7852972367365033e-05,7.55996490692649e-86,5.0644812035667064e-36,3.777989671631647e-58,2.475748156836478e-06,0.21719685795762514,2.127573781805195e-09,1.5956931879843094e-36,0.09459115695172075,1.475627072432643e-42,0.013020153881114016,6.278310734362278e-34
sim_acct_0476,37.195708763456075,7.191856804262533,0.34823027395253736,0.5345078292457994,0.03682781829893303,2.610386177359335e-22,0.02532256315374947,3.321359924668954e-18,4.4502775595652113e-07,2.8554323674367837e-59,0.027247212045680057,4.9671314354539524e-77,0.03867287071285486,0.09681905967321217,4.5541319019448136e-36,3.208167365975261e-17,1.0793637820565335e-65,2.0822657055990633e-28,0.13728597290848382,0.011937621123318521,5.775951790858057e-08,3.1565829574344793e-09,0.0010176251920696042,0.11691538570044505,0.30703675326746804,0.23756161512403404,9.58398725215881e-65,4.54536348886781e-115,3.501541920004662e-39,3.957710633465813e-18,0.00018281515482741832,1.3723395723965628e-54,1.1632901337384154e-31,3.348214457224617e-55,1.4767908792415993e-50,2.1462309281369457e-16,3.683146612495098e-60
sim_acct_0477,5.631653976581179,55.97002066378275,0.50727172884548,0.48444146237136676,0.059979816828856565,0.11469684046133036,1.075827297789833e-37,3.019901719286144e-44,0.009275386090065264,4.221763486657378e-52,1.6160411599389132e-26,0.06718011886531755,4.514395538754689e-23,9.82026876183001e-25,1.667502348264948e-30,3.945300366256506e-27,1.670625652565542e-07,8.958126804952482e-79,2.6586236293831784e-17,3.080807194345754e-49,1.667175460247053e-35,0.38245310310730507,1.7298441007495463e-125,9.087374732496072e-95,3.4030241212596853e-32,0.017961292935366427,5.831611674252747e-22,0.11902757559072656,0.003103485750070502,0.042496471149141936,3.266796124822683e-17,6.779406798537559e-56,7.402579484040937e-27,0.006711085179877458,0.23709447380787393,3.594771055430127e-13,1.8204650739882395e-23
sim_acct_0478,68.19833442481462,2.2707241880206976,0.25776008078639306,0.5114547165650465,0.12698032147234478,1.9156481401534413e-05,2.3274372999363485e-50,0.0004793494161131222,3.025111997219505e-13,8.986736208172663e-12,9.279799184706064e-09,1.9596209474978182e-05,0.11431204134992468,5.071832571362603e-41,4.2790001637475585e-08,0.0023783567563605947,1.3455671603461692e-06,0.007765924077940251,0.5287047735900379,1.2394080319031875e-05,0.08336916953203302,6.077051157794259e-08,1.3900169076732737e-20,0.12035964267963989,0.010011542580885237,3.1140196025142685e-14,0.01864876925384083,1.6522225744256678e-07,5.188716988955975e-28,6.292241532401969e-07,0.008608006709383992,0.00022618003155235224,1.917475514969323e-10,0.006295238680182648,5.1296667330917e-10,0.09878760500299193,4.3696653840008837e-51
sim_acct_0479,35.48022512446115,7.035132598412164,0.45446546393285536,0.5049369151219496,0.04675139368495494,7.566652249479555e-10,0.1415317328099606,1.690361086796488e-06,8.137446498623892e-16,2.6264298116268825e-102,0.2041968849471039,1.4173194605045122e-219,6.6133871880584216e-12,0.056127156449303967,2.248220654666295e-142,3.0369187402902074e-31,1.673640356507529e-48,6.134982817713303e-42,0.007765116903739258,0.00418840528181856,2.741704136581871e-52,3.6941301488414345e-35,5.385547008642118e-13,0.07473501609956201,0.3567281626958668,0.04959444013027811,3.708338671804694e-27,9.151511857925581e-33,1.9345979988816414e-73,1.2530606649011576e-86,0.104800147680216,1.0436060927554445e-47,2.0724009051116086e-15,5.514406446299565e-36,2.0621858903012772e-12,0.000331245875181986,1.3625463976256477e-133
sim_acct_0480,7.216420270217289,61.22482033308205,0.48252502997543256,0.595929644516178,0.07459408127427788,0.10642835472195955,3.579601831515237e-10,9.744964755171747e-83,2.39218556679864e-69,5.730423377796889e-15,1.9854268972533403e-83,0.009544753951097582,7.89095515552164e-202,1.754883318559839e-12,1.5870614768831399e-09,2.149475218924149e-22,9.133947805020807e-10,7.411514096114265e-48,3.184326097689376e-09,2.4091741470861776e-08,4.786465444890052e-11,0.19881273584079925,1.601561286416999e-85,4.855900115427898e-75,5.989435209528025e-10,0.15668544649459903,3.872102224564386e-52,0.4040801592970966,8.905395470272985e-29,1.0620389763035133e-40,5.3292497262507005e-06,3.335870987590752e-24,1.595182159365154e-21,0.017956811860778726,0.10648637779916569,1.0472481769824361e-59,1.7242709631816457e-12
sim_acct_0481,92.3978279120876,3.774354362282699,0.31300121428807026,0.5344675662344419,0.12743032030750967,4.254709435970602e-05,1.2695900612771835e-17,9.477494853500988e-07,2.3723421177571585e-32,8.714850075100572e-26,4.690045833912291e-06,0.08676077075371916,0.0045135615787369465,8.274197595404619e-35,7.471930070207918e-15,0.0003315504935268444,0.0002427403249727906,1.4852450958036568e-124,0.6735341365229087,0.008531603847838931,0.040329046683831735,7.574729048004662e-30,1.246476097563442e-19,0.010785557204367692,5.591511212707284e-05,4.087491389714612e-28,1.563683637979282e-17,1.2173880700407156e-54,1.6290611079858558e-58,2.3336982889074103e-70,0.0033113612700629326,2.4899650832685586e-19,2.3445842718708136e-15,0.00399759866158697,1.6543864739996693e-10,0.16755797249119275,6.098600176337909e-28
sim_acct_0482,35.15340900803269,8.036997490324245,0.4117747229718534,0.5441536405888294,0.033210048274401285,2.1934571674684044e-19,3.941313370523272e-06,5.716418734382283e-27,0.004305366948418074,4.935687920824957e-10,0.33748662177062255,2.4134310630735476e-06,0.0468437470590901,0.023519211223977713,0.012803900014446179,3.033564708022387e-22,2.3939220472776863e-14,3.1000081915984085e-65,2.7239952112445217e-06,0.07847190070818796,0.025462415883502062,8.044304813103498e-84,8.191338947678584e-14,0.12334046294520486,0.3296985770291915,0.014622593025785995,8.242201193291868e-74,7.365658270553736e-21,3.576971031815734e-08,2.4973114464952496e-47,0.0034342023701841398,8.918969601200481e-56,7.55561037439996e-48,1.886018359201441e-06,5.170747686963061e-33,7.499435442229147e-18,4.5203718739022977e-82
sim_acct_0483,6.855239935292017,36.087963208404794,0.6803891262926121,0.6104308094940555,0.10118991841809839,0.1673141126273483,2.4264367195770896e-19,5.899131236244487e-18,6.389280178951355e-32,6.214752422971206e-14,1.8490004086378662e-25,0.11726399507341777,3.5949515143324225e-10,7.469689771203967e-216,1.313412323646054e-06,9.212772415320117e-39,3.641861334264845e-247,3.9467904654252233e-54,5.852156625793376e-21,0.06279335998976135,1.8676240151586093e-11,0.0684690626972807,0.012763293071538685,1.2614374097341152e-63,4.610078419150656e-16,0.33414581410299316,1.6606823757593067e-43,0.03590317628510018,6.939693511397663e-88,1.0806099238056227e-82,6.90004518220852e-08,5.713991798831861e-47,2.1533882170357455e-38,0.006769255248160397,0.00017379986428316374,4.5373805065610474e-29,0.19440274824910683
sim_acct_0484,78.96987593727506,3.3268199703592733,0.31626286155229644,0.5257032464551131,0.12462217166899993,8.938814758469534e-05,4.599669684249332e-59,0.05581528283740215,1.4868708925996703e-24,7.960171139820317e-26,0.0023069856252116096,0.024252181556788203,0.04612673087543461,1.8560425376387933e-23,7.912408392761168e-18,0.01464889343146223,0.008649740599337987,0.0005436688268949714,0.5751390149448239,0.034497195155639995,0.051369271926445075,1.4411010748474627e-23,1.1903237387617395e-18,0.04067089001344693,7.359197735701558e-06,0.0012743945918267906,1.5943263632653512e-05,1.5456846474847787e-42,9.263010050541633e-16,1.2306099829226338e-129,0.06392096963392273,2.8454912555315648e-117,8.420967027554201e-16,8.535751396174723e-06,1.4358212319142144e-38,0.08066355362101177,9.32083893275331e-29
sim_acct_0485,42.00209377164997,7.980700867837752,0.40856560085953325,0.495257558678496,0.038592341177109704,3.961998837144422e-05,0.020460531721533167,4.9263035297783764e-14,3.71292525223013e-18,2.966440711047801e-70,5.750889889628633e-22,1.952279578746999e-68,0.0006813376877015247,0.14894411339892974,8.738395329474189e-46,5.657547281807184e-135,1.1083274276826358e-27,1.0959460754423353e-106,0.2174019175059587,0.07846611497216285,1.7288212383690797e-14,1.5388811545938327e-50,5.046016704840185e-16,0.2558615896148872,0.19241878047786265,0.049157475636613705,3.7911239156604604e-10,9.215784945705813e-125,1.9931671106068387e-20,7.097366645141274e-59,0.03656799892162482,1.397305667649044e-18,5.196930546243532e-07,5.847586597673245e-101,2.1203887690034476e-12,9.949336952934805e-46,3.3079826962468574e-102
sim_acct_0486,7.510249925499485,60.44990239532151,0.4714362297810076,0.591341275768804,0.09202305167374066,0.062267052190734064,2.9225192833560725e-23,3.2926311703835154e-27,1.0319149494396973e-28,1.0998468538138552e-29,1.2044304029183294e-14,0.005484322173460113,1.2092895094740815e-15,1.1161863852790378e-94,3.385707161781337e-139,1.5728216484710316e-178,1.4128662324422258e-35,6.727685917818121e-76,2.360714258695145e-09,2.100493941174368e-09,9.64171751910337e-51,0.1074667272782219,5.211042109869686e-61,1.2096494110184113e-06,1.3826765168072303e-26,0.26236401711205043,1.477189421047462e-49,0.2454536705558291,3.1380870110593997e-85,0.014483699300922052,5.67585787499398e-30,1.2857232423685935e-18,1.6128740246405773e-59,0.3009044103142519,0.0015748836359742644,3.3115071984894956e-09,1.641655292038589e-11
sim_acct_0487,92.92800027240546,2.1170405384435944,0.31829996361716095,0.4553313681298544,0.1221648139008711,9.348519475881498e-05,2.7250743381172267e-156,4.058051922655491e-16,2.4049929983196483e-20,7.391971544854597e-41,2.180981310149531e-10,1.2880226568853504e-05,0.15975148425152785,2.9456796757646744e-154,1.0126916034716403e-197,0.19456924444833745,0.0012845409172959146,1.2051328655877408e-07,0.37221104589897885,0.00034279631667939785,1.4754116528669905e-07,1.757207927483097e-31,0.0001659175375761393,0.0036265273681880426,7.700233407045798e-05,7.897621928151746e-23,9.067481391963554e-05,2.1556698425625167e-81,0.02065651202245671,4.803444967624906e-14,0.04852754180473865,1.2577185837278213e-139,1.404754366840988e-25,1.9530272391810702e-26,5.878574142929363e-10,0.1985900780044474,1.7347776249446954e-19
sim_acct_0488,35.73079783313726,8.046755174650968,0.39387078410482246,0.5535680320793003,0.03472278027867513,1.646293678104238e-58,0.009913611617985587,1.479476145221882e-11,1.7247298831917242e-11,2.7805004889120053e-56,0.00042690199541358986,1.80244627211488e-76,0.0025086387539036644,0.32335161003815893,3.051745668011092e-40,9.524045851988733e-13,3.899996986643447e-109,1.9679979895007576e-25,0.037508550075454984,0.09967991675855731,4.509231197962316e-14,2.984000904339355e-66,3.6495199760042187e-10,0.07590902476595252,0.26851197903335633,0.10118982875939418,1.7969996320363401e-47,1.7031762097007722e-07,1.1674960033349223e-31,1.2803827101376172e-16,0.08031772321145891,2.514867041591693e-56,3.121280293508988e-60,1.4227238470708347e-37,1.2145434932886914e-50,4.599196993724984e-54,0.0006820442747513934
sim_acct_0489,5.539846722667215,59.055081982294986,0.5217505164184907,0.5517026318936994,0.07541591549662775,0.3275866442620425,1.0629794342425545e-11,0.031990636272133374,2.9209553436786307e-41,7.360736745289768e-57,3.959021923452285e-40,0.1275659731233685,1.997483741906913e-92,6.444344017346183e-132,1.740290085657933e-106,8.054762671619322e-104,2.972793325042883e-16,8.114999448394613e-19,3.7237221691394216e-67,6.351658973126106e-10,3.332229129661145e-50,0.13045324545617534,4.0896424269080836e-47,1.1332201875975336e-28,2.19271600590008e-12,0.08237260178678174,5.602314597970018e-09,0.29272422337704784,1.7773526243351053e-56,6.069554949975404e-57,1.8921869196526596e-50,3.2391408411118507e-23,2.432697508876438e-37,0.007304858666120151,1.8108060271457524e-06,6.726974444706449e-41,7.680396005070231e-38
sim_acct_0490,89.51323439120026,2.612657263749264,0.2378908125505781,0.43710352128159846,0.12156288223798106,0.002215500803297907,2.455788092491663e-13,2.2109615084209548e-08,0.009984081876678663,2.984022316347083e-20,1.636375965270446e-15,1.934369815474862e-12,0.13113445454523687,0.004761980537170893,7.206269069206824e-05,0.07457389303966828,0.24877427015820672,7.116512391748328e-05,0.33000533494064827,5.884815545216761e-10,0.0019259325220891065,0.00900735179773686,5.2622138604428335e-08,0.052022707150231454,0.002110033986924319,0.05157445044395803,2.4723330917270286e-20,0.06928737753842762,1.4543764275814499e-37,2.2567540785928196e-22,0.0005677915836697378,5.577218090269061e-31,1.5116407482053575e-10,4.436381804735299e-05,7.02596662438321e-08,0.011847595269964175,1.9506440187270287e-05
sim_acct_0491,31.61426709555292,7.110642517458463,0.2929907856209526,0.35333957913987585,0.024553861587478715,4.680055544240875e-22,0.028375349601623336,4.1477602260820005e-26,1.4303718422274702e-11,1.7808860414149898e-43,4.0697925921787705e-15,0.1518938297931648,4.162386992464423e-10,0.4601573520593734,1.444431631535284e-76,1.0605322354967284e-105,2.697178612978151e-22,7.594683970531192e-79,0.1222220771764861,0.0009910310083663914,1.1190919166493605e-35,1.011950641488646e-24,1.5465836668630225e-13,0.02940532785383367,0.08264731266212594,0.000675086258367714,2.5049142407593823e-40,3.338548877633733e-27,2.4642373228826164e-42,4.523442138770689e-15,0.07783649147803993,0.045795910789642555,2.360295447796319e-174,1.3415447279514587e-61,2.548075710369324e-15,1.0309878227599377e-23,2.3088826799326677e-07
sim_acct_0492,5.760732083395116,55.94809006167596,0.5005386157205083,0.5361476487982793,0.07160709034725057,0.17950104145396342,3.9834533618927507e-19,7.955885728754227e-61,8.536243702928573e-05,8.110404462406164e-84,8.779353318265251e-11,0.002779685079477816,1.2036204291342093e-53,1.430375560736162e-23,5.418523965812766e-83,3.403389094413709e-86,4.091441121590243e-28,1.5513594101456875e-33,2.327929745339618e-58,2.6398464903903474e-09,4.837258988430149e-40,0.3095239134067197,4.643019009477903e-44,1.213785171835102e-66,5.047594120767729e-15,0.2641918628724611,0.00014658633812610384,0.2413346123208026,0.002291673699959539,1.5621665500709193e-12,9.46523564428117e-53,2.2579847281463143e-12,1.4144887124843293e-46,0.0001370291225773995,8.230537417754213e-06,9.532496589029808e-19,9.282224444045771e-33
sim_acct_0493,103.87851620749385,2.690197765805052,0.24123645062333723,0.47195967931997035,0.10965270792754533,4.904398452876928e-07,5.670214377401383e-73,1.997331466585003e-06,9.19079318295851e-59,1.4555740658802863e-62,2.592511447704853e-10,0.005373614768333603,0.002810800397585078,1.2625678810844664e-52,7.236699647958613e-05,0.06959028966301169,0.012418319330356082,7.26531059128046e-05,0.5041574805187629,0.0038365779878225398,3.956852406686949e-09,2.3913081468830798e-52,5.912125888729169e-09,0.058931591692763984,0.022160741406228982,3.237144606140366e-23,1.8984213589530625e-19,2.1493089854754736e-10,1.3598857106652635e-63,3.700168602040316e-05,0.007499690451014167,3.1577901203755006e-66,1.1434701748711804e-13,5.529556164263645e-10,7.282748913004625e-44,0.31303637332816575,7.795829587983265e-51
sim_acct_0494,44.30732312130108,6.230734318724398,0.42500873800328365,0.3742085962030871,0.03351823774162611,3.851600076062039e-10,0.003271279966613297,5.7236679492930407e-05,5.670974781359164e-06,4.362723332072108e-78,4.2524788330510915e-06,2.172008262380186e-06,0.0013260391301023345,0.09371239557059134,1.4910630201262555e-12,7.989553565740764e-50,6.562867741177466e-79,4.155126817458408e-06,0.016803129415155545,0.007344356075589673,1.5634773053960961e-52,2.4978101660677074e-163,5.547519832296138e-11,0.24286734865685147,0.1309553998202393,0.4567232762985604,1.8880204176902376e-54,4.631399771567709e-126,6.961131161070025e-32,2.0009174272280057e-115,0.04628417548375667,1.531952551670034e-11,1.2597285058879389e-20,3.6179458623714167e-19,8.739641308465485e-06,0.000630372215598448,3.0638550355926977e-76
sim_acct_0495,6.365425194963156,69.50372844161626,0.5373539069360389,0.4738791843701371,0.07509249755869798,0.09326249154326967,8.141236143632782e-23,4.832860393993012e-44,9.718310621322733e-15,3.900992449601977e-18,2.8502474484941547e-61,0.010856491141113547,9.195127532249296e-08,3.2078545592214555e-10,2.2893841695737906e-12,0.239294493780728,5.2524519653095985e-109,9.768711967577196e-21,1.691105706033032e-30,2.0421852280421873e-73,0.006356242071075906,0.05720182621172474,3.141610210918164e-13,5.0885172181061955e-144,7.402289497426499e-61,0.019890233571279795,1.3399259769622248e-84,0.19576159459620565,7.2494241802324474e-40,2.8252307732657843e-75,2.8472340180268156e-145,5.4924051355467064e-34,0.29481451871815323,0.013147358003861605,0.06941465808791367,9.182135085610295e-60,4.616589888027707e-20
sim_acct_0496,88.60977633559897,3.485190715353007,0.2729704237826198,0.5789693080735249,0.1256210515395753,0.10801972503154778,2.731930840130884e-111,0.005435688583260205,4.5005026822198955e-94,1.7615593505543865e-59,4.751994250494834e-10,1.675490258885173e-06,0.008403012148812108,2.968524007338909e-14,1.2097959367489062e-74,0.002046951589508414,0.002065259527834226,1.7127210610869405e-34,0.5831023390532727,1.2496598318109233e-05,4.721136152789177e-12,9.425058982248322e-15,0.00013207592224689455,0.013549979037842254,0.007064080487834491,1.8125353914441287e-15,0.000397635121711001,6.2687594709342406e-74,3.462466338677566e-42,8.327020997330183e-06,0.03884464840315072,9.230687927854481e-71,5.946113392506339e-29,1.3333036669207192e-14,3.0868719760429528e-21,0.20698716643674175,0.023928939066688238
sim_acct_0497,41.89476111064106,7.2701909263407245,0.37566220925209753,0.5467497766366393,0.033985415978139026,5.24540727178293e-131,0.02573079941930577,0.009041713131018534,0.0005356130507789296,1.0484448921768902e-12,1.8400393274034468e-07,5.0933792536078925e-25,0.055723114661361775,0.06992204142343392,2.293028242307314e-49,3.102582077709296e-196,1.55445824544641e-76,2.4228290833772943e-10,0.029392363173106662,0.09394300993909989,9.632073096029667e-06,1.790985025973403e-105,1.4251139841296765e-08,0.6292559862430103,0.06254820263584941,0.0002644482460033252,3.0736779085150213e-60,7.072558148782341e-10,3.6648753065066024e-27,1.1781438130030033e-34,0.02363287679827577,7.262679154284995e-44,6.490161452055985e-19,1.9731673378843494e-150,2.851631554594462e-34,5.626814904252916e-45,5.364268019232918e-38
sim_acct_0498,4.769696454154531,59.934109122225244,0.4551497739604668,0.622079335798859,0.07300261052804004,0.46387641455399437,9.16376751004066e-145,7.094614859987124e-143,3.405275340451776e-12,9.342927501374045e-36,2.3827498980261246e-14,0.03262314840880684,1.3518896075187493e-42,4.256081046992798e-07,1.5828323040113325e-29,1.4719008397941833e-56,9.132067596486279e-20,1.8664263623462692e-08,2.279580311747094e-102,2.2858507175323276e-13,1.218433967930622e-85,0.06992149624883261,7.109158559544004e-06,1.9336529438971786e-44,4.075298950275468e-26,0.08873047382153039,1.1106397236258278e-52,0.3396178492247523,7.273203603605604e-67,1.3670178533456179e-24,4.405452930076269e-71,3.7905630528371785e-18,8.871390525105771e-159,0.00476583069448778,0.0004572336130102139,1.3925893400578017e-24,3.4952888383443386e-24
sim_acct_0499,109.00755579342112,3.3752800903150533,0.31280517614512554,0.44302351115916283,0.12531481902258132,0.000829063310576485,6.614220395185529e-05,4.85267669706565e-05,5.698692976496335e-35,2.4680513159722663e-37,2.3599371683207023e-07,0.00030208326484297126,0.0018676056186123292,1.0156801914226433e-59,5.89668258805017e-11,0.0011855766998128587,0.027628975713980524,4.3637283411116e-60,0.7435843325462355,0.002547427491349192,0.2082405940277568,1.650910287471466e-28,7.669400308279687e-10,2.7397407335945126e-06,0.0002169766253429056,1.3416661855885126e-22,2.0965722690022575e-09,4.297607593904925e-17,3.6050982399659116e-23,2.78235546719287e-63,0.002514032815549556,9.274988019992002e-30,2.9464354485962575e-94,6.151468555522577e-45,2.8705030034299563e-59,0.01096568425808879,7.530973204351366e-40
sim_acct_0500,34.154227381812895,6.7788050132785775,0.3730678249084293,0.4902017390832094,0.035473683759400805,1.9298629447344524e-21,0.04136744570463544,0.0006166908976749312,0.01422662859468531,2.6383905853789725e-51,1.4996180822696324e-07,1.0500472915468827e-129,0.03737622142115701,0.08044332666706902,8.142920279015684e-14,0.0009442620500094608,6.101115082450829e-22,1.1168184432688432e-70,0.008943103615719141,0.006466900920700808,2.8832481130430108e-05,9.466940727607006e-76,1.3743945137669328e-05,0.04284583636982893,0.5850934876186177,0.027511164373864694,3.571050541183046e-80,2.8135123100200244e-12,2.777931045892446e-27,4.970860451906072e-98,0.15412220537506627,2.6363972755788622e-23,7.082309669468818e-69,8.775882431085326e-64,2.891460381802035e-168,5.404147052830586e-41,5.393563053757217e-35
sim_acct_0501,5.8881288896295425,50.78255163586972,0.48252312373363077,0.548401296211051,0.07718508379301578,0.11428711795629114,2.166089486975853e-67,7.416204358558769e-60,2.237993135166881e-22,2.120343889599096e-06,3.71380058283324e-27,0.36939820938409307,9.37057253674208e-33,6.999780146460804e-58,7.264390390959391e-74,2.1198945336827893e-20,1.5874212443949888e-07,3.026043611847823e-27,3.692279878119047e-15,8.654758278007234e-66,2.6349526515597545e-58,0.12047061278501174,4.958789546490033e-05,5.560227058095749e-30,5.329022908563328e-43,0.10335214148965892,2.9790898148180694e-32,0.2895619941014558,5.926856942885863e-23,1.911476962988231e-37,5.921089200253028e-16,1.3756481188852724e-41,0.001957024850122856,0.0009209960563932215,1.3822355851688707e-08,8.329524888393476e-16,2.257313363007787e-08
sim_acct_0502,108.31177882701195,3.0607363399843726,0.28989702490741787,0.6169901752692848,0.1690855525133965,1.519252442607444e-05,1.6571073828250042e-27,0.0037291039886921534,2.8901452754811165e-19,6.016712678821745e-17,1.9258082096422177e-06,0.0035875059681363193,0.0869043866989202,1.077471892053096e-94,3.144602498964252e-14,0.011026812576665632,0.02003553384281202,1.8421603485405912e-46,0.6238697052237681,4.482841806474142e-05,2.0569868324881544e-08,4.1448853249543814e-13,2.2632877065646596e-22,0.07210653220892765,1.0365648558491034e-05,4.110020872715594e-22,0.0001138833386292514,1.910263956181724e-57,4.0667575605186007e-25,2.215737069644545e-43,0.046537066666317004,3.897367718495155e-68,3.0512016546594076e-53,0.03324357328651156,2.534564587582302e-33,0.09877356323104687,6.17292504630772e-143
sim_acct_0503,40.358754892215984,8.387433488324204,0.4285878894798789,0.5181865781626894,0.04985667065705743,6.524521848972849e-30,0.24331262749269206,2.0106272094350224e-15,1.2608815544549974e-11,1.1564965549297562e-47,0.00023452638435090696,3.481063289207663e-32,0.05956258827043077,0.2641603789629112,1.0842678752194991e-31,4.674861882437078e-30,8.308373856436599e-67,1.59206890114546e-91,0.0029644978018382156,2.9322573094491217e-08,3.255707343789803e-12,1.2551369924977575e-76,6.098822860987516e-18,0.03738871644987219,0.10587982355821585,0.13426884614073792,7.437690451369834e-09,2.2884100691498577e-35,7.106035417429753e-17,0.0007635075781413253,0.14175792808748328,7.442415125747675e-30,3.054637773927574e-116,0.009706522497196213,1.816716006458752e-60,1.1797036917178311e-76,1.4660106638437037e-106
sim_acct_0504,6.594103735129123,62.10844224977395,0.4386264973167702,0.5293340749626079,0.08116312880288569,0.15102581009705812,2.344453757924116e-31,0.00836988757708744,2.2150206922079835e-14,1.3646898136514744e-09,3.2500479081280137e-44,0.04827873095391668,1.1307034289296852e-70,1.0974461564334102e-18,6.400602385380091e-17,1.3926918068103943e-20,8.39033636890875e-114,1.646269035953296e-09,7.079261173703709e-65,8.753646347761937e-05,2.852930381253782e-142,0.3723252589153434,1.1275978346165123e-34,8.83174954644993e-48,4.614696191473929e-41,0.052949258854927926,4.733197658570321e-17,0.2545546432948307,9.037676339302627e-56,0.0008934471197037004,4.5241652769945e-16,1.0645379761233591e-54,3.246502574992974e-92,0.0032979717414774877,0.0680197937623811,0.04019765820881423,1.191017326989935e-33
sim_acct_0505,96.45269050137767,3.3090097169445456,0.3378944778741837,0.42215008147079575,0.1428752309163668,1.0295819886436439e-14,1.1804437794231693e-55,0.029647501183607566,3.47575692017157e-13,9.016725107245547e-09,3.4965594387408726e-05,2.1219035257277576e-13,0.13353212487603996,2.6744239134196776e-35,1.7547168638825634e-104,0.03156049634573187,0.0016659052307048208,2.8160928893457063e-21,0.5049820514854061,0.005073035184804829,0.003424531125508789,0.02872239668424706,0.04915428894039369,0.0029398641523353994,0.10813351088124819,1.973317232421778e-09,6.512279787724007e-25,5.298909010904601e-75,1.4105604075749142e-16,4.887452419141238e-10,0.041020458663447244,1.6371149764133939e-09,7.040810381385723e-15,1.7301198880735695e-11,4.595893252923279e-09,0.06010885192246293,2.1497093779476964e-19
sim_acct_0506,31.482032368302825,5.385073358983922,0.4171940916071729,0.48690750846715797,0.044669652793664444,1.7667259757611347e-28,0.0015313308600364618,4.436987105397563e-21,6.294492537214094e-11,1.639409070770853e-177,2.6015333009014e-14,1.5483933896308794e-58,0.015416479663864693,0.34318911305682465,0.0005474649573285018,2.8642040674656364e-16,7.666126247151113e-39,7.88737041381653e-09,0.05237418210950922,0.006072093032030295,2.4882097874558454e-32,0.0003898871114746342,0.03659142174892839,0.15239655204792746,0.04046549835420456,0.16200198330419527,1.3049517926186224e-69,2.3831694604358528e-26,5.359442091945298e-15,0.05202772706094634,0.13571009847723073,9.279487326842294e-09,0.0012861509856645834,4.063529499621226e-26,4.742289472300964e-64,5.999571899304219e-17,1.1388403927161012e-16
sim_acct_0507,5.799133661809921,69.05975754824769,0.453412791701221,0.7462680011355477,0.06111079118972617,0.2159337384978,0.000716548875631535,0.01304299970432134,9.426860712294492e-31,1.0524014003662357e-151,6.764088708166734e-62,2.0409534494909812e-07,3.064657848197675e-06,2.1666604032814462e-232,1.4063649249501069e-27,0.03147205112191053,1.4150345300629614e-12,4.940359936086247e-51,5.408900821834489e-05,9.069870050752932e-80,6.50172694697356e-07,0.08163624542365985,4.479403844312488e-20,7.92227692366694e-74,2.8371039148034586e-51,0.204150943690015,1.4515565681713848e-34,0.43943650097600667,4.067282204485963e-15,2.6302637903155813e-14,3.513389293432468e-17,1.2369449314704846e-37,4.4717728215261225e-63,5.070408071999213e-18,0.013552963775103614,7.061642783120971e-45,5.089920783611236e-69
sim_acct_0508,89.81722276610196,3.3925655077615753,0.29535911011749116,0.5296700710979609,0.1373710305802726,1.85859590119869e-08,2.3972162571598256e-102,0.002200873773172327,6.5987912379755015e-34,2.3394225480147702e-53,0.03713637153298794,0.009253084023508815,0.01781928839737303,1.3228813204531523e-16,4.476366953596984e-27,4.195279508130491e-09,0.1511191998925776,7.746832927290466e-34,0.2540524389675475,2.698393620083792e-07,0.00018285943818889866,2.6867246089465527e-14,4.006038476964943e-46,0.03169316790869701,0.22556484049666908,0.002556292123835675,1.0476588397583319e-12,0.025138558186144976,2.3477074776646547e-29,1.6446739357725212e-05,0.07368886639883357,0.0038110266367978275,5.333213649534223e-40,0.012656722502037938,3.3714141522066415e-11,0.15301528534915237,9.4384977728494e-05
sim_acct_0509,31.600148950730997,6.946390103190202,0.39621635433868174,0.4767501852325428,0.03842116777764995,6.634601782085393e-47,0.08327347842860304,0.0007161763299044372,0.058644730134628974,3.261053190369262e-05,3.837066346580186e-07,0.0002473526885354019,0.00493240080251326,0.3028495301304142,5.604014446432558e-48,7.619626606299214e-135,1.5732910543608135e-17,4.053655346444003e-35,0.10053081557441532,0.07155898035573958,1.786862540365699e-07,7.822916894559967e-09,0.03872220897572951,0.13744941719144063,0.0778820161363798,0.0037144803640977667,2.4338014914732174e-19,8.296135671762106e-07,5.5747972649579284e-14,1.6269159964247235e-36,0.11944400452557988,5.6189621505819863e-64,3.5977323995759615e-07,3.8227446260161477e-08,1.0927715092062766e-42,5.587633655117957e-52,1.8646015683086365e-41
sim_acct_0510,7.1070080468706305,48.36001963786082,0.4334549337207844,0.4499742944527729,0.055776572301789534,0.201388818519957,8.910678600865949e-45,1.230599105884032e-67,1.4906836260520115e-56,7.968870097404829e-47,1.8932797025832977e-36,0.019785218620010914,1.5240115729535665e-86,8.733183798914017e-80,2.1163457227926128e-78,2.4647194316201908e-27,1.8570898629621948e-167,8.654161968318294e-37,4.214548998263141e-11,2.467044131168774e-71,1.3739249257163631e-108,0.35702465929216565,0.00812128461084023,9.273530272096532e-28,8.13158331742675e-12,0.0004767520322062474,1.8990049170757742e-46,0.4131624041889712,5.105844704659145e-103,9.673325508578918e-94,5.257092008421226e-23,1.6700614572563174e-21,4.0152398381736756e-05,7.308793506576888e-14,7.102871166726691e-07,5.144028813137904e-27,2.277181560036777e-27
sim_acct_0511,86.03401852397616,3.0452961584404084,0.39350637621120493,0.5638166603463446,0.11769656996370331,0.020493006730397452,6.010432292883698e-41,0.017943567309266613,1.0499349815124865e-54,5.2585047222406966e-95,0.029154268260173002,0.15810204333450417,0.010735805463793515,1.1153014400918973e-11,1.0601857222501515e-09,2.8996428308954636e-05,1.1675019347939513e-13,4.133540751284713e-26,0.5337445421043435,1.7837460641989216e-06,0.2152990007900912,2.1105865703746863e-10,3.089283402453217e-07,0.001484129287677479,0.0009385181903941214,1.4954208461105357e-10,3.099043373873194e-45,3.285348181765606e-47,2.0324603366135486e-07,2.2330340936634536e-82,0.0001309812113264515,1.9760730279802516e-51,8.44639505940631e-09,7.326525107006313e-20,0.0004548853518481939,0.011487949738986026,1.810013835267809e-68
sim_acct_0512,34.721740881330874,7.756463724823916,0.34386221310655746,0.527079652879967,0.03197776145576575,3.74239864443131e-111,0.057962758335690236,0.08250702303682293,2.156906114275512e-07,5.159688956832683e-185,0.0007954293804965599,1.0135534912894085e-30,0.01955674811128094,0.1664747470356762,2.5115540914413798e-124,2.1761187880574268e-13,3.2968107673597513e-10,2.375008244626885e-33,0.023709096576105815,0.007637510214344807,0.0754395533665916,2.079383279108072e-42,5.7139871879828815e-24,0.20342348957358652,0.10478640573122276,0.013290514299458453,1.4907829062275798e-87,4.2772411452965533e-07,0.10006546146313823,1.6172893038454008e-05,0.1443344462375835,3.2803220984910766e-13,1.0396373614438931e-14,5.841735954593612e-60,1.7533678298723957e-40,1.742237068054034e-17,6.757413252923712e-78
sim_acct_0513,6.782688148411126,52.63042479982529,0.4237575837185876,0.59865028971097,0.06654450911505604,0.08359206050457563,3.674544647278126e-77,6.186696673141254e-07,4.517518874714149e-18,1.3315066768636488e-12,1.5706466015387e-06,0.0024921165167817653,6.0257624362895704e-142,1.1708972413468254e-27,6.172154547991221e-106,6.207601968289899e-20,7.700216520207877e-127,1.6074403735216746e-57,5.4034922065229e-56,3.6685197050415904e-13,0.37081510550242175,0.3394900999524458,4.0407731321431734e-156,6.7566352211695e-47,3.984681908221221e-17,0.1698429199265663,8.033039288241686e-39,0.03371180087478666,3.830598608053111e-07,3.8587749448915176e-91,1.1009252406563105e-66,4.692676197854066e-31,5.23250295467073e-07,1.9929868533413828e-07,5.2601795613384514e-05,7.57947503670379e-69,4.7456851892706854e-42
sim_acct_0514,95.47339597189195,4.025253594631844,0.2569705393631516,0.5944843626474736,0.1262926967564,5.635478770192363e-07,2.046459293122504e-26,8.311245312981234e-16,1.3853447515506925e-17,3.2252220354095767e-14,0.00020157650354843352,1.8912302870333992e-26,0.013414011626290238,3.126373417119004e-114,1.48752309710754e-156,0.00039690074782284526,0.00024021738918958657,4.419026764799605e-09,0.6132237899141623,4.837899105486214e-05,0.00010390554000143163,1.074732129764084e-08,1.0452056953277308e-23,0.2935645453927569,0.07309514485983856,2.1109240639156106e-06,2.4096538771682434e-08,1.1493356845444851e-54,2.271992410326354e-34,1.2921276835046825e-09,0.005425530887826005,1.8257064763771463e-07,1.0901238326009913e-62,0.00012293538261128628,1.63926454093615e-17,0.00016016516726134657,1.1512794832844753e-16
sim_acct_0515,38.77962729333498,8.731190397901619,0.425739866752151,0.3864503094712701,0.034138803818463445,2.6574631924367093e-47,0.001614364490338504,0.0013814806830907142,0.03280721556964526,3.2526377397011794e-10,7.410832687768305e-23,3.246868337095282e-32,0.01859029651143468,0.10116829124303658,2.0073449178220825e-11,1.5765761881176598e-11,2.346851673212287e-35,1.9749393929534795e-172,0.20957428928643787,0.0689831140617252,9.448027416156246e-19,1.7286084141347274e-113,4.025737529788026e-17,0.06085515985900679,0.4985999460580379,0.0005657770594625024,3.268042197431493e-42,4.738320434007079e-75,1.0398967734466839e-81,8.115990965200199e-122,0.005860055619935685,4.250646555024839e-20,1.3090985167197598e-94,3.245526047281876e-62,4.986046657047413e-09,4.210698599042782e-09,1.0416138734307175e-22
sim_acct_0516,6.263719554197338,49.79553009346946,0.4972647243718041,0.5353992767137241,0.0784885743588698,0.07614948102787746,1.414588618810984e-08,3.2407567429417674e-12,3.918534801188704e-44,2.9186032118460703e-23,6.768572896766381e-08,0.0002502336822495752,8.132124714829277e-35,2.056388267771727e-46,3.684964293957173e-42,2.63404272878783e-45,8.17438000997977e-12,3.6548858627970274e-13,1.2744085300962731e-08,0.0006160287380071543,2.2995599745192886e-58,0.1909983095554379,1.0197154609567556e-92,1.4175453382285068e-20,6.584957118039605e-26,0.5117387196886475,0.03263205141574655,0.17753165310438762,2.433119751357453e-12,4.42431953758148e-70,1.2708193091089203e-44,4.846997285934928e-05,5.291831897779969e-23,1.6982646829653052e-07,0.010034788398404423,9.433911119158378e-42,2.5872211413653113e-26
sim_acct_0517,77.44017515545404,3.686948694871309,0.23439461441849116,0.5173307330661069,0.1115551663495796,0.004525849866699666,1.1637361852652202e-51,0.0003828236593650242,1.7746027533342587e-14,4.472696434099006e-56,6.681953595607556e-07,1.2180939111490464e-14,8.234416970843219e-05,1.554999201034142e-33,2.0188314997743968e-17,1.7255673845250378e-05,0.0005955277874204167,3.0867166741289146e-45,0.780271348617063,0.005467780977298001,0.0358275806767626,1.9884365770335495e-08,1.881001748499619e-96,0.010927367425997389,0.0639241982967353,5.116742695510634e-06,5.090655781549297e-41,0.005787896909358091,1.0851149145228096e-11,1.2736520189482663e-09,0.07911067270787119,2.364103630544324e-38,1.6504686338255031e-46,1.9835906830230908e-13,1.2981455729737066e-37,0.013073547124723542,3.179716224983308e-52
sim_acct_0518,33.76059577373574,5.24569225055256,0.3905213252174116,0.6154950371858364,0.038221794228223555,3.926242486937493e-18,0.003977613842072571,1.8293024191724577e-07,0.0009565395010077278,0.00652153611805981,0.0034227634934175357,6.0496452216426365e-47,0.0001470434166938028,0.1017085331752678,4.214794003568481e-40,4.83926819607325e-24,2.734292713237553e-20,4.582163049374645e-27,0.2185715203698579,0.01722238617233849,0.020733904725450083,2.0781161359546355e-54,0.13812087928692368,0.0737137668831499,0.009995928828896656,0.2754870340724184,1.3792094959455525e-30,2.043013287996637e-67,6.181678792710749e-47,7.099813024146335e-11,0.12348301617976075,6.216660191054266e-64,5.2530057792468603e-23,1.9580316472717057e-52,0.005937350933444772,2.4415372155543314e-20,4.1278995071282255e-76
sim_acct_0519,3.91402682302213,67.9344264861456,0.544700278200009,0.6238791578025008,0.07751326857337026,0.5121478721270433,1.0451698929028251e-35,1.2161056290643517e-27,8.135568917915773e-29,9.00394579469704e-98,2.3605908648652316e-09,0.010521925221309826,1.925220284585159e-51,1.370067265393773e-80,1.730478227632034e-57,1.4651020985796515e-08,0.01676146417701901,4.989432549330407e-15,1.680097888026745e-14,2.672073084045403e-62,6.498246527225109e-11,0.3090586968264849,1.1288644847129036e-11,4.9694147484682595e-61,1.0593591817152054e-06,0.05592700455341128,2.2168186905324596e-35,0.08862191492768423,4.1080884386606223e-50,1.5645091246794934e-92,2.881705638367576e-16,1.14742765950683e-10,1.482300049322405e-28,3.6207607295434186e-08,2.818181199675232e-07,0.006959727579490671,8.935075759554579e-57
sim_acct_0520,97.17169345159856,3.1497950018975316,0.30057289249830244,0.5214610925982025,0.13055205586815163,6.46182704902074e-10,5.897055655011048e-92,1.6256091475584125e-05,0.01122977332952505,2.992624942260413e-35,3.852845432669551e-06,0.005077612727537507,0.015109399069691462,3.95172337379229e-108,4.532688008597987e-140,0.04734936998036127,0.004078299801298434,5.8625074416246834e-68,0.6508445889517996,0.0029340581272187757,0.017963503577694776,4.583438419853938e-13,6.612612508539566e-53,0.05684516971810629,0.028387776494515897,0.0052461738122753804,8.351079280098854e-47,3.084058174702042e-53,4.6641749569305435e-25,1.764684825684245e-80,0.05066522928013054,5.408597617350271e-19,7.783580023610464e-08,0.004050814308756056,1.8782286334231884e-67,0.0990186610914889,0.001179382310250476
sim_acct_0521,35.572076503671035,6.722250128166841,0.39018897241633305,0.6190585621727128,0.03313025196677338,6.699852426813882e-07,0.002696175450209199,6.991525519721764e-06,2.0712047310685786e-09,1.6820923273532027e-14,1.3436992191561243e-22,6.3304744437044234e-21,0.08121419001016658,0.10299360235072634,4.344957906629835e-14,0.06987643920317857,1.9147678997569815e-203,5.440609988913448e-21,0.043170749971796395,0.13201987898008816,7.625677148324549e-07,2.785451017870287e-37,1.1070204786943407e-10,0.05912838591184563,0.10344523550401168,0.4036059991113958,1.136209254562149e-09,4.119528775131933e-30,7.989894944445561e-97,2.3723759457716837e-42,0.0018409161093521568,3.0245503579190317e-31,1.2701723045402096e-48,5.708110088523273e-13,1.0278878545455047e-18,1.0252076829850445e-42,5.278236180670544e-15
sim_acct_0522,6.253962903839386,50.32029755524708,0.5804217893130489,0.4227857687480576,0.076659562193866,0.36914621602434866,3.4642280323720146e-10,2.7389063041346186e-12,2.9685794846120926e-170,2.62098366005863e-15,4.593441523760891e-80,0.07019385943857735,5.019525318242311e-134,4.864986084170946e-06,2.1953777133704338e-76,4.0136289167926064e-09,1.9106904756159342e-47,7.8600214147639535e-16,0.00017341908528586058,1.080161823398577e-25,0.096311622974372,0.10991776085632739,1.0687930160666567e-54,4.4967628170284576e-70,3.1265265231328436e-47,0.02459970217518809,3.723102198808231e-77,0.3296093321028399,2.961659709017448e-26,3.954164407973752e-246,4.8631283708365475e-80,6.606113976137858e-104,4.15304839242373e-20,4.312077339398042e-05,9.720782817601139e-08,1.2934922212911975e-11,2.545714807245865e-14
sim_acct_0523,85.00308288145173,2.9073557151837672,0.2312987309139459,0.37052236511216524,0.08393659706027075,1.2002983332550493e-09,1.9520015275619907e-120,0.0019400287204937973,3.2517470725713195e-25,2.6917869551894025e-62,0.005708733116685652,0.06015142774902586,0.00021336482639642995,6.935367055557273e-25,3.9970854623308063e-51,7.928811046355745e-07,1.2032072011919488e-09,5.3312557315975566e-11,0.7292874034813821,1.454147585874678e-16,1.0554040507250144e-06,2.6768927198309525e-79,7.173091634221456e-50,0.06604743436879576,3.3977425754317726e-07,0.0813609479840931,1.7370562354909055e-20,6.537528297404808e-35,1.1041031228040838e-11,5.930865199258289e-89,0.005748375386199686,1.2919163000351968e-05,7.659977523871293e-12,1.5842329960306657e-11,5.501621873415299e-73,0.04952717465315294,5.952812928110744e-121
sim_acct_0524,40.54420529616385,7.05804598688651,0.34597848509874796,0.5530848064489086,0.03621797428704022,6.722485978324352e-08,0.1497476878887272,5.958110507780299e-11,0.00012756547675025603,7.830046921281117e-15,0.00013557339009874508,1.674411845200503e-18,0.04713564430031696,0.08767123950706383,7.176035459153403e-76,2.830844433620903e-16,1.2506802417404004e-51,6.15482244022975e-86,0.07195162229659868,0.026708083118925495,3.2579553912140896e-12,1.0167449607325385e-29,5.252263537006836e-15,0.27819483924332195,0.29827113744731,0.022133026911748465,3.112314768411324e-46,2.9573626538049644e-295,3.6458775436155854e-57,4.818629571584528e-24,0.017923512522991486,3.4691593626691428e-37,2.1931649830879806e-10,1.247906501483823e-69,3.8911826317639077e-10,1.3104812559054765e-83,3.6133559715236788e-40
sim_acct_0525,5.857095640250246,64.2919151613633,0.4173778444368533,0.544315680806297,0.0772996069905331,0.2562092141251575,1.1982623873487398e-20,4.4429853702423884e-187,6.587723483793094e-10,1.3603265673393905e-22,1.4469132462964304e-141,0.07833282238411275,9.413497631122022e-68,2.390768095620193e-11,7.829390877143787e-21,7.406164132503346e-61,5.2739586008093426e-15,1.4825966896336784e-06,0.002329434333396999,3.0957789577463295e-17,9.649936023312925e-211,0.0702475825385166,2.173582084212596e-95,1.2920930876160766e-60,8.166333069799151e-38,0.19826177413581916,1.0157423311244078e-05,0.38787752580895024,2.768890574047495e-49,0.0021492034822251553,1.3739726671332045e-31,1.0477543307650084e-19,0.000165131149906385,0.001366879741988976,0.003048791597239994,2.487717573184466e-41,7.437719346342632e-24
sim_acct_0526,78.95657589940474,2.730114087269439,0.23445492812580432,0.4454791824381646,0.1221922577916553,0.00048724173407602075,7.839019600249749e-44,0.03615364536522253,2.238891966707241e-70,1.5388726777800474e-38,2.93099776844661e-10,1.1388121183715385e-16,0.02697438238356924,1.0871303867233391e-23,9.944921625223583e-08,0.016077860128312624,0.09968056936257445,1.9904958793122056e-31,0.545881704554138,7.025868552302422e-11,0.009989365737241948,1.1729493514650172e-43,1.5310558984382844e-60,0.06184854003624366,0.002048629410132665,6.704723176716372e-21,9.736472743119204e-26,7.703510350043453e-16,5.963430319870537e-07,1.1853714492100748e-32,0.0798951222874357,2.4589054509936957e-09,2.3234355616058068e-21,0.0008027423002329498,1.957880277865822e-05,0.12013991915280967,1.3071872406051418e-10
sim_acct_0527,31.09336002512174,8.901177514456807,0.3647738031153294,0.4898398802547833,0.026288814367748405,1.2652514459318135e-85,0.03424245083596715,0.00043368222456942784,2.584856150988096e-12,4.401015961907794e-09,5.252350096458589e-08,1.158299987285789e-16,1.1283627621998162e-07,0.12176251160797288,6.881979604324214e-47,0.00514870314426784,6.4629283432393915e-12,1.205243062925e-312,0.010789662400435314,0.382925963628512,7.316188079166686e-12,1.9421360651984214e-62,0.04280046557394415,0.07429641918608648,0.08752965983321699,0.10015418379208234,2.2388446829928283e-45,1.0994778034076585e-87,5.852314999332092e-102,1.6401869541710376e-28,0.11068435290019395,7.727530087246942e-78,9.38608264732608e-24,1.142656940631865e-50,5.614122991289931e-52,3.0507139908898982e-24,0.029231775095594197
sim_acct_0528,5.958862155483,51.24587777084793,0.5422161643682231,0.47104142772395613,0.07942838566858447,0.3908683020271261,2.05136681107108e-183,4.0519996564623885e-25,5.917694808126116e-22,4.131308405041908e-45,3.130221500725627e-19,0.05755899531799768,2.9543398901853487e-42,2.35240036656915e-77,2.1094731271503404e-46,3.399835917649907e-57,0.00011516791725016797,3.513855008270599e-27,1.453425931533973e-06,2.2562060322141986e-21,1.341089745900916e-77,0.13633636507556773,0.00039277320303618857,1.1991435786749271e-128,7.435250116618858e-07,0.22933565354460422,5.212143898621727e-21,0.18256498745695646,2.1391230051878096e-32,3.941307383372946e-32,3.4138782998244136e-09,3.707768788416758e-18,4.882835783628572e-52,0.0023620414519820816,0.00046351364065780223,3.2361991677494534e-22,6.922153174677004e-40
sim_acct_0529,76.65185200815998,3.1556398390221267,0.27580214880144616,0.5479481145798012,0.13222044796713248,3.347041943427456e-08,8.282741589930938e-97,2.864393110818337e-08,4.484102520508237e-59,0.00019167527850022802,6.7793592156109155e-06,0.00490084200231327,0.022468032601609653,1.7382190409965396e-103,6.657657189031189e-37,0.005717778274023632,0.0025949311084984424,3.1371405585048046e-114,0.7003823916449485,3.0465473533748163e-05,0.018661806536467068,4.9041420841700134e-36,1.8198434633450506e-46,0.0002575728847362634,0.0222473952120461,3.0496983897423628e-05,5.1517325980096956e-11,2.0088277456588777e-09,4.386286205760225e-21,0.12259065127026385,0.04550829388976,5.511945782051167e-73,2.161650278921646e-96,5.862694829732981e-25,1.1744563119602226e-07,0.04651105592085768,0.007899649939001475
sim_acct_0530,35.241968307825466,8.478055947785556,0.43984095377109667,0.39150839231867235,0.04177827537810289,1.844031642969194e-94,0.07119302623285001,3.0435509790893097e-16,4.699441462497004e-08,4.1421075451323445e-31,1.9606850788918233e-07,3.851518570121142e-67,0.000961676036767646,0.14596035598012774,2.470574248794375e-16,1.3144317134723395e-09,5.856290546176021e-87,2.03765475422692e-65,7.979120410177886e-07,0.0557377264912529,0.172226058964046,7.375597882357915e-22,1.9885483241793305e-22,0.12419171393639067,0.2412522369409036,0.014555851114583218,4.257279221284164e-70,3.8430966128119936e-11,1.621848895151025e-53,6.314715138193787e-13,0.173917853711491,2.2550439364798066e-20,6.148998024527217e-39,1.3617981792940245e-74,1.1145311933086718e-21,1.2504189083446672e-28,2.4582631288640387e-06
sim_acct_0531,6.212687836264676,61.229746752508824,0.4238408103285856,0.7184059923112471,0.09904694318759724,0.16155755318619253,1.7540844959487853e-58,3.2211795751084693e-15,0.00046404268941975334,1.1549808981175245e-27,1.4597288772420723e-31,0.0687428467715788,2.341592606945638e-46,9.523127673364743e-98,4.678238334282549e-56,0.051894787798513094,7.27891499047235e-42,4.8320351430236885e-219,9.96200101295957e-91,3.8690652706878042e-25,9.441268516814373e-116,0.4255565245924597,7.402252155929486e-20,0.003832091936789291,4.805967536316777e-41,0.004612157841219399,2.2239988891799904e-67,0.26061664133790613,3.415222488727247e-41,2.534320395879463e-14,1.2324020370746974e-16,1.7725255271061725e-32,1.4076789256322701e-47,0.022512732544952813,0.0002106213009397885,5.346413486541967e-22,8.589000759853414e-178
sim_acct_0532,81.85881637561363,2.8117491008925017,0.3190992450218626,0.4726395866618685,0.12876684260376886,0.018259747149174433,4.2608658040988545e-72,7.466701874293575e-08,5.733503329735478e-44,0.00047999512428837065,6.4440543165392505e-06,0.014615851677563534,0.032729478507406026,2.928019914830072e-34,9.31709723333391e-15,0.0013849859942940766,0.0029091258450383134,1.4622563281472975e-22,0.7216127426110708,0.015100327092238554,2.950419333050063e-05,4.972842272487307e-07,7.599672999977188e-103,0.05037932075670677,0.012140289307041216,0.00012314287993731834,6.281069612347977e-05,2.993182764948626e-19,0.094056002759076,2.671130642724139e-79,0.013867576274460275,2.9792623221281223e-38,1.277656738848462e-61,0.013941816426786253,1.429694204177476e-21,0.008300264722410926,1.9774816822780597e-09
sim_acct_0533,36.98851141218495,6.8818880871940875,0.39427491526912806,0.577686646076895,0.04243857009057304,2.311283348764449e-22,0.007505186104654836,0.0005122099417959358,2.6411490240261257e-24,7.621223120955538e-15,1.304996103482248e-31,3.110020399337695e-60,9.85974534738215e-09,0.08520466501007234,4.695065233332351e-25,4.8900873786640036e-76,9.088465067839059e-52,1.0730845972539853e-15,0.12847389165632214,0.026002559490546254,7.955596742010003e-16,1.1457757454035916e-84,1.1384525561158995e-10,0.43330828964986856,0.24696943005531174,1.2339339980732774e-05,1.0710472876842231e-44,6.720647892534315e-249,9.538259776116632e-53,1.0779163358025425e-33,0.07201141873639423,1.0681978316183529e-54,1.0596287512810483e-34,5.881544130993962e-44,6.798455852335389e-43,5.731135767241121e-54,4.1453126536887274e-11
sim_acct_0534,5.472754850667549,47.94238021699483,0.40833260180929043,0.4379229295926908,0.06886678326991841,0.14009580432039972,1.2649600521538559e-93,3.873892247966367e-09,8.607266419380062e-124,4.810774487817093e-10,1.4018461172356556e-09,0.009885077008592901,8.507564892789821e-19,2.1140248741534865e-119,1.6842272318832314e-24,2.4047989066425593e-37,4.1422160955622196e-41,3.318326342124144e-07,1.1747969979847599e-37,1.3731712849103085e-61,9.876863319421408e-37,0.10991293618880085,0.02024178519109266,1.3314557600310679e-18,5.38707178964281e-18,0.04849768750299657,3.683349680027272e-61,0.5629759207143058,8.330968619503086e-05,7.471013226165943e-56,3.598195364880551e-18,6.208430929585403e-23,4.7279661107935164e-66,0.10830134785690992,1.6027303750716444e-07,2.3830814320509026e-14,5.633668195236606e-06
sim_acct_0535,78.62255080112334,4.092131027206692,0.20914966045490443,0.589864163796099,0.09356969335293801,5.2860900189592405e-18,2.0139624893096972e-33,1.7400798607753023e-07,7.495289451917926e-34,2.042530572066013e-50,0.02031514684550126,2.0002275340755827e-08,0.12648968773053465,6.807425136275156e-10,1.2624042871208664e-119,0.1367497243396877,5.632636039635185e-07,0.08708491406256817,0.4666554694170636,0.000560838746759792,1.142657808876855e-17,1.6169376783369308e-86,2.3020002015725772e-09,0.0021160325406445065,0.005968357527571549,2.035663658205543e-46,6.349060005932752e-11,0.06126525660631525,3.5276004713588087e-16,4.985239800347689e-13,0.08767108989010507,5.225593231650388e-17,1.6605891618451514e-15,4.0677105010477693e-13,8.415132112224667e-107,0.004894804507731017,0.00022791746451148216
sim_acct_0536,31.4068935254515,7.588366751514331,0.3646900223799027,0.5338200925396069,0.035759899551311106,9.243114655698148e-70,0.24406453855925486,4.079665943802242e-07,1.2341700935166233e-05,1.4231233613704132e-39,0.008654987428048896,4.364762146004389e-143,0.01594464660500292,0.40492505330740264,1.1099138809616395e-49,3.851791156104223e-79,5.599199020623663e-39,6.249477368087552e-35,0.16744649185430288,0.011274489552778164,9.704997118038625e-05,3.0390415853670154e-29,1.3404663720385864e-07,0.05874545328253209,0.05486701055532569,0.00511594691616953,1.4268169875861066e-11,1.2531971951768817e-17,2.6323745581161668e-05,1.322388821491055e-29,0.01166933197539264,3.7423596638528255e-31,1.9356792648109724e-141,3.897775580252903e-43,0.01689449184215931,2.357621504584565e-08,0.0002612771002187414
sim_acct_0537,5.313489822138481,56.77927486517358,0.5001680501465321,0.591845696995211,0.0663081869277654,0.20092679379343234,1.537500664202835e-06,4.726343294276773e-134,9.003294428981014e-21,2.66332405562486e-10,1.403657977298356e-78,0.0066711842870639144,3.125567729988575e-67,1.6564996305610696e-07,1.476059962144429e-38,7.340063676572821e-09,2.021031537325179e-09,3.9379339483792476e-07,1.9063698553913796e-19,1.2745899001220699e-72,1.6292680937226183e-07,0.171624491261008,7.224944726848467e-33,3.205363330613111e-39,9.891006198807459e-67,0.16914941344864762,1.338613309171678e-07,0.37924351818921337,1.7818249800130132e-27,2.7832649038447477e-32,1.2181771904995081e-37,0.03227927216480812,7.870763733706345e-43,0.001555757961990293,0.038547048756484036,2.3543824878386706e-53,1.1677776249876636e-07
sim_acct_0538,82.28494273632036,2.977941966370689,0.26154724988633377,0.5837129282789145,0.12634662963088253,8.57268379803524e-12,3.8642718404005795e-104,6.561090902003816e-05,3.2120494955972165e-42,3.754997568698756e-22,0.06037363353836777,2.6858506380234523e-05,0.018514448418064124,8.727633027891224e-61,7.312651154682694e-19,0.0003751301181081544,0.01683266254791242,5.211708597315024e-40,0.3371923714169084,0.02402858992413081,0.014601476750212672,1.0468465052519949e-42,4.746682287149989e-34,2.69384998657643e-05,0.037776273697563194,1.0673969787825084e-21,6.255945996028524e-18,1.4121880073946159e-09,8.12674171883308e-40,1.5148176113586312e-58,0.3990548636457239,4.016742063753638e-53,1.6722100719534095e-29,2.1745908216540325e-19,7.570485517202061e-29,0.0911311406069819,5.807378430241461e-22
sim_acct_0539,38.255891096925154,6.936557365834762,0.3429397081533088,0.7082795136876667,0.036964875507996015,1.2703727110705216e-22,0.08112018224056242,4.335624154737126e-05,2.0449611211397577e-25,2.3823059819297218e-27,9.786025389468676e-08,4.9650075723231204e-92,0.0026619516413489146,0.3198632809125933,4.478507454075009e-67,4.504477183070531e-93,5.062755340010535e-11,8.616883513754604e-28,0.0034026764907159625,0.00338141794009869,1.2326893918236786e-05,3.1654711430464726e-09,1.0434336924794335e-39,0.15955620549773383,0.07846681336763854,0.013306426066097447,3.042709859449724e-13,3.47784705722724e-108,0.08221040887829872,4.064469280806244e-21,0.04574902462339268,7.084390915974217e-65,0.21022579588901835,3.224037870023918e-08,1.8198721518752095e-17,2.5619929928768043e-20,1.7798143056318208e-38
sim_acct_0540,6.598933675226203,61.99086624471206,0.46538960486904957,0.5013394610870004,0.07874294197989588,0.353807949160154,1.3468422747115061e-14,5.275158543031471e-49,2.4342171825332464e-43,1.1501898986126199e-97,5.804570998057893e-70,0.008388017531816117,8.330565532147666e-108,4.857814872523125e-27,1.2139040702770763e-16,4.109282846660453e-53,1.189133275525943e-11,0.0018531613409899842,1.3555818513796211e-33,2.349079321665937e-34,3.058072669929421e-22,0.23947093337492978,3.561268213106099e-104,1.9639277148930686e-29,1.9437966148811083e-11,0.1355863691936118,9.401025443600927e-40,0.23606543428213164,1.1198480678263304e-46,1.5936132816456792e-28,2.4111473454152443e-58,7.853646111332804e-25,3.826551049730312e-107,0.006231522086708266,0.018596612998315512,1.2664958309132924e-40,5.427026630169062e-38
sim_acct_0541,78.9984584484371,2.5875523351656065,0.2728752777704932,0.39213600821131706,0.11392800164852068,3.1561210656823276e-14,1.280954213030556e-15,7.613729653644481e-07,2.26728344638401e-35,6.383940053724858e-09,3.501200738099214e-23,9.42442731342284e-05,0.19068681058394835,2.52842451406725e-14,5.154406901878399e-176,0.00014351672187729503,0.07212989376661362,2.78040655548851e-14,0.48503192507657883,1.9599569989887253e-07,0.00016252580485811677,1.5415008725648566e-63,6.713716788385196e-39,0.17928421601832323,5.302804057226287e-05,7.46226045861742e-21,0.02153633333412164,2.666871923178752e-82,6.588458415462656e-157,3.258324186326314e-59,0.00042668069556831505,2.819161482300173e-37,1.0407479425348493e-41,2.139332553549704e-17,1.5900381899291934e-26,0.05044986193077099,9.419665345597385e-13
sim_acct_0542,42.836412214283726,9.45352879776139,0.4577790643595672,0.4997815450054311,0.03499411702173122,8.809240995981373e-122,0.06171202736553119,4.3671950992394766e-08,0.0037503457958996656,8.737022606961382e-54,0.2697928413267137,9.088415489591723e-12,0.0750878723651141,0.11713098271693058,4.814468575298483e-71,2.433164325339229e-63,1.4586430130303261e-05,6.957711658992232e-08,0.024541092040019846,0.000521194009046995,2.9083125295434844e-05,2.3239670500343002e-63,0.010943938004850438,0.004682779025792815,0.19165185475282281,0.042536558218649566,7.183136053153377e-65,1.5730137494183195e-14,8.328785162612295e-69,3.960277529088251e-30,0.19760472986773064,3.1243089096924582e-24,4.333815167772342e-19,1.8451582243803498e-25,1.565829360369283e-54,1.4283218187843795e-232,1.6973000545363142e-09
sim_acct_0543,5.167346218118145,41.688132853819575,0.5379219295212839,0.5518306760897818,0.06207720312184439,0.03779204489917803,0.0002457125490818344,3.896122748710822e-55,5.386784724053678e-06,1.903823927513209e-185,9.985450639591124e-26,0.04307081525982847,1.3745882609207285e-06,2.057892767346321e-22,7.200219740641864e-07,3.753734902476847e-10,2.5785471191834155e-25,5.807883981283858e-46,6.895120161428976e-38,0.005357540886066991,3.1068408770399844e-26,0.10348077853390968,3.6480287163281653e-44,8.721262975625735e-71,3.9493675195516984e-15,0.08729331267850186,0.0001347539116941593,0.6738206203117669,4.2172420542146227e-57,5.339763537411185e-77,2.6494033850237185e-10,8.932645226501326e-78,0.0,0.04876089109923184,1.588972852552173e-07,3.588893817814167e-05,3.1227801432247013e-164
sim_acct_0544,77.58887306946443,2.7678930076131176,0.2996274936280425,0.4601488257111995,0.13590002666292206,5.460038406938942e-12,6.192025381033509e-72,0.0199161541240722,6.079584935532401e-41,2.005722888755419e-106,0.014695103113105267,8.989479179021727e-10,0.010997842260703683,1.7117159659214077e-77,4.412089207539882e-12,0.0012619735817048054,0.0019475606624647106,6.939064803623594e-71,0.4636915086661672,1.0493047167490558e-05,0.1338522217677405,5.406553965154107e-140,3.708392884555267e-21,0.07833087368934809,0.010957339680957285,3.1596891794776115e-17,2.5780639569160083e-30,1.7057834516016123e-40,6.264573758680903e-19,7.530997906999695e-22,0.19527233645461312,2.23938546427502e-41,0.0001120098584262903,1.5295880592269102e-08,5.623069706045528e-25,0.06359327401490952,0.005361292873919272
sim_acct_0545,35.167954508466494,6.450533853918632,0.38904590551226415,0.48124159534293287,0.039006550084601965,2.3208131402185555e-09,0.2634935081757952,2.660206421720725e-17,2.3080893497537176e-26,2.2685004869182835e-176,0.028785221558524574,5.608109184332545e-17,0.001908040658518944,0.16216842227994865,1.5460622875220055e-113,4.925918004744117e-26,3.08728606230212e-63,3.6405309511439006e-16,0.051732771576632246,0.05204075367946898,8.788694975690444e-32,4.362012597710654e-47,1.020425660240333e-07,0.1916609665901019,0.2297801916389149,0.002396570818339815,4.1957169432769553e-42,2.3925506740923964e-25,7.917217209021403e-78,1.3283594959694002e-137,0.011986959604705834,3.616300760263988e-25,5.540430166599875e-86,1.2941307231051888e-07,0.004046359642509923,7.405389341691671e-77,8.70465931242688e-14
sim_acct_0546,8.79562032244698,44.841122916072436,0.5516793922869487,0.5057219077155403,0.07064917216129611,0.16865601007643566,9.505196502631647e-11,5.594686566534634e-10,6.463176997470052e-35,2.028223494396628e-12,3.3213545289077836e-05,2.3539500750286173e-09,4.0382393079385093e-25,2.216612095824114e-14,1.2987543950055058e-16,2.041168300331434e-64,0.00017107537474217517,4.256489070872984e-43,2.3932830353884112e-05,1.773983955532165e-32,3.497603766288416e-45,0.2909551254644672,5.671406373735833e-42,1.3690432606831e-10,1.2275621668158854e-36,0.08194904272733743,9.733862793053143e-14,0.40917642171853397,8.259029114127116e-48,2.1965274807516726e-24,6.235968501023352e-156,0.0,6.269459831194105e-52,0.006939681666038485,0.04209549344927909,1.4806918045554734e-37,2.897867477858375e-23
sim_acct_0547,120.9736937308442,3.51042434811127,0.21416102572508142,0.6806981940837026,0.1584712407493141,7.761785172137037e-07,2.1957076899926646e-23,8.121542554217849e-22,1.851947699114853e-24,1.0827498608413784e-14,4.417324536196832e-17,0.014267398968801907,0.005101329794087644,3.521907652982793e-47,6.29688913316191e-15,0.2197880622092516,0.023806289049738538,5.2025840297569086e-24,0.3542628563478811,0.014713979489179201,0.05869003227812982,8.852786263306562e-15,2.0471019957239175e-129,0.00012064826645523194,1.0567323814598363e-08,0.00010812855086664857,4.202616367015172e-35,1.6708487942239596e-18,2.9592127121773333e-159,6.0928908089109105e-06,0.038127611784289236,2.1540620318391282e-05,3.3017824562018304e-51,3.528250992122401e-18,1.5178812597440628e-19,0.2709852430042689,5.5813104271412114e-14
sim_acct_0548,41.48084165229925,9.265265069926416,0.39276227098510225,0.5163200367166411,0.03347556315455701,1.0103219326158629e-11,0.1034036322456576,1.1821976965779741e-07,0.0045420847289749915,1.1893790643777358e-05,0.0023118016685826337,3.9534691961899676e-05,0.00779547753191511,0.06901707460848065,2.472563949404527e-25,0.07736422233097341,6.229835626054572e-104,1.611046981746071e-71,0.011314039199556742,0.07876822146601167,7.084124846519085e-11,1.201485085570912e-184,0.10968552715717393,0.05184354219526757,0.3141756276251638,0.12726800437735677,8.612510875889447e-68,3.785652596974203e-22,8.032596742784023e-09,1.7482493430228803e-64,0.0424223451548343,3.684489413432379e-05,9.16123183873438e-56,4.3490899474582836e-32,1.355808460510255e-135,2.2802047454484035e-64,9.983139741147079e-28
sim_acct_0549,5.305967615248972,61.828484058393,0.520628712958549,0.6433494714337141,0.057934158037726634,0.31049671605524465,6.957899378475115e-15,1.1460559830532813e-142,1.4070488287424174e-25,9.91308476374034e-104,7.440206931182018e-22,0.0007666963283673914,3.11813748117927e-48,4.908509516500822e-14,7.156800621068097e-10,3.737130989881231e-46,1.4571029778277182e-70,3.2084914837644037e-31,1.5454342237537363e-31,2.7452510570387777e-80,4.698616482009971e-26,0.30070586764677826,2.2135277342133606e-08,4.955684223874148e-42,1.132377243458678e-71,0.08570132087115594,3.2288696722563713e-06,0.06873715079801994,1.1618255612161678e-44,1.537122572569192e-23,7.435529484771998e-37,3.8419531239533265e-30,2.662230620673599e-50,0.23358703223731372,1.964342434544994e-06,2.8554110466307788e-37,1.7118529808189982e-30
sim_acct_0550,86.67496827508953,2.7296014685150003,0.33808727206664374,0.5138359969211197,0.14674648119655087,0.00022253641506667803,2.0576271914471153e-67,0.0007221651614372214,0.000319780727306203,6.827981536161961e-48,0.0024646209463558937,2.9503549648013146e-06,0.0017159072779322736,1.7527107384598018e-10,2.0072280474704875e-70,0.03443650067594584,0.0015175293732090636,9.385190603540065e-51,0.5864958374534808,3.1359073732553595e-10,0.0005074171218052979,2.0045705748800936e-38,6.307770434506841e-29,0.016125316578920326,0.04046461037513851,2.1031419306399534e-08,1.0868356787332008e-12,1.350409484825344e-45,1.0339688934589762e-63,5.360137669280939e-15,0.04842569323331365,6.8711571259909e-27,2.7121814596994053e-81,0.0006257582796478624,4.901093447280448e-09,0.2659533495896326,1.3376192937728559e-11
sim_acct_0551,40.6277384214384,7.9978458549644555,0.5132571030361234,0.8522078597363413,0.03930882049937709,6.358418187638334e-07,0.2687224878989842,8.771873739982255e-14,0.000238723687653453,2.3443173810062834e-19,7.454721399767862e-05,4.740021238995897e-08,0.07103737650699303,0.114130807071324,5.4789937106570035e-21,6.914336853434121e-120,4.3696387942242565e-51,2.050355285904908e-72,0.011304830059003032,0.001491394574137626,6.0838734058639755e-33,9.985938238392513e-21,1.6098242687979246e-07,0.2474239401782934,0.2352462785207961,0.007334822835840005,6.440513864059949e-156,1.3347839951702702e-10,1.8113329389463984e-49,2.295959763666203e-85,0.04299281258902318,3.223741771157528e-07,8.121317526521466e-07,4.250136288734711e-30,3.4209854343447244e-16,1.1194834527760087e-36,8.514439886184575e-34
sim_acct_0552,5.9712481502148655,55.93600398655404,0.46763227252178685,0.6171344375649834,0.0696996527256038,0.1333315351498842,5.6103322480760345e-14,3.525371383723923e-54,5.1043217560554433e-20,1.5152510645883309e-28,3.3207885239573376e-15,0.1583612772285108,4.9859157771375655e-26,0.00264675300929746,3.6196092737860695e-43,1.418182498969614e-17,6.031778554345754e-50,1.705855436411495e-05,1.5889858200398768e-06,8.744619624562723e-51,1.247756680078292e-10,0.11446641011049356,1.1454385935543067e-58,2.495144615981458e-38,9.435379549295633e-42,0.22741630536161747,1.0977387183784611e-107,0.3203950815527593,5.3470248198567603e-107,1.2511338188378977e-56,9.585227806722847e-06,4.1764606397965046e-13,5.406760084203693e-26,0.04334620621646734,8.198477726304074e-06,1.4999182560114986e-73,1.3440950558082463e-49
sim_acct_0553,94.52104003099143,3.5211360846367135,0.23701444581376596,0.6409216110065072,0.11260339409198729,0.0013944361027965683,6.53883445381999e-36,3.843745121201256e-08,6.894453309615235e-06,1.9297778907390928e-64,6.06054376209208e-13,1.5466867875469592e-09,0.08808297423123691,1.4166105082414377e-57,5.0748007690981506e-129,0.02011398738444049,0.061021766257143256,3.710372497907445e-18,0.5619211038801504,0.0865038335466911,0.02739833982066789,3.4267096397071696e-39,2.403726493315342e-08,0.053982746498514714,0.0010143921867272459,0.0007805909484204656,2.3198456713447236e-44,8.303613948315483e-59,4.424867280311687e-13,1.4841011719894102e-46,4.266888157996841e-05,2.2464181320392298e-23,9.872109330072526e-78,9.84458646835209e-08,1.1308018965073484e-56,0.09773610239542396,9.445812543704946e-10
sim_acct_0554,37.60141120446517,8.89766540122672,0.3535809390603093,0.5550103332476023,0.02935473721262348,0.001454788646880692,0.14927547014716086,2.992874947678076e-05,4.616153438809549e-15,2.4134572318924553e-10,0.06286422255405354,8.623202906316393e-30,0.0007069691645236368,0.14316967751260795,6.376393092962091e-146,2.7289255057753226e-160,0.013303240151965346,0.010698738960114708,8.02404809963796e-05,0.016103004004312294,2.180353562505333e-09,2.1076774161264245e-13,5.587650905605951e-18,0.017580752502239567,0.5600433221578625,0.019828178638644788,6.020854290665875e-23,2.360944585183603e-46,6.21664088738661e-76,4.296784685062025e-29,0.004861463907246575,3.286512414177032e-41,1.8323120375259761e-50,1.254929271779595e-21,2.6933027694066106e-108,1.2175064126519405e-28,1.3509475746593696e-65
sim_acct_0555,5.153926837148388,45.712718645270925,0.4786851276961861,0.4860147365411442,0.08212448213360315,0.09648777764822047,2.437857168718974e-199,3.4903622241036747e-07,2.9406599561765168e-52,9.094042844145111e-153,4.593301365262346e-54,0.002510215245044487,5.639189560001896e-44,3.944180502738633e-163,4.0688581948777076e-45,7.819306963451207e-14,5.221265499724631e-06,1.4906615523430157e-05,8.737134973493584e-119,1.0006430367767577e-151,2.2323114232803668e-10,0.49393961974181816,5.812473749355204e-32,6.547226516283418e-27,1.4209189671074575e-31,0.007102187798693526,1.0221541459538133e-08,0.3844111131966659,5.0643532632429254e-30,9.145812685416976e-07,1.187227244636598e-102,0.0021702627900598366,6.753493277600081e-26,0.013136371484433616,0.00021724971444352225,3.5082760328483824e-08,3.7653544952384234e-06
sim_acct_0556,89.84475188770413,3.031060706246527,0.2508883598867856,0.4782855803452739,0.1344446612177528,2.325756344952255e-06,1.0966021256571727e-39,0.021001612481722713,0.0010220351595879311,1.6263302486903797e-21,1.5633163367799964e-08,0.004891468477226152,0.0021413697317782736,4.294955628301362e-06,1.5584985719647766e-30,0.045414894847302247,0.055784582397573466,1.0803639022075765e-18,0.45197775437620735,8.321290903792049e-07,0.031264083237465955,1.3969852123792859e-13,1.079012041312483e-140,0.021494088966836137,1.92006854072676e-05,0.0013818124126921969,3.131433588239978e-20,3.8351699737286097e-76,2.6924716462034836e-54,1.5276464704145718e-31,0.0005496110340293673,9.445194699820968e-65,1.1193247836484148e-142,0.03885594542434724,5.862325466105547e-08,0.32419401365644895,1.375327849172481e-11
sim_acct_0557,31.768625265856024,7.412134475941236,0.449351482901028,0.4827787400655793,0.03578288441940273,0.003187647331024806,0.00010469725273535542,5.166937074921433e-44,1.0777243121505973e-17,2.5411993590497748e-05,0.00012575191847765023,1.0360052718737382e-42,0.0016734287073999618,0.3317921202985492,7.474008600273303e-98,1.8777310907523997e-89,8.787499540208954e-60,3.1434909863706535e-11,0.026210302520391002,0.023727191329977436,0.008626324528418203,2.3364295579856256e-07,2.1121017978429013e-20,0.06095132539615049,0.3638435394051377,0.01627264447901647,1.3671935609418783e-30,9.794581244905637e-06,1.3089403394479262e-16,0.0032570852999025263,0.16019250105075067,2.2368574108666016e-40,9.222870705534152e-123,2.863602820432141e-66,2.0787270645212602e-75,8.662744175767348e-92,2.3284233205368534e-10
sim_acct_0558,6.6919035227002714,66.34337326279541,0.4262498257940963,0.6312577346391166,0.07518326095318738,0.11397074709794834,6.108454246940098e-26,9.375377269153551e-46,4.64689048791919e-21,2.7121382104988776e-30,6.636573086714965e-23,0.012372776730732069,1.5218378861862026e-50,1.1842947182894677e-75,7.377285843318733e-79,1.2254629758524367e-12,8.096036414668443e-64,2.073913131831085e-42,1.266743809238402e-26,3.1971076478545357e-14,9.938585016906803e-43,0.3660916642840359,2.594872699226116e-97,2.1590839508143548e-76,5.394662221642218e-63,0.29090759109422537,6.920178634110466e-66,0.07234546503949096,0.004246703211745407,5.955082642595791e-29,3.813258324462673e-150,3.327439987342349e-05,1.6860171409350601e-49,0.0070429285561464765,0.09707163984449496,0.03591720974004976,1.1476566572602696e-67
sim_acct_0559,109.32858221425333,2.6480869460225596,0.3018319499661818,0.5813554100807421,0.11673638101310067,0.13596322566183083,3.051535985434916e-178,7.876103681272172e-09,1.5210222193754518e-67,4.020975072975542e-62,0.00011144358611431174,5.943921509229154e-09,0.11642305145879003,4.790080717866403e-61,4.229054206986729e-90,6.053559422362618e-06,0.05424402239228609,4.359437580051297e-09,0.48386418171896267,0.004776709167124128,0.0003093748153723642,6.699456744429258e-78,1.8679060088769854e-11,0.1296290011820113,8.518255307539372e-07,1.3299802687123463e-37,3.220479630772397e-42,8.71992598881343e-15,1.0218125307830592e-47,2.1984000183324058e-37,0.05586309909578734,0.0078017523209497576,5.838516023075859e-39,0.0009857264269524646,4.760720433973278e-34,0.008036449635333785,0.0019850389553812495
sim_acct_0560,41.125336804715765,7.769228689379682,0.42278774051284407,0.5089891722337616,0.03005804265092838,4.709612688992355e-84,0.044027757386033234,6.443961712846938e-06,4.8099881957260376e-11,7.496939228760454e-39,0.009027033606936243,2.0371933809453044e-191,0.04807352250202189,0.21086704203126114,1.0184648754574494e-18,1.57765368572367e-32,3.173547943286483e-82,6.240064939325647e-108,0.012328646212491294,0.0011801636450751033,4.061804035588771e-20,1.1637449667084554e-93,0.002042528493261936,0.3212491409156303,0.24843362912737915,0.03916927217222176,2.2520796849339075e-75,5.077415481762264e-17,3.200434166571453e-64,1.2109283026965264e-55,0.06345899931147225,0.00013582058545020365,9.529207169559286e-13,2.48100667812863e-25,2.1843746491051867e-105,4.10702784206141e-49,9.826761534272784e-56
sim_acct_0561,5.76388352241574,54.93696796092773,0.46361658760990215,0.44220928649640895,0.06958465991379496,0.24869750384735886,4.146272934285763e-47,1.4930562028903428e-56,2.0123389386674808e-63,0.004257604405714542,1.3690708021199779e-05,0.016406904992395704,2.2892201832059036e-49,0.07421789709651112,1.362827045712531e-19,1.010201897521162e-22,3.66574193960582e-33,5.657264379874144e-52,2.6686955945189146e-41,5.7508120445535486e-15,6.556821301823051e-19,0.15891138578531244,4.526522633269455e-08,8.650889318762965e-37,7.533639039161335e-08,0.33658462452047017,9.047239179600654e-65,0.06502183429419198,1.4152795474661928e-08,2.2870648458713886e-12,7.813816451090849e-83,9.242442479275594e-29,5.671356097831372e-28,0.09290644706716075,0.0010210479574177538,2.6136880838695233e-10,0.0019609243073716713
sim_acct_0562,86.18156108888284,2.3396037650919466,0.2971048090000295,0.4905676677284883,0.11719724948764594,0.0021194156195729155,4.128375967312774e-13,8.556041303211275e-09,1.0462358664670018e-70,3.000211769512078e-63,0.00035709890574224165,0.001069903202863965,0.06614574218602444,4.44437387590529e-41,3.1212246844095986e-10,0.0002442865926622607,0.05690025890173482,7.887542372950982e-47,0.4679219887022996,0.00048648834073369477,0.0032341328953562967,3.0408229207478444e-67,3.522267499754874e-69,0.10929464343305945,0.12694813639438354,2.1807087205548447e-09,2.5328730378255143e-49,1.26803265686283e-76,3.8569056924310153e-19,3.61677747957825e-47,0.01628358463572828,1.587200431144207e-28,2.2534101955684866e-50,1.0071849205368059e-15,2.9609721136532035e-56,0.14307548735174508,0.005918821788807194
sim_acct_0563,39.1205057057024,5.455734613964399,0.24798446443023578,0.5239694306347501,0.03711002951362247,1.3098759649868912e-39,5.5245500328825513e-05,1.0965317576976681e-18,1.0399979098081158e-07,3.406108497802254e-36,4.8575634885554375e-05,2.2737167794987216e-45,0.011246883518406347,0.055792004190482296,4.0671668009560186e-07,1.667195948501956e-45,3.955512609990418e-26,4.9326707347822425e-27,0.057342676628315166,0.006784590590629651,5.747038026435398e-84,2.5298210888919146e-135,1.4907349029005164e-17,0.3827688637725791,0.3023672257493146,0.17989598786260494,3.985222496774444e-112,1.8086230200759902e-69,4.365236278908595e-31,2.3147739135124984e-57,0.0036958442977668305,9.958702195396138e-19,1.5915382155113415e-06,3.827897155686156e-21,6.845131313263413e-71,1.0306471288389317e-39,4.670144318839287e-103
sim_acct_0564,6.210818290586014,62.9841232809127,0.4856514811978479,0.4835214010023993,0.06702675449872729,0.2962853149704627,1.457253285634671e-16,8.84712370970122e-26,1.3447411541789239e-44,6.395877941318009e-07,5.887850725088372e-17,0.024862132042610247,1.1025153591556443e-13,2.680526337356579e-57,1.6273070097315351e-06,0.08895440466803983,3.536152462356139e-17,2.603532808141457e-95,4.197021789786256e-14,8.318545219265109e-33,1.5360875656972414e-133,0.2978321258123929,5.289616157280192e-22,8.773977596511423e-39,4.345930173825578e-80,0.16279570765780865,0.04400706156067571,0.06420531854513901,5.956502860066419e-59,1.3634559487654114e-72,3.7064041786920555e-60,1.508633347513622e-70,1.1232780592081301e-28,3.989405317672419e-05,0.02101570184963779,1.7826555464692454e-59,7.194510026809354e-08
sim_acct_0565,101.0861709649926,3.061222271717253,0.31874848974907494,0.5609431624613878,0.14046723226311444,0.0005387640818636166,1.8534645488682232e-20,0.0021943115316982037,0.0007145439462567846,1.8089343412251628e-55,2.9723265536722257e-12,1.2642787594540152e-06,0.0885161204388106,1.1705282086738305e-07,7.052998966125339e-75,1.8505815780982967e-08,0.0002457757446547925,7.773006680888483e-48,0.7953363725548773,1.947086895217213e-16,1.9753071267071835e-08,4.1813776600652756e-42,3.762691475186857e-58,0.003032531728933146,2.989281829392497e-05,5.30231726319643e-12,4.508490259150748e-19,2.923240341685998e-06,1.1744777581936296e-44,4.105657511755964e-30,0.0005925387079046903,5.1511743810679335e-30,8.480305674110432e-74,3.4091024567206337e-23,1.3327955212389876e-47,0.10879480288211049,2.7255128397372708e-09
sim_acct_0566,31.774515156739252,6.262376732712838,0.4532226048811484,0.4320316646032257,0.02915502295182773,1.9100990307432502e-23,0.214117398225178,4.978151882686788e-16,0.0020361697485995305,3.8284618345783796e-08,0.0002444867290847271,5.437234685768213e-35,0.00016683799116434618,0.13318717002824806,2.0807094329415344e-07,1.6215327726875406e-23,1.5844335945997e-53,8.198655954705846e-21,0.015036879048501327,0.011117486351421074,0.007153309215327184,7.234602189250237e-26,6.431459733203756e-12,0.18759115676782329,0.1608955701696261,0.2671369111901911,3.0678045044291725e-14,4.9126012413887604e-12,2.1951377759401242e-66,5.319058014277814e-81,0.0011803441657700423,0.00013603400212839015,2.447789367075984e-49,2.3489210647788996e-148,2.909450916336584e-195,5.273993665521223e-18,7.271135969188942e-189
sim_acct_0567,8.310586035491657,50.628066489053,0.33779298730380697,0.4660687147247099,0.05235270826807838,0.00023976028861304,2.9520136507500673e-19,5.745663469531703e-82,7.734335879491534e-19,6.960174410979805e-21,2.1824359962196042e-08,7.832926133271356e-11,5.3796534698035655e-08,1.5171961265864663e-44,0.00029714861184197987,8.587205125422492e-13,2.724871709565389e-42,1.1146068546776562e-71,2.0484824551842095e-61,5.334481908961774e-131,2.7817180754829415e-69,0.025291899814334474,3.229305617065735e-51,7.41038711188294e-92,6.973710153980431e-90,0.5354500511445469,3.764328908365253e-07,0.20599942243185976,8.101359421134528e-62,0.22717706618048866,1.1886645707337344e-46,1.2550718714840058e-79,6.158173087092565e-26,0.0002966460756397043,0.004882817275955739,0.0003647360437460223,1.71426799478976e-38
sim_acct_0568,87.89497917773042,3.176430927613332,0.2686447201903595,0.5094379352253725,0.11335531562089239,6.5199295199515755e-06,6.037997356463652e-21,0.011187571411090771,3.7482205132032496e-31,5.618880467907428e-32,0.0738641488178472,0.0014677108312017898,0.03839892939255441,2.8530670696590064e-36,8.778982876266061e-41,0.00238037988860179,0.030257915974273245,8.912374575444122e-80,0.5037914989053653,0.06821759419460631,3.1764819565265564e-10,5.093039689275529e-08,7.803018266570118e-155,0.0917660757158606,0.041806246800456,4.827878104396958e-06,2.974958871358838e-14,6.977593517238418e-23,3.7289282820334023e-44,4.6219780478401715e-27,0.029084944679560232,1.5765953159219954e-13,1.7075441208862522e-11,0.014850589036841572,2.09666218534863e-75,0.09291499242580967,2.852998510723798e-09
sim_acct_0569,33.469550299688315,7.290146273758286,0.3750042895289163,0.4821515054313459,0.0430379493296161,2.7205035740069094e-20,0.06385131913958507,0.010324853985996028,7.027166853433055e-08,6.4509044937094524e-49,6.288277454694598e-17,4.480292131862339e-48,0.020486699741738775,0.1869935095617106,1.5051640577034638e-10,7.683053222971357e-26,2.9617454020459372e-08,4.519617118416075e-49,0.0014279425983614743,0.002866718978118322,3.90878899909728e-05,1.449264652289892e-22,4.764148096470383e-28,0.15760490696399074,0.0440995729031547,0.009726947232609567,0.11456078866711275,6.111306822253942e-48,1.3946612999064013e-22,4.117709466751127e-108,0.3255187742693682,1.4698623419292172e-73,0.06249877769678605,6.370020991093166e-110,1.5078506221684192e-41,7.953606223708864e-53,3.3183787298830917e-10
sim_acct_0570,6.487162264467335,54.6570181676315,0.5232002729409853,0.5163704704561488,0.07078397447012773,0.12986736337602986,1.7036934081627656e-99,0.00059377985203201,9.10390077364386e-25,1.3327926182241367e-45,1.7841083259900064e-29,0.011372928907033763,1.6057745523234497e-24,2.36661159313095e-60,1.1957590184183248e-113,1.1134322686547843e-116,2.3199017578980622e-05,1.3663077822043229e-40,4.66323362846668e-28,1.9298268840406774e-29,4.894299376369832e-18,0.34536684494515135,1.755677368993966e-77,6.343413369942788e-20,4.0459166231866477e-20,0.23888170631537226,1.1325287257634495e-191,0.27044279852498027,6.239776610536446e-30,1.6203219779102645e-24,0.003083456965143853,9.573402734123973e-37,1.5493806746859256e-34,0.00010535113847145795,0.0002562626566070202,6.3083015990974035e-06,1.170210722241032e-72
sim_acct_0571,92.00760188526058,3.2320324507499705,0.29696554866970293,0.6556860881969239,0.10926324083186617,0.023270870208217033,2.0293445751598342e-26,2.9684794748969457e-15,6.020767922340268e-05,3.792395928304387e-58,0.07631133528953461,7.913096786293072e-09,0.0090174231550905,5.17151962629519e-101,3.023268702692282e-06,0.03364275666833419,0.13074425053543515,8.740739444241735e-53,0.4800623042873156,2.9936842492726786e-05,9.339726259698584e-05,9.489397162914997e-34,3.3018707803221105e-05,0.06495514906596063,0.09906857149662741,1.1193028101331854e-23,0.009923821324665918,4.46075694797116e-44,2.4932861122103265e-10,4.119976964963885e-06,0.04707127508878313,2.17127373672398e-13,2.415728322890683e-27,2.2285332578221225e-08,6.301820369493138e-07,0.025707878512237,2.1026999323185585e-32
sim_acct_0572,36.701683432125805,7.724896137283021,0.3769566327588948,0.493231458221886,0.033067809843026465,5.06807679465066e-07,0.03607373672996368,1.8504130040375994e-05,0.004987165633642447,1.790240357794569e-104,0.026994828720306185,2.5986607130476066e-05,6.263673420146062e-05,0.14180049976935974,6.201275318799104e-14,1.2068752369104404e-94,1.0617594322058012e-06,4.999905482527315e-83,0.003651242743764456,0.006806920616223065,1.8895765658432344e-22,2.5119516272305226e-22,5.5178984057675855e-09,0.26104293423081815,0.45873911125014977,0.03920373485045308,8.436896239670349e-26,1.7620516222431109e-09,3.594321336874988e-38,1.0909559637368714e-30,0.020591122136823504,5.744879246941494e-44,9.859349446956853e-28,2.214497625459675e-23,3.008167081698542e-286,2.440462552174401e-22,2.2454615140855756e-42
sim_acct_0573,5.677852542767993,48.62320229266081,0.45248546543587914,0.6224072438562911,0.07061767473299178,0.0725141565207732,0.03625408310136577,1.3177961991370798e-94,1.2337948820690459e-113,2.4666673137747136e-30,0.00010005159110488423,0.04136074653045311,2.4671380884471635e-245,1.4635765891622532e-22,3.3753815862385332e-12,2.5371278527776684e-09,4.55682528714405e-36,0.03588861523764911,1.750891885783875e-21,3.832635806763815e-18,5.2758133261259873e-17,0.28502360628115886,8.1953868823497795e-19,1.2185196205664556e-12,2.45421625100463e-40,0.2947919727780074,2.1288391720869574e-98,0.1583034448779543,2.2243441311264224e-113,2.5925954208296263e-07,2.3068906026461317e-11,1.9117324978185095e-27,2.0188532341095236e-77,0.04662944866398284,0.029133612593218172,1.3564876888193363e-81,1.2558641430822374e-60
sim_acct_0574,100.47021094450555,2.289305654767906,0.20671018570533256,0.4173657059183001,0.1398263902980131,0.0007216893523858005,2.8966777651713865e-29,0.0011000423606071068,3.6603187536009227e-79,3.094828257046502e-33,0.022894715447677186,4.230176517826063e-08,0.07021494143544882,2.6190863651002896e-10,2.8281255857210367e-15,0.041255246400126955,1.2981391535705198e-10,6.183097446828539e-75,0.32836367440970354,6.273139604136652e-05,0.38755198737295876,8.301907430696101e-05,2.217280324598479e-22,0.024821778159026555,3.2488492104964644e-06,3.15644118502657e-08,3.0676301104553992e-15,4.6518103669495e-11,3.1087631496645113e-59,3.2146383540896226e-16,0.01768344132918322,4.8369524801436315e-51,7.346804535377841e-73,2.6217614755210403e-08,1.0349344985509772e-86,0.10524338389128436,8.036111291660764e-114
sim_acct_0575,44.32028653819922,8.637497835348999,0.3584076510756044,0.5542644588215085,0.041451195877650455,4.1053354748587285e-23,0.14135854546276883,4.7584927448245885e-19,1.4724328644481267e-08,6.940204722606772e-63,7.477282517294742e-05,1.8016963956295188e-120,0.009364078934413949,0.17595666187148346,1.6157833954803119e-146,2.5823668930642645e-28,1.1916862788363832e-25,1.010807105847078e-99,0.06453743063944584,0.008512211847841141,4.361328766943001e-25,9.424695360310617e-27,1.39625163323314e-08,0.005189769474234354,0.5223034452398806,0.06564266886771661,2.1485271175999236e-44,1.373608082410199e-39,5.026479706253575e-05,1.352588386097377e-32,0.006969893021145674,2.5419379743213593e-78,4.161975110453481e-06,2.385814484313598e-37,3.6066356878657394e-05,1.9361499887515724e-22,1.2743416974254295e-127
sim_acct_0576,6.220030854556963,63.781643804634186,0.4465689908846244,0.5043993934132037,0.06468265455869142,0.08399051056385919,3.091697908307975e-38,2.4515537801172307e-83,8.07864911227879e-21,8.511422896765367e-23,1.999087650774485e-81,0.13002765236634797,2.651150994951362e-48,2.08049861031545e-11,9.989688138401916e-19,6.075686068835243e-13,4.0306072332471044e-99,7.704101630866874e-54,3.0580251497002377e-81,1.3474031936411847e-25,9.075573187852979e-54,0.029170442191340212,1.492456819754362e-31,1.0323861321216468e-22,2.079267050414975e-78,0.0966319964614047,2.998641466580611e-60,0.4678707740605349,3.0883442487273567e-122,4.272102068217505e-51,1.6194471685462461e-56,1.2636242086410658e-26,5.738126366875252e-35,0.0010991445294871154,0.19120946075611972,2.322539595955769e-59,1.9049493446273697e-08
sim_acct_0577,107.60264563304858,3.33684807460557,0.2542753513039875,0.46117104094516326,0.10850541776494357,0.008412677846380785,5.765830803872057e-105,1.8732128495679596e-12,8.925085270043755e-09,2.117976045458936e-39,4.288760980985201e-11,0.006878141620305063,0.2887738971435303,0.0017724744616746705,2.477109186321641e-21,0.0157718774273064,0.022687792777208584,9.247473843981051e-10,0.4210909466019119,0.023018462360998936,0.00507873323036588,3.123410116673254e-14,5.2157804876661106e-80,0.006995004963836493,0.04767251282555185,2.66739565540388e-05,6.920069761672207e-13,2.5843655411015668e-20,4.324107645204553e-58,4.73967275660285e-10,0.0016772068103402269,7.126488155240564e-79,3.1239257669222005e-13,4.224287897274425e-06,0.03684744493961603,0.11329191837692532,1.9731821211590478e-24
sim_acct_0578,42.67252815396154,6.663383336133092,0.30879272775415323,0.36650351442490725,0.03895311510235417,2.206263689638075e-34,0.07435056105081736,3.134423552866368e-05,1.2675038435460953e-06,1.485427962013932e-46,0.006407969019870594,1.464140550208791e-21,0.10560444709376149,0.13084999746330161,4.242517491557595e-13,1.8093617588648589e-103,4.875521015689506e-06,1.20079850668474e-23,0.16475582954172086,0.03226322616580387,0.02715170354672124,0.0001544440690822653,0.00066455593768438,0.05786215635597704,0.3671705510536497,0.03138208119549624,1.0740027255352527e-10,8.621135882595552e-19,2.719636832567532e-83,7.340759249117435e-50,0.0013449901379007545,6.98739759598047e-58,8.556125882971879e-91,5.34173174032103e-147,1.064687716472551e-25,3.334469417087856e-45,1.6047327632487915e-149
sim_acct_0579,3.8426758915804684,42.23453765370789,0.7288595951053529,0.6517171456884221,0.0708464143453723,0.3848529748692967,5.071641843009692e-24,6.359017303971648e-84,1.9204273212247324e-06,1.1207622818042615e-38,1.6585639444797876e-09,0.15224751336111472,0.015759273782583783,1.0388925999065397e-69,7.526072585763074e-41,9.16016526166591e-18,1.8325954340426957e-25,4.178375390771765e-09,4.6477608540940324e-46,3.114335050712453e-42,2.34486460970929e-19,0.26725622921760245,9.026726376835126e-41,8.637160336345555e-105,3.3975144695657714e-17,0.06417995775804954,4.989437138110071e-22,0.11373719043528839,5.167199680005063e-34,3.0203220310525113e-27,2.601428678268725e-59,1.845208242517374e-28,1.5028331789530286e-114,0.0017773591369802265,0.0001875745117310103,6.630925046250561e-10,9.54218569137993e-30
sim_acct_0580,86.4865147257796,3.3930802692803277,0.32672266423963675,0.5621044158925238,0.12314839195454849,6.578740687683606e-13,2.8299821273253733e-21,0.000289909412068106,9.504537129019228e-44,5.786094534907233e-20,0.007899085676728342,5.381314535915715e-17,0.03578031688314309,1.1282953454238458e-15,7.364250343569518e-116,0.019938183731068763,0.00020421892726735295,1.184177932835651e-34,0.6270216291625863,0.015690493288151086,7.155708375777121e-13,1.556183303510953e-17,2.2361707523454648e-31,0.0005798507553277681,0.03241137612518369,0.002091888463529847,4.00474193758004e-20,3.329839699508064e-31,2.9585396563393066e-46,1.3239725065585432e-64,0.04702664900881207,1.861406263018871e-52,9.96155507603788e-106,7.676426039873147e-06,4.127588687241628e-78,0.2110587221384005,3.1874553616793935e-13
sim_acct_0581,39.591432096521636,6.34573579326134,0.3709969115835286,0.4979589849947509,0.03826517449960377,4.374761707917759e-38,0.0029924093280216824,2.6472260718343107e-33,7.406079052461448e-18,7.266044932629662e-43,0.00014421839771669868,1.2122947881261965e-22,0.1332905802822377,0.2455986497164464,4.145874456665132e-07,2.6429987815237447e-22,4.561105488200416e-85,7.778155740538824e-23,0.028242845907885318,0.03961072717553136,6.031819080923471e-06,2.2801132355763998e-126,6.871711716143677e-23,0.41675078378887453,0.0435131320682653,0.06077097150796019,1.156226354648408e-06,2.3633438402911416e-41,5.797356400443442e-72,5.801672574902537e-40,0.029078079021207646,1.7297129119507543e-10,5.113088635352482e-16,6.887649226183768e-42,6.866726430989735e-21,8.840734795635602e-116,7.819477968808719e-23
sim_acct_0582,7.336256652395991,50.80445105094889,0.42843226527513373,0.4865252145910685,0.08150065591133196,0.1427762641111971,9.298657340027896e-35,3.0985061179634613e-50,2.9850949205552873e-16,5.3418459316225175e-43,3.9586065071483e-37,0.006963294916043229,6.719368561347855e-71,3.3818304458938837e-47,9.865775422809435e-86,5.824088252954358e-25,8.565641073150099e-15,2.889270366462722e-30,3.0961137436414986e-18,1.155722614036673e-21,1.596622231642761e-30,0.06483385802489548,1.331246579858822e-62,6.551539063452347e-33,1.2119548435557063e-15,0.22315790688830092,3.3419655025949664e-31,0.38067418380578205,7.192760199254857e-209,2.4449032183415378e-36,1.1502145311325396e-16,3.835496692214079e-37,8.317263301907855e-33,0.06582564824833007,0.115768844005441,2.093162335808796e-25,1.092827257124582e-45
sim_acct_0583,51.62686527930763,2.5769873677510917,0.24247162852803308,0.6435393484173524,0.10824442227106507,0.02977318487383299,1.9896164022470842e-87,2.291632725086321e-26,4.1288859823966624e-46,9.794377406802852e-66,2.8743417189227803e-16,0.0005508674019607864,0.3640204899448003,0.09027211149313774,6.17683685217336e-33,0.0038692728986415145,9.435172845631722e-06,5.601819536621738e-09,0.23606126940128752,8.663908753199315e-12,0.0010207196656057014,2.1006028122264036e-09,1.2984814334059425e-08,0.038646268364075184,0.0020602826900668688,3.0686165718061375e-05,3.0176342360649693e-59,1.5776128282555215e-25,1.4128290987066237e-43,2.5101568026275745e-59,0.23195200553340573,4.886787038485799e-48,8.724985699146736e-70,1.4213178003295922e-06,8.527800293667429e-40,0.001731964380920633,1.2626241176905762e-16
sim_acct_0584,36.52213947926974,7.726019776337952,0.37214598214445455,0.5532584261059176,0.03756730646153345,0.00019194723823978327,0.007236234848640279,0.0006747680753120329,1.881210180579435e-09,5.2281648422812314e-43,7.399331416614031e-10,3.4360891373090104e-62,0.0004555353338062313,0.2639381989123139,3.4458043108264273e-63,5.492353510037137e-12,4.967307257711606e-68,0.00021513015880926842,0.001530225583128849,0.02863048427794294,0.0012888113147387903,7.6358028957689805e-28,0.06470313330517669,0.2595404033571648,0.20226617628824298,0.019458839949653927,2.3925658638561136e-47,2.7725275183839747e-24,0.11749670562158485,3.0704328665386346e-16,0.032373403108608714,1.0216010555765672e-90,8.153103654541619e-31,1.6174532464978648e-49,2.4755214680643214e-36,4.928121078419505e-54,4.825748975989849e-78
sim_acct_0585,5.997794848809667,59.10390497592991,0.39529026635683745,0.5651051751112536,0.08510841486833398,0.15205518889867206,1.4285095958663251e-66,1.2390107075156733e-51,2.6764334993406166e-75,1.3494844421068414e-14,9.027521978390948e-41,0.032864128795095565,3.8922108246240285e-28,4.073203200962111e-68,3.400638481397463e-13,0.029786553975552372,3.2858870462153227e-10,1.2249154302236638e-130,3.7247838883624655e-09,4.8417518133482954e-12,2.7746404017089352e-61,0.30862034973653596,4.471225222071709e-35,2.1208271397712125e-05,3.8223257228702845e-81,0.0731609000558239,1.576990173098971e-154,0.3406587913196301,0.021307396746771182,3.983760855646176e-15,4.0632210914899725e-20,0.018968900270414653,4.254955847994938e-30,2.1745880093040517e-08,5.571686988681982e-08,1.96165030815659e-162,0.022556500408784676
sim_acct_0586,87.8696978262244,3.433832993573381,0.31606261971270944,0.5434995942480794,0.1061890166739819,5.100479492605649e-08,9.84526199176357e-11,0.18693054644250354,8.735875922370963e-46,5.856574747502388e-10,7.511879465296588e-27,1.647953837678771e-07,0.020780606790176265,1.3612887705221323e-37,1.072677637451699e-116,0.08079757433983896,7.953467077345959e-05,0.0014875332058743597,0.4430203334492227,4.652021804803431e-05,1.7469231866607354e-05,1.9659483166722225e-35,1.5943598688972996e-35,0.011832119726645832,0.02791850866882333,2.0030023774847478e-11,1.646305668563871e-06,3.6697557519604936e-26,3.5270359427262748e-09,5.028761805718671e-05,0.19264611696316616,1.1823855869198527e-22,6.165993892893586e-30,0.0073284482091732365,7.329947335907277e-56,0.02706253406271282,6.609418851134392e-11
sim_acct_0587,53.64897429569934,9.106860883239724,0.3603834347691896,0.821190038644577,0.04163920589438758,2.0078183753787467e-117,0.198057555581593,5.2839005064654604e-11,0.004184645788818124,1.8979295474184502e-69,2.1067238695515957e-06,4.688068781042274e-54,0.003564435296297656,0.6017333844011393,4.303841984346413e-56,1.3181257643188489e-135,2.195629949191959e-09,7.569595848094094e-43,0.026634488205878507,0.00019635704070517147,6.529080496740467e-19,1.1661984439106833e-33,2.857258398018069e-34,0.1296125836125137,0.019649351318605925,0.0008020337709507312,3.5453634814065483e-60,2.8870101014997014e-41,1.6032357135911268e-84,8.68444355254569e-104,0.015562558504373773,1.935724003648646e-64,4.97486708252157e-07,1.173613542607905e-11,8.341234246639665e-12,2.5641784944568036e-19,4.004268593648539e-24
sim_acct_0588,5.405770725135781,61.76677386992485,0.4003871070598723,0.5314920796584832,0.07680236962736123,0.18670844423413924,0.09243574111609537,0.007014630991102274,3.2923902646149678e-28,5.529527260923694e-21,1.262058895134381e-08,0.05105350188027124,1.2441217637026695e-109,8.818672072586824e-166,5.1259944427247365e-52,7.178038279701933e-81,2.478560391867623e-21,1.3094068738690965e-14,5.312275442128354e-62,3.970405604923907e-62,0.04409990634488973,0.12626582204968334,4.267875957694597e-54,1.312979825773198e-14,2.724858208697105e-31,0.060485365075919506,1.1704143787712941e-55,0.4087238221330661,6.882818240513422e-17,6.091027211055326e-26,0.00017941679066111162,2.5133868610021056e-81,1.8070639521573325e-23,0.021646765723590703,0.0013865710399661333,1.1422163723053642e-57,1.3271122603762278e-31
sim_acct_0589,93.70217591218301,3.0182108925305515,0.24292791974228944,0.5897515724801888,0.12407589153023295,5.241564097164686e-05,1.8101025457873276e-39,1.8246741765278029e-13,9.30113197871319e-45,7.567431727779766e-15,3.9772668795161293e-07,0.0029177688886772046,0.07518967560270322,9.265835219869752e-88,1.4142208416193693e-115,0.019464198991779584,4.078709938244325e-07,6.805853911272356e-73,0.6032538513603637,0.0003696200776943304,0.021830095594541375,9.178721118729014e-15,3.4100560932317534e-11,0.04757201576049034,5.604007672911267e-07,2.9965681889783162e-05,7.538664848289723e-08,3.83930661702238e-132,1.3291672876460842e-37,7.269426445012377e-57,0.026662695469398083,3.641347616383993e-25,4.305091266642192e-11,2.3226266887549065e-11,1.8015330205912717e-32,0.20265625544581636,6.6097167444428565e-40
sim_acct_0590,45.35075130872412,7.6021690698483395,0.3618266719696481,0.4826779071203066,0.0368172886273242,2.0925261329902666e-18,0.02017850126540883,1.9067955554739384e-18,1.7991866528756755e-24,1.7316661205921704e-12,1.3989923319633945e-10,2.24154785397816e-39,0.03245400611616441,0.13506085085968486,8.099762910939083e-188,3.118467217107164e-144,4.750929737499174e-59,8.504449477821983e-24,0.05406875003833842,0.026293383310018934,2.906548325816253e-06,2.886759130343745e-19,1.2360182712343157e-16,0.12949968932623865,0.32904843273542184,0.27154853470312323,5.130690794031437e-05,4.182498809591965e-10,1.4920446561965002e-84,0.0016794344380916108,0.00011128023301561687,1.9460239835530383e-06,4.1805803015576794e-08,1.5526625529161835e-15,1.519248680793023e-71,9.351285584032938e-07,3.06068064178784e-49
sim_acct_0591,6.276700607608966,51.01813275171458,0.5101407520379297,0.6174240661442855,0.06566548152183327,0.056626629174288935,3.391785055103265e-08,1.7992222216381167e-44,0.000351718189079241,8.328214446314857e-47,4.619731926001912e-49,3.549356544192602e-06,2.561830540896483e-34,1.5846589355673955e-41,6.986322070783574e-232,1.1764917406264883e-76,2.294633401455064e-05,5.585260038323493e-14,1.3247847768576157e-07,1.1110320950243058e-26,6.073620942130863e-141,0.12024657286633278,1.3904963308197402e-46,0.0014071638308235978,2.662767564527479e-54,0.17079122906874739,2.6996545433131593e-30,0.3159308164348868,8.769947705562371e-09,0.00025764195068791014,3.0233400836613466e-24,0.3286204360513166,4.505980105119568e-148,0.0024311672426885417,0.0033018475316038544,8.106802653819725e-06,6.6335590195793625e-49
sim_acct_0592,95.75099839110383,2.818300986728251,0.24399696297641943,0.4698969759066533,0.13462256620908905,0.014646264994444332,0.01571608465914637,0.005376078584464299,0.04589456724214396,0.008480919055004503,0.034242490844205845,0.005869132084142801,0.06694537383057045,2.4852281063201636e-47,1.4787457441972843e-33,0.0076934946761857545,0.0016102892318611585,3.950013039063335e-30,0.5527721656762034,3.668466771703408e-11,0.0008052558579675831,1.3717838464680917e-80,3.4261339361886012e-96,0.05178076604830383,0.003704611095204675,0.008967947820118399,0.0008360565224744556,3.889150287165949e-24,2.2981560757997766e-19,7.31962238790473e-21,0.07720751334417572,2.9310113345306303e-22,1.5464555747348244e-10,0.0008049040253046744,1.1982778408165759e-17,0.09664608421674772,1.8330768666660048e-32
sim_acct_0593,38.767550767692775,7.810432016878893,0.39443832214243024,0.5064279419515382,0.03539722598107843,3.1617142632400825e-07,0.35374958991152466,2.5756460338030795e-07,3.0297950572794216e-05,1.9500021606688978e-38,0.004317031548156735,4.525192224321665e-118,3.6276448848844454e-05,0.14486365479176413,5.652879968821028e-16,3.1952491600899996e-31,5.3708158253755724e-09,3.6156545854180134e-32,0.01118346476408838,0.16134711645001945,1.8678161204684912e-31,6.030554859635738e-24,5.084559194985837e-08,0.17623389412577034,0.14151617684130616,0.006717324927669074,2.961740411766793e-68,1.9568714785421108e-89,1.170054040671936e-87,6.421519800976266e-35,4.542276107416239e-06,1.5549843798126047e-32,1.1623237117800478e-11,1.1222589929801556e-16,1.1071795088318591e-13,2.142463807061575e-87,1.170311646389785e-40
sim_acct_0594,5.945173832730767,55.798516945489304,0.5675092134670221,0.5524093174051542,0.06798957911716476,0.4346031064219981,6.538003832573001e-91,2.569306580364707e-35,1.5379794556055398e-15,4.04809874560887e-38,1.4654955501493257e-29,0.005375708257644215,3.6380865654458545e-38,8.348214576748749e-26,3.576510905379931e-17,3.6226968504637986e-51,9.463888978955951e-07,1.471712774551113e-69,1.7625789454144563e-22,2.949949774697797e-36,1.5130115243381101e-09,0.16027843373716377,6.795921781577227e-21,3.915476972159815e-28,4.072264211276307e-46,0.19120449608487924,9.627939771164869e-13,0.2035934159418302,9.320920693699405e-48,7.990502667431145e-33,5.58747885784766e-165,5.100544382133689e-10,2.1733983901325635e-22,5.408033051496256e-07,0.004943350338659159,1.5918620832991813e-12,8.338763319518008e-100
sim_acct_0595,76.56933004607215,4.444488933095489,0.2506506659484618,0.35620280353196765,0.14098638613208456,2.3237778569483757e-15,1.9757887310573783e-13,0.0017432782522876413,5.748635378217314e-26,9.023621078078901e-139,4.5292499331206696e-41,0.03642827389888072,0.15987145322560203,1.741538503169651e-17,1.459369124786403e-43,0.001321092291795244,0.05202164024936973,1.7047418780073524e-60,0.6538006407638339,2.67420409278395e-18,0.0009719419250496829,1.086606768366164e-24,7.842294159961734e-24,0.05211503525184229,0.008764790898515139,3.564094252949927e-15,2.2273723240861215e-12,3.545394856628079e-23,3.9642983620940804e-07,5.04129339281225e-98,0.03273135023499318,9.593003005261703e-54,7.998014970592892e-15,8.851377323162984e-11,4.765778441587449e-187,0.00023010648704186454,6.325510451063625e-203
sim_acct_0596,35.927532885913784,7.413366105548975,0.38092512144170615,0.4848554427524286,0.04173126215114047,1.3029278752596752e-26,0.017328824129515252,0.0014891290970681728,0.009715510200904236,3.814195907301502e-44,0.005866866632545477,1.9869519930577132e-16,0.0008842209053730246,0.27144527807687374,1.8303362610227456e-05,0.0006345463849481251,4.057896182960184e-97,1.5626465986394717e-27,0.06905948198339382,0.08135445047917189,0.00029683914638499475,7.395534789050512e-11,0.001866914460111642,0.17674140064994423,0.138389389008671,0.14680730116028276,6.950752778528063e-26,1.7242695494804716e-94,6.356960735186418e-08,2.910218192258423e-19,0.07810147052440986,1.0154228375776596e-08,7.79542268473152e-209,2.133538735264841e-16,1.8320532165665755e-56,6.2110025282583485e-96,9.418361302733131e-31
sim_acct_0597,6.828463439421053,78.17690377340526,0.41997101621760785,0.48902508064308803,0.0650919163628495,0.06668731358619455,0.0003143893142445519,4.195953802551876e-26,1.5088275260477032e-30,1.7339289236564176e-23,2.894884130471581e-38,0.01892975464312767,5.5412371296239005e-11,1.4338345429253414e-26,2.4665704277300724e-29,7.879731322560099e-58,2.035200820630543e-68,4.7286416205366967e-07,2.6862099973172935e-39,1.8217063118234466e-122,2.2436404736005277e-123,0.24080969352356021,4.106293616851417e-07,1.706466653967423e-25,1.2706077764858286e-10,0.1179055215594584,4.2914001172448e-71,0.3628418074276535,2.4420458442547904e-82,0.00019500730017624985,1.2771206437494916e-67,3.0753257611217746e-112,0.0005558330693934734,5.54862485501001e-05,0.1917043096516444,3.24507138979243e-39,8.491627606106436e-17
sim_acct_0598,104.52659031496883,3.028921503369565,0.2262221719823903,0.46034351316693406,0.13914901734516277,1.6984272457556176e-10,1.2185618673480588e-14,2.1679242057969148e-05,1.948632660131816e-102,4.148563285862262e-05,1.095523467295758e-05,0.00803094196209875,0.007077013422728294,0.000772625920548614,6.231232294904974e-106,1.1065964703127044e-05,0.0013806482053056463,1.4669317038507485e-47,0.5434872886241987,1.4667226799080275e-09,0.0017526515148586252,5.840644643065257e-17,0.09280151128166099,0.060126135361657694,0.002830794905695221,8.81027714693675e-18,7.330697455166949e-28,5.013726944442786e-75,2.095072871682802e-94,1.0035298519213802e-13,0.24775544713124978,1.4023796429739296e-30,2.0214868162952488e-17,9.012206732708768e-13,1.2769673553006203e-16,0.033899753958125604,4.091497841767786e-24
sim_acct_0599,40.2657527825326,7.0631043280597625,0.5178154599141972,0.4184827852921711,0.04302435310511568,3.5372401549211056e-29,0.06050943105364016,0.007064213969964785,0.05840302703120716,9.349180674431672e-13,1.6569310422316483e-37,3.779455173039572e-05,8.232547975552282e-06,0.3920057029473204,1.6530111109498093e-51,1.6040927365861413e-19,1.838219633172157e-17,2.017898322841855e-23,0.03688645686739267,0.07603140863117937,8.855230228125461e-06,2.001735738515408e-29,3.0425181841017125e-08,0.04472241041480999,0.10216394427348523,0.003447012824002442,4.079272421285351e-48,8.304641998697927e-51,4.76152347272579e-72,4.68764129014375e-36,0.2164633590387991,1.817289517140454e-12,0.0022481201903306915,1.2567052390791938e-58,4.086561407709059e-40,2.411716796989939e-42,2.378972930746454e-46
sim_acct_0600,6.925155192317365,52.79938737959584,0.4343624519111154,0.5512556721249741,0.07412998209039977,0.17914436143847345,2.0327691388576337e-34,7.81432877445999e-42,5.783020321694646e-93,1.2725871649630303e-58,0.0010201459883520591,0.0017011358169256288,3.9081654093970627e-168,1.4935413125016254e-23,4.835354438818935e-55,5.6410864844676154e-67,6.396227947003343e-53,2.7875414513230327e-41,9.737167487191163e-09,1.5689119986809491e-105,1.3974058817706392e-44,0.20553650687347216,1.277962597939704e-52,1.6379525024303756e-14,5.75215077522464e-15,0.16959251522248459,2.2353717307350092e-76,0.3881764530768277,3.6945333177146193e-63,8.127770262683789e-104,6.672928050990513e-80,2.8196618870083697e-27,1.6383800422092537e-08,0.009531274787503605,0.04529758056137984,4.760626049969771e-23,1.135908478342363e-10
sim_acct_0601,109.74247848717455,2.901340580909444,0.2740800449338844,0.5373759976396478,0.13117774526340417,4.882787898958602e-07,1.622174365007766e-08,2.3366382407594436e-13,4.13345155911901e-31,1.0443988895400832e-08,3.6747646892378922e-06,0.03121909920684107,0.017213457654746394,1.4033441591531132e-08,2.8771182640379754e-60,0.0024047111562197064,0.057607065546476426,9.368078468089569e-17,0.6580755199645815,3.5072780349677343e-07,0.013010260968283048,2.5014228140018593e-281,1.6921204147878879e-81,0.05672391074440226,0.03066627801638612,1.3326663883501472e-10,0.0013371031921821993,5.493236069195246e-118,1.765674418189618e-68,7.329138286901799e-26,0.12179153681070003,4.123950398371184e-88,3.5534032086288734e-07,7.663349506983463e-06,3.808106823351093e-14,0.009938483445357846,2.6451722708942745e-21
sim_acct_0602,36.737981261972074,8.231312104622099,0.35833003117153267,0.37473135277982506,0.029718187247962883,3.0970182739886377e-19,0.013104809463262453,6.432350016252094e-17,6.253321063383713e-10,3.219823905550163e-12,0.025518572812271,1.872723612469236e-69,5.568472395777974e-10,0.6773041997424727,4.186675973697956e-58,9.986911401394502e-26,2.2421247062567525e-31,9.85011824934032e-96,0.002578586069220378,3.475480013909308e-07,1.4098705975811962e-18,2.9267108298617268e-120,3.634745672641881e-10,0.020319325752078364,0.07776437740268509,0.004911248832544607,1.9557665446109976e-49,3.8027083681779276e-100,1.8233948044894107e-24,5.63574075310514e-21,0.004803280223205252,3.197249112402713e-90,2.591465977501038e-43,1.8837375840326696e-38,7.370659408540658e-98,1.8379493652389713e-38,0.17369525060538504
sim_acct_0603,5.327769946053307,66.95435125853693,0.5570501247848442,0.4904466989587369,0.07024235544054011,0.4582044444051559,7.648627379430266e-31,7.416906330480219e-16,5.678286453032817e-54,3.939910798390499e-15,1.4501054452538516e-14,0.00014883403389870587,1.3029412326219425e-22,2.5088091981171e-47,0.0006025886238386621,2.4542388023371967e-26,8.48088426924484e-42,2.005144557225516e-09,4.5722588041544676e-35,6.615904993801389e-13,0.0026925140708324536,0.09090876421951334,8.127116673829098e-35,2.5578769668213495e-37,0.28508007583677364,0.0007521742484334916,4.509689836934579e-09,0.16159376679546336,3.0664875782847864e-35,1.4120552873636182e-06,2.9521512554640347e-80,5.4872224809789006e-12,1.3569893006378966e-05,7.134939479420924e-07,1.1355686972624231e-06,1.1883585282885473e-165,2.3414891814619887e-10
sim_acct_0604,105.2212669668571,3.184054105961427,0.28946870664240987,0.5212593262266236,0.1418089885547607,0.0017914515030418377,6.40121771483122e-38,0.00025539284019335717,5.543833755076089e-24,7.135088486247364e-15,0.12320257597734643,0.02826283801721803,0.027925068857821096,3.526775088120905e-20,2.0868464571232514e-86,0.015160080959749144,0.07034610462376946,1.0644081704401216e-167,0.15747303642944938,0.006634912264294001,0.00035809982389633274,2.341016400814752e-12,0.0006793941361923116,0.01453864717589152,0.012424931560193555,0.00010092997321534717,2.633040385108291e-12,2.121295864252901e-07,4.39674742024213e-52,4.4605313672664997e-82,0.07746457824946577,2.069196394622319e-12,4.838393353693573e-06,4.1540101516066415e-07,2.125314232896856e-192,0.46337649128494296,3.923136748266693e-10
sim_acct_0605,41.991242662175345,9.593119673823965,0.3488301109415316,0.5408031656228954,0.03261213376398254,1.3816297083478058e-13,9.47736325447822e-05,1.8245654849667329e-07,1.4279586051045048e-07,1.6093472003111333e-31,0.00886023668940907,0.005077856276332502,0.08797719060321968,0.35975444654645267,4.0934730235840248e-25,4.517979827072153e-15,9.595336736992092e-18,2.6803637748149283e-39,0.0008364190817077001,5.094863301463072e-05,2.8244614665408536e-21,0.05389361369525749,1.8107718620030877e-09,0.052834158216935205,0.3112376005258564,0.11819436281252059,2.2924635710392792e-32,8.777115336384177e-35,0.00017469209692168853,1.3062546790407202e-09,0.0010133728202494684,3.0653418495596138e-47,2.2756141863462015e-37,8.375821315491291e-50,8.421477955793946e-102,9.754660559083218e-40,1.5833043580920554e-20
sim_acct_0606,5.120983143047931,60.489407928120485,0.6318656891528651,0.5756668649162622,0.06524959131072267,0.1941818008450209,8.702447797850066e-09,2.2435168466321685e-27,3.422466751861513e-25,1.7213087120876282e-83,1.6888470569253646e-41,0.09419546139431346,2.731078223107482e-30,1.1748708659288009e-20,8.600236644799826e-21,2.6124380222893688e-23,5.636131850394e-143,1.2338569975082517e-16,2.2031646274784458e-256,1.8740936854651867e-19,2.029688761019084e-133,0.16113778183292451,7.632700830025626e-105,2.258620745120936e-16,2.9386024188217775e-11,0.03995308225566663,3.008611430135739e-71,0.3641425690643978,2.7139718965833547e-27,0.10744953828724504,5.785202519357838e-46,1.4287458992164475e-32,2.0277455410113515e-10,0.0004929613640690482,0.03209828950130129,6.673461342543371e-13,0.006348506519785257
sim_acct_0607,78.80251062659923,2.776203145816895,0.21370554686535162,0.44557984046773913,0.13057433330145055,1.9862410261950653e-09,5.131920946481429e-111,0.0026303030329644476,4.754302978030458e-15,1.648171769452775e-26,3.5474018329994173e-09,0.05796680148129839,0.15185448717135572,9.41517879435511e-15,9.756149858740127e-79,0.009283724610903106,0.03719627939958218,1.5695117070085882e-09,0.4248973558302326,6.456284685740774e-05,0.06697339183125342,2.6949829080480832e-71,2.3725656752421516e-98,0.17008069464086317,0.0002725683056794406,6.3417837937310916e-15,5.692447148145345e-28,1.7229170972938275e-80,1.339466222267227e-35,2.6433584782359383e-16,0.04784043382402423,0.02338437883188511,3.0077887562335687e-25,1.203744054793022e-44,4.1842786535064136e-19,0.007555011089925423,3.013683993219145e-75
sim_acct_0608,37.06650626417627,6.954873275571815,0.42187977366953305,0.513351078469117,0.03116478097208977,1.4490814781417097e-102,0.02768739460206615,1.9696761042159482e-17,0.03520340606479158,2.680723069491151e-73,0.0026534806703468927,1.9902625166374821e-16,0.026316581176616505,0.1537387342751787,5.775538691274235e-18,7.325721486104567e-50,7.006158732368601e-103,5.562589386716737e-33,0.045851102713834586,0.006870570365992189,5.009990891877918e-06,4.140382079963198e-65,6.21198833125641e-09,0.5721251691711265,0.09388353210284495,0.021753534228609792,3.150423557081805e-06,4.305583798164884e-06,2.8654852977216974e-255,3.425020016586088e-26,0.013726311303697326,8.901888049185477e-42,1.92011360846646e-26,1.2747280932855638e-06,0.00012218208253727902,5.425430402843615e-05,3.665126078948519e-110
sim_acct_0609,6.043034709608552,48.3015237042316,0.4937259102041943,0.5553151838999041,0.06191531019981928,0.14296219903455895,1.3761918807259753e-19,5.255264366042971e-18,2.882857403636484e-13,1.2755514526575022e-35,4.2211971742103175e-17,0.17355423306276585,3.468881740771403e-11,1.6037761825456688e-103,1.9133563354240632e-20,7.97878684504197e-10,7.199311120813322e-11,1.6192590906631433e-180,2.502099133643832e-09,0.00014146758700352193,1.3795776729256306e-103,0.30664516839392425,5.5293653390886915e-81,3.8511444362383866e-16,9.007644042745889e-06,0.11581147018681072,6.37815672609218e-47,0.2605139312592033,1.595034067210927e-07,2.579652588204906e-24,1.111299131987974e-65,4.562726689187527e-103,3.265912095132421e-14,0.00035849992246773563,3.85999883519265e-06,1.0366435354056825e-65,2.550727001385886e-33
sim_acct_0610,103.07455878891909,2.6041738997454265,0.3432957139721292,0.5012890440438851,0.1434615674133643,1.5361519574456908e-21,1.0830015158191962e-26,2.6110674147892715e-26,2.9259104927919786e-10,1.0932331124988191e-92,3.361688226143674e-07,3.9651241038173006e-05,0.10419053177209628,1.2921780495011166e-43,0.08892618776373595,0.014534154169660656,0.026234915709731372,1.0671574267375235e-45,0.3321645200346462,0.04192428384184513,0.00033994859114352635,3.319690615215913e-07,4.852173443299897e-10,0.00016256375143982425,0.043233126775081794,2.921834173925455e-14,1.0470214850354972e-18,2.171474129322892e-26,6.68594815670696e-31,4.4996131049153034e-94,1.4435548109290897e-05,1.717282274863455e-12,1.2208554988918855e-10,0.0340658964482532,0.24423534747203135,0.06993376384419017,3.997472717461085e-09
sim_acct_0611,46.421436285181535,7.815524363457799,0.35764933420960165,0.49504370457070046,0.05134146327854488,4.243997498981309e-48,0.004975639582098558,0.0044007620604501006,3.201820524574175e-07,2.6534954848676906e-23,6.471269341405134e-06,3.837909526236461e-20,0.00033796214980016606,0.04125320622158143,2.4394356066575586e-46,1.3626479777724596e-52,1.2980432391401452e-63,5.888344696056077e-148,0.2608342422341748,0.13451690617895684,3.685689094087844e-52,0.13316040067580617,1.5805039780254555e-10,0.13154200883963496,0.18722520815607432,0.08508094156801982,2.3119097295366006e-30,2.93167403215751e-09,1.9605960930718914e-196,6.476938122096243e-99,0.0029292381875044063,3.463835480170476e-16,3.1965697751193555e-117,6.93490965565811e-36,0.013736689604779749,1.7337713190425578e-147,1.8900648498642752e-21
sim_acct_0612,5.403970339606545,57.64486613570286,0.46864912806702014,0.5561600247610442,0.07832255470821106,0.25583200756216107,6.489711216020118e-52,1.6492756919065615e-19,9.045957088625691e-26,6.89633597083098e-24,5.0538941139644235e-58,0.015100956903361967,4.232499880997175e-34,3.281872278261612e-13,3.905824163130469e-53,3.9324279356929583e-25,3.1622175428066195e-98,2.6720373477030352e-49,2.6497285982292534e-59,2.00359538659641e-31,1.0028522385066888e-50,0.1752201954493779,1.860061577473748e-05,1.358232972946614e-42,1.5968625239000055e-53,0.28772257041208354,2.5936826386478908e-54,0.24055625995559302,7.925367323252779e-43,2.5616378927156112e-26,2.518720369513707e-25,2.0647269340867283e-63,5.777140495250529e-22,0.0032081986414354536,0.022341210459820973,6.335978060000149e-14,9.407086705535357e-66
sim_acct_0613,81.02819480033224,3.279471017174032,0.2814308161982335,0.5424736336744248,0.1037369590032769,4.2795130065899094e-17,1.156365214491166e-06,4.322039271478118e-05,1.3340433998539751e-37,6.488244347586936e-78,0.0004344441475801256,4.925048517109078e-10,0.04998850780586511,1.5209964770874592e-164,4.0902681001542005e-66,0.0907469412092927,0.004546682098980711,9.200627255453983e-36,0.49512431846466776,0.00016106687478622888,0.007799623230463319,2.394400755692004e-45,3.249761150141919e-98,0.025913981171214323,3.3845825824917384e-10,9.800296584886905e-06,1.504204104516805e-08,1.196506802753655e-44,1.462806318673509e-20,9.57170826061276e-08,0.20698138684370754,8.573231892901653e-52,2.8215591668494368e-61,2.228484685660673e-29,7.448721855111951e-90,0.11824875950884138,3.196215803780378e-17
sim_acct_0614,37.32645591243203,6.022326346985493,0.4739180432036078,0.46956730357954496,0.027546647682500456,2.1224050194285595e-43,0.006062729781129039,1.1980587751294168e-06,1.1339824671525574e-26,9.3265844518678e-41,2.761536398307333e-06,6.9196906492577475e-74,3.400036771523382e-05,0.6989205863819125,1.2949277799752119e-05,0.007775112432568727,6.322098152436649e-38,3.339887805482279e-09,0.0006695201492519866,5.4617638732695216e-09,1.3563425645286172e-08,2.752672109029637e-28,1.5177282180149277e-56,0.047917918062622224,0.08567538531000198,7.132166059010451e-05,1.3196900347017734e-53,9.191682478576614e-50,6.731959923357073e-28,5.157497293475294e-06,0.12582386440577106,0.017017282280940467,1.7924053304238238e-06,0.010008398026822253,3.499672369761848e-32,1.786388198771887e-117,4.4280553010016806e-24
sim_acct_0615,7.6632359299698924,67.10134510213565,0.3541817759447281,0.49591936667004877,0.06074620682000684,0.1713662512178649,2.2328993832669496e-37,0.09133832179863047,0.0002802292281446819,1.655044087970622e-27,1.363491798445076e-30,9.862954721186273e-06,8.515072414989362e-46,4.986809250454992e-24,2.0880215331774183e-21,1.366441997839419e-52,6.793720301569126e-44,9.806040936910656e-39,7.231668581895341e-56,1.827678314739606e-35,2.3269479464748494e-40,0.26137016527471135,0.3021952128416518,6.009880652891263e-33,6.357370113778817e-18,0.002432055820479337,0.15033490115822962,0.014752855217359641,1.0313741840154002e-12,3.9307582288969673e-07,1.644797964757519e-21,1.3725755444237654e-79,1.1753834945393925e-38,2.7753319342210806e-13,0.00591975141107528,3.4261293958050985e-18,1.9306706924127496e-197
sim_acct_0616,84.0026440703796,3.214810783161087,0.33823041334268095,0.5110312456797517,0.1587065292619477,1.6357293218242634e-05,5.241152744496872e-33,3.361938724452752e-05,1.2517360597138614e-05,3.7239133547215524e-83,0.0007210453671352804,0.02201237586405436,0.08544466472793595,1.3384910589155476e-17,1.6146668859768837e-66,0.0024238366453472977,0.011117951887775281,4.2687517716113766e-58,0.6636595247385355,0.006662863823051777,2.795808356707523e-05,5.87096942796567e-43,4.4304019463097827e-26,0.0029501247713174536,0.018730611241991015,8.066281087734154e-07,0.00021745439166639496,1.1793191907603255e-05,8.208583480762478e-92,0.014956969586762691,0.00431609342634158,4.606365691076761e-203,3.672860168742983e-20,0.0009085849124721109,1.984926686571508e-35,0.16577484667096964,2.8285173474486225e-16
sim_acct_0617,40.19477272324482,8.259490674677803,0.35425859784874697,0.5020922284225698,0.03313919412304719,6.96902247459532e-40,0.05570871094843325,5.972318919714747e-13,2.2016731030918645e-06,8.346329719584112e-05,1.977893253445777e-05,1.0380984246378268e-07,4.055829501620029e-05,0.09268263293722617,0.0003531343515407874,3.17886527244746e-05,2.247212251582748e-23,0.0007580110950479449,0.024629535528739022,0.0009013488824297346,6.288975544413055e-12,1.0155971357703991e-23,3.1403029884642083e-18,0.17367196001088236,0.5661565867262458,0.026453888139595698,2.4872601204727743e-73,3.620100117751617e-50,1.392677344425498e-156,6.017160628403582e-55,0.05846582666544249,1.779787954793645e-05,1.1214919030188568e-87,2.2672167566190235e-05,4.279966725303398e-52,6.902255304347906e-72,1.8635005476935974e-19
sim_acct_0618,5.242834684105905,47.11065177302496,0.41630759448705196,0.5256229919470999,0.08626080344737556,0.057866880664515036,8.270353248511825e-83,4.457315241006193e-18,1.800970318096078e-16,4.355143974934322e-119,1.1790950426895247e-45,0.0013263602816874136,2.4219282388423437e-23,2.9021235183508846e-30,1.202897469895227e-09,1.136281422684216e-10,4.053740963262816e-21,2.061111977744607e-120,3.7908544777663195e-15,2.665994676052688e-17,7.473444302736611e-56,0.46153292212321856,9.027345092130224e-31,0.010992283710884503,1.784973608840833e-31,0.0010512202281358492,3.489268103841138e-197,0.3509905380011283,7.401455229594232e-68,2.660102600816444e-57,3.3274741891781816e-23,2.058736679956516e-18,0.0668510521484703,0.014389643279995713,0.034999098236448284,9.264951672489363e-100,8.986313494202935e-12
sim_acct_0619,86.80496886341689,2.687804192133246,0.3090828260968091,0.5479708549881827,0.1081140077902211,4.7405741823348025e-26,1.0575648920303649e-62,0.00042113858050948466,0.0014030518064673688,3.3334378957851314e-22,0.015154465508504213,1.6997711728625768e-18,0.017389633906262938,1.0568523390299764e-14,5.18996252789198e-26,0.35842471311158836,0.07126823796112988,7.151864452406069e-89,0.4406294288085953,4.591756916223959e-09,3.614372557415803e-11,1.5124593151417074e-28,3.8098120196909476e-13,0.06426608867511971,0.0071899341676448965,1.2615749479165647e-19,2.558679452405477e-13,1.4227060026512616e-20,1.3831938880767225e-131,1.470613399717367e-09,0.002318280395208528,1.60190106812374e-56,0.0065582244358140095,0.002380611401727501,7.245422389963577e-82,0.012596185142266318,1.9012741824831241e-22
sim_acct_0620,32.39690051502743,7.139578688055947,0.3689955821370427,0.46946569639540364,0.032365031845583356,8.089983875599504e-35,0.057488470398879804,3.20923739678145e-05,6.175115033097528e-18,1.7095359163544056e-67,0.052171756345692696,5.189942205059132e-16,0.008768371541728647,0.3388416143289824,4.9399583444850144e-05,7.532332791532113e-24,4.617196298931193e-17,1.0299665871434847e-05,0.11679916796927683,0.026064053172492958,1.0741157364874638e-05,2.1018452576572582e-17,5.4831061399383696e-05,0.09630248915972027,0.016604970367974186,0.22911613241486195,9.953857934240271e-51,1.2572269676142245e-16,6.8667441309895646e-12,8.653665033057674e-05,0.057599047353695323,3.588353241720555e-64,2.638066084308433e-08,3.17829296966863e-25,6.67874412027091e-11,2.6798206999370623e-46,3.286063179190725e-41
sim_acct_0621,6.023633922539871,52.448979039467055,0.4811979011704027,0.4832418515784228,0.06668623469358713,0.21559335893080556,2.064612967910102e-11,1.171713730183606e-143,1.4529296689382068e-30,9.355786846076916e-23,6.486253704935145e-45,0.23233951883595896,6.630560790503618e-10,2.287211686433664e-140,4.8757830818977036e-91,3.254578822805258e-24,9.228368948673986e-16,1.7465839239092544e-18,5.5554732453827475e-43,5.259847511747389e-34,1.1058492167105128e-40,0.1448869086070921,1.2326573098962282e-14,1.8354054554410338e-09,2.4247792596710295e-51,0.15658369496487962,1.025799597583354e-43,0.23414925672144354,5.2690336900467946e-14,9.954723484586919e-19,4.423447450605256e-33,1.7581308329812898e-32,2.183008580577734e-20,0.0123784529728605,0.004068806447785906,1.8647665897017386e-40,5.774113427521231e-19
sim_acct_0622,90.04879878656942,3.316834903383516,0.2272093451237254,0.5157269254852073,0.15702252732796873,0.24602667635563022,0.022981886184095347,0.0017660284543770089,1.3742409458394615e-87,1.8791439591142336e-24,7.082639554002217e-21,0.06841591631349786,0.09838319430777603,3.34188664195457e-57,1.3051474828878975e-15,0.0050980380533747925,0.00022326970205403907,4.3880889307446226e-33,0.1875837668900843,0.007743319092521129,0.007002566810680809,1.8609608514492592e-65,4.570632313582373e-08,0.04829759698294809,0.019412956066880614,7.529425239677624e-13,0.025713772593150674,2.954380521546237e-134,9.31688405976532e-19,1.0774345145316674e-28,0.0005658913888243861,2.8075168238588266e-117,3.921608366854966e-308,3.2534412242521852e-16,1.4006365845737353e-43,0.2607850750970268,9.748748721305831e-49
sim_acct_0623,35.458711953328994,8.043290199387247,0.426264012011706,0.6780945083986084,0.03369634455018209,1.0852841672757169e-38,0.10871296389083152,2.2582794865031444e-13,5.295263216818988e-20,4.0354793906366595e-51,6.223255979771272e-06,1.0830184087414318e-84,2.7453412546883923e-06,0.11064768883230201,3.804987882946867e-47,0.002683600913403627,0.0035314599805589876,7.424083702831414e-44,0.01914252559051996,0.0009013891691718233,0.0005971902295239206,2.0263548022085226e-16,0.05679765107777097,0.05234969443713604,0.5873383215160908,0.052856223941443535,3.429488767599134e-49,5.058683927471544e-28,3.2429185300722473e-43,8.207954518105482e-96,4.239743845194734e-05,2.8501627646603603e-74,1.4189170420051336e-116,8.926750646753382e-36,1.9919087648310628e-10,0.00438992418614361,2.6434490957023097e-51
sim_acct_0624,6.004060724363517,58.52176031724605,0.48749746126315613,0.5396431643381651,0.07722825601308221,0.3663690275661893,4.690864669555203e-14,3.454024254905327e-67,6.231751621173933e-81,2.7976232269564145e-05,1.7442184508116696e-08,0.039237694101773406,8.533572396319093e-41,5.386753080411208e-37,3.8519940554362173e-78,4.8748552066837745e-15,3.435639033476237e-19,6.321674776729021e-69,5.842641333964028e-157,1.068324097733263e-20,2.706646030467317e-38,0.14959839089569246,2.817145946281628e-87,1.3826959536749333e-70,1.5906411235015752e-08,0.1194488056355622,8.657880737714032e-29,0.2796734530542713,4.7160365469654715e-23,5.12234490321791e-34,1.5024935823070095e-63,4.079941247776334e-14,3.139418423266148e-79,0.04563350661843583,1.1112518963783408e-05,2.8153758075314652e-11,2.437745930969239e-20
sim_acct_0625,103.65712097153155,2.521965320980476,0.2555104991853108,0.4902468447587631,0.12294153721609592,0.000564685896619589,7.174586520630522e-16,0.0003267438362868989,3.554260907662508e-19,0.0005548279925341407,4.870547203411783e-19,0.12499137516235496,3.132972649339452e-05,2.143537362773126e-20,1.3761111806440534e-147,0.0873259096754689,0.051031949443265674,0.0007230999570384692,0.6351055288151999,4.749176409587865e-07,0.0003056578605631574,8.779929989678262e-84,0.00520796540147198,0.009935688324202729,0.007192603977841963,2.76890923738155e-17,1.9764638951986177e-51,5.082883857777349e-214,6.086784222166628e-72,6.155424524274396e-23,0.04270367192297376,2.193671443236244e-21,6.632144428287134e-56,7.132748988426497e-06,4.601188016395664e-34,0.03399135434105444,5.625152826834971e-72
sim_acct_0626,36.467048599824096,6.691876959820502,0.3442210324291082,0.42990126095021924,0.04120831661667409,4.090858659822731e-42,0.0072478357041221055,1.3278373726204799e-10,2.2628266489111683e-35,5.904111978254277e-81,8.049551600155143e-14,5.273736019833678e-21,8.963969903252434e-12,0.2055035527706814,4.994835188487166e-23,2.4141464340376764e-65,9.364076684375224e-206,7.190667580026803e-44,0.02830134594027592,0.11583142951437342,6.127510927143804e-06,3.306555478799535e-77,1.5612485129411956e-21,0.4925867862997207,0.036214207905694476,0.10006123008333574,1.5161899628088375e-125,3.0145494436741074e-33,3.324828357687168e-61,1.1253211601962657e-64,0.014067756257343517,9.42294193623883e-12,6.438343739216779e-43,0.00017966347859414532,3.1492805488702953e-91,6.438368048565468e-08,6.155753431021004e-57
sim_acct_0627,6.119071064319748,73.81792769870104,0.39036432607808236,0.5323635753692273,0.0911356504768851,0.043821100791806636,7.696826575516956e-09,4.737766735660572e-72,1.4671912074781354e-48,9.352586630035076e-35,3.1689473458767927e-87,4.104090994321563e-06,5.793791336868632e-54,4.990088508445797e-49,6.963379781229541e-24,3.4951476847627064e-73,0.0007184133021561004,1.069020179673993e-62,1.967936440596082e-16,5.069464348362964e-38,5.494720473677152e-144,0.014342090229051795,2.0629362776385193e-23,8.402007124544235e-30,5.111967532365941e-92,0.5966327899345804,1.3297260168190345e-64,0.34010299882266565,2.415274523894757e-06,8.031580315421949e-109,8.058060215038614e-08,1.3971279271853875e-27,1.5064961159215155e-35,0.004375955298896679,4.397789576058533e-08,9.38019139550945e-37,1.252763888737218e-18
sim_acct_0628,87.93374649728447,2.926118487412138,0.25396685595454277,0.5228951298068182,0.12659798558061275,0.007729217936891254,1.7927115002769177e-16,0.001647728415713111,2.7890361250693928e-33,9.50529015040495e-37,1.7587537178092043e-09,2.0893780062205455e-08,0.02263305924136117,2.349507134329642e-212,9.50186998909514e-08,0.06955128297202787,0.032741838292164385,4.7142147460061115e-175,0.5291539414101747,1.995189798445945e-05,0.06294105794879626,0.015240238758560481,6.569824397216756e-53,0.010245897723630186,0.09642528340023619,1.5197658019203397e-08,0.01665790782344339,1.4550303625238362e-73,1.1767466320727871e-05,1.7724212676113298e-97,0.042701759919879116,1.7600886533875575e-75,1.7725624551937565e-16,1.5901834838287207e-13,4.189352101104726e-107,0.09118812384089858,0.0011108100828671696
sim_acct_0629,33.722711027170824,7.378775962080391,0.3445782666436149,0.5515990894877189,0.037865981138453686,2.902551634569155e-105,0.048690091177842225,0.0023675480313502867,7.424087959680487e-11,1.047595551399126e-14,9.623141558150817e-06,2.152064707856022e-25,0.08545568202963341,0.16207200856485354,1.9762934601252152e-16,1.2991185249532758e-34,3.89338581861089e-20,2.172636513634503e-07,0.02710232251158153,0.05608611426186756,0.0007267708198874723,1.0484124665826347e-14,5.439528116329384e-09,0.04095073112354638,0.43771720792499796,0.12602748843892975,4.897641199464362e-137,1.9609458718282828e-53,7.361722125101811e-103,2.3407018074580886e-91,0.004392597156893195,0.008401592039617104,4.455921270172157e-25,2.714538245606172e-47,6.867949776452712e-46,8.336160494460991e-275,7.020291668374562e-33
sim_acct_0630,5.204172432885228,57.988764804003644,0.5056862560528688,0.5499680703092704,0.07298987882062456,0.1286158302662652,2.341264974250569e-33,5.710588802273602e-23,2.2636960288732424e-52,9.00427687975525e-25,0.0002483447570797879,2.759946850800438e-05,4.278887141008204e-17,5.608136496577733e-38,1.142183684293619e-41,8.92741075897842e-93,2.4670801208755116e-55,1.3679541421817135e-40,4.9319447223665424e-43,1.3616928236911808e-09,0.0025916285532518245,0.008478322212003618,1.1280666400500782e-35,7.906854562329614e-162,1.1942256699619696e-45,0.049536441235387224,3.1764290479028773e-16,0.7604573003695759,1.2385904143520283e-107,1.3649866712211117e-92,1.0216356293823223e-33,9.081085534408857e-20,5.310505545107258e-36,0.04843239450755515,0.001612137268680101,7.343762118851765e-39,5.750859617490811e-48
sim_acct_0631,77.37936974339924,2.9990526266225994,0.23092024383719278,0.47756989153296575,0.11443365027073847,0.0012681958041173929,9.95492409635346e-47,0.013335432762057961,7.0805209528892e-74,8.080292641136095e-20,2.833482718770437e-24,1.1560814863622501e-07,0.09723714909667573,1.5302852828839826e-43,1.1364471401595868e-64,6.442499882644611e-10,0.22801375191159923,1.1305182666025411e-16,0.2107194204542014,1.190218510398716e-10,3.73073411766773e-05,2.835841948788603e-224,9.747124760940056e-21,0.037935449509601406,0.012163092689178498,1.8624719984144114e-26,0.0005716865984021574,4.55773660253571e-13,0.000595569031046426,0.0003118523269283848,0.0005023806814820138,0.0017085813151022037,2.681553281571229e-10,8.486385330665796e-18,8.5424666081959e-26,0.39560001383839855,6.810425848318458e-70
sim_acct_0632,37.43815882800376,7.032919851143364,0.4016723488426207,0.514982567374981,0.03268655153579161,1.798759731426682e-85,0.09279852099135091,2.0778649888367225e-09,2.758691225985533e-06,6.4443221403377e-14,1.0199550044434883e-06,1.8426363168389758e-21,0.004162118466707617,0.13176279985707548,3.33673530358428e-31,2.4995207661613887e-18,1.0743671039949612e-13,0.17208363041735067,0.047059082564955626,0.1589388207751195,0.1337999536944161,1.2761550127844444e-07,0.0707201474549747,0.12024302974024507,0.058379465809748975,0.003064628721228858,6.785121534230513e-07,1.2154128206356487e-65,6.973160001470486e-113,1.6112388554619178e-31,0.0069832146549035365,7.627019880202137e-86,4.546969325694443e-62,8.838862462194187e-16,5.963101667772381e-19,2.4065222779576912e-34,9.32326694156171e-36
sim_acct_0633,5.525711843511618,51.11748262219856,0.454542472152776,0.5579600312064036,0.06412725027234714,0.24394640139411472,9.341771701028167e-26,2.8577177992431665e-76,2.4573656175042216e-07,5.7379160762837315e-24,1.491381823548168e-72,0.1972952493351098,0.0012566462168245127,7.537474946041362e-41,7.796776910732954e-70,1.490612577506902e-28,6.944327929179656e-44,4.28684682321091e-108,3.372022046412324e-26,1.6358963439887122e-41,1.2131351691794922e-43,0.19325466046441764,1.4487401739600544e-08,4.816012582856298e-34,5.996032917766465e-17,0.21639493554529124,9.289311217514027e-113,0.0630488791561299,1.0922784853052167e-22,6.523547043726204e-80,3.3363780912666114e-265,8.670313227540031e-44,8.372897231404846e-33,0.03801240788590284,0.04679055977824573,4.1425794021424643e-81,3.3917453448200326e-32
sim_acct_0634,79.85830115879,3.2252600506009896,0.28682354851702724,0.6548946986112373,0.12292826867713022,8.50948309671272e-08,1.2049413809802688e-66,0.11431695168362668,7.433786913381261e-16,2.827742143200051e-37,4.331362315263848e-11,7.865602695532525e-09,0.1162452386527156,2.1009117360646128e-09,2.3212236751023473e-05,0.00984388810601245,0.010359136092788105,8.472548355582553e-25,0.67215740226751,1.556494178161787e-06,3.055942455007483e-10,1.9708123174961243e-05,6.853800967796443e-64,0.037683905268305506,0.007830621138846272,5.2279273739268865e-18,5.159959683293336e-22,2.468025165926409e-11,1.4223213074781103e-16,3.365460679234171e-96,0.01890838367752957,5.705787516688828e-57,3.276864427909418e-06,5.127133321209367e-07,5.21683370256665e-44,0.012583479540346772,2.263170552018837e-05
sim_acct_0635,32.97255951783888,5.4581403877957975,0.3544738507219876,0.831593637180721,0.04473822062124074,1.1303080875819753e-09,0.017571891826859937,0.14736985905904063,2.128300061406593e-08,0.002863994330219673,4.848542442565327e-24,1.0524817924186257e-19,0.07196928591731552,0.1481215504310431,8.579333989771494e-57,6.195521932375991e-21,5.341855521566534e-62,5.637962911495228e-26,4.741167829082819e-06,0.002916786338132706,7.033928600904158e-08,8.827256505894729e-220,5.88141403164594e-10,0.0350328205955983,0.024904334159122948,0.33965885303085025,1.8094895531457098e-12,6.649851395990165e-155,7.2001379424817915e-37,1.0622133968524855e-42,0.20287511365446065,3.3187230399398195e-05,2.2274047902109092e-41,1.2245502651910366e-86,0.0066774889165823505,4.453798393837362e-151,2.997387132594905e-69
sim_acct_0636,6.327857191454237,54.034644112027266,0.4946577617825764,0.5908760399458276,0.06329115762063507,0.2830030984851467,2.5285881227586995e-88,2.5445072317624933e-16,3.120272853962499e-70,6.166281485343786e-22,1.3783171771100208e-72,0.11982495753569111,1.442008246049065e-65,3.013599199745608e-33,6.28190525709552e-22,8.251351851204823e-26,1.7906509181221467e-69,3.3016877062784893e-23,1.8653786538243108e-26,7.700482042753332e-68,6.744780242131139e-17,0.19006957068471086,5.616789972922296e-09,1.443319546051476e-23,4.182970299455962e-67,0.22012334389080138,2.433120879867268e-07,0.056464875876582526,0.001582768585166247,2.6891339530180615e-26,1.1942558282873827e-52,2.0071639043741357e-14,9.755469555241746e-42,0.018202128560763756,0.11072894426502392,6.318721513262956e-08,1.7074761030794644e-39
sim_acct_0637,89.51382764432178,2.5999022131700453,0.2513060846010636,0.48577226746718916,0.13102943683830395,0.0008597783253808217,5.137151796052773e-07,0.07074217612491322,7.321326980784203e-06,1.095438545174875e-19,0.00018864550082739917,0.04396282865869351,0.044519435018162024,5.150737277919282e-21,1.072195683915591e-63,0.15588820925547375,0.006276104695529928,1.2940757050228678e-37,0.1762927525874128,0.04529634778931405,9.643345683669356e-08,8.088845318835076e-34,2.947125793333505e-29,0.04169205066970999,0.0009007508594725047,4.598212346561336e-06,0.012657370883855849,3.09413195938287e-75,1.000647107411362e-79,1.0209536987863193e-28,0.18087395626663424,1.373877336726561e-64,6.776273420222922e-89,7.534639454629703e-29,3.3652500986956096e-21,0.21983706367665598,7.843741260287277e-35
sim_acct_0638,34.162752216712974,8.387601052084596,0.4331971840338143,0.5130384013953239,0.03406316119376947,3.1797042137857585e-93,0.06744596069886921,7.693826800603539e-46,1.65406123251586e-08,1.4177047953740618e-36,1.2364820989556012e-05,0.0001125866422152922,0.00628070372479337,0.0758308725717598,6.045067007857027e-72,6.918152390931874e-22,4.023931458416612e-12,1.9297100007806464e-18,0.03788509225152559,0.11153849679299042,2.0685704808675037e-56,2.1424074676998644e-72,0.00012171558726638641,0.2050158527266335,0.2818785236258321,0.0034357572994422455,2.0527931876465452e-10,3.220629941459189e-91,2.710843918835515e-29,0.2100336809873452,0.00040743952669836645,5.065276626844028e-77,1.257105161542858e-41,1.256794107376591e-112,1.6287041643140526e-76,3.0100133656903248e-40,9.359937232907205e-07
sim_acct_0639,7.294452364892201,43.71311266951103,0.5724734276571231,0.6539348688169564,0.09083501758968428,0.04310027360552698,2.3938874908200287e-05,1.1162472135112325e-28,1.361589609169332e-27,0.0019092484802346976,3.524167597642833e-92,0.00014579747197097223,3.9131273528088497e-36,2.6041261579078186e-08,4.386993752148978e-49,2.684036075845718e-10,1.1917868313408537e-08,5.026460020646876e-14,1.5499823017023512e-34,0.0020334932017609477,3.234092336837977e-54,0.1002868637999154,1.9785338326849797e-65,5.697818108095753e-17,5.266499876634564e-118,0.4813033255469775,1.2250016671771317e-15,0.3521486768232956,4.450316174756425e-52,0.01478437968189636,7.203006588859023e-25,3.488567064450573e-53,8.108313072322655e-77,0.004263535241461955,4.290444661832911e-07,1.4375571950487551e-43,4.5360137955338876e-63
sim_acct_0640,88.41933122541171,3.111119751280361,0.293305991330207,0.4434432854387221,0.12564796650032342,7.453974960167511e-11,3.2931456481301324e-33,0.07051364802111797,5.755550492145164e-16,1.1567816790614713e-87,0.0014054949812778265,0.00037572854860367657,0.0026872257889880404,2.1464660669809912e-07,3.1844528539416086e-38,0.001335503233018201,0.03482295981366929,6.75662236365023e-117,0.4453687736999716,0.008410292825389413,0.00022995269402818462,4.990859728423749e-43,2.6494258425613577e-17,0.11749496951229862,0.004827375257549911,2.1879580035548458e-11,4.181742027654615e-05,1.757183549760504e-31,7.048276397521986e-07,1.6791724488773222e-48,0.013568206919525587,3.979016718122783e-107,1.3802604164828917e-23,3.179750741609354e-11,4.9043058412238565e-05,0.2988680886234089,4.193465698194541e-41
sim_acct_0641,34.084469648509234,7.821777250879754,0.4623639232326865,0.4604224933493613,0.038899467183975835,0.0005698743448663726,0.0824600172139668,1.697791112686577e-05,1.2350036580102792e-14,3.378054129616656e-18,0.0004290068356393636,1.6113584236067364e-21,0.0018087034053017837,0.15658548020024557,9.728605062844125e-88,4.0060788187371985e-65,2.0613919573264317e-27,1.6661918149530982e-53,0.05648732382911405,0.3222997458304198,0.0012879383730341717,8.071597043142039e-119,2.1163113089428783e-05,0.13774021233600683,0.13005468668084133,0.0017748826426655915,1.5435498475211878e-103,1.0211125827448506e-46,4.402243006070425e-08,9.88460633890283e-77,0.07044025965241027,0.0380236836088294,9.216767930794865e-25,1.7932866409740934e-249,1.68421520284122e-21,8.614863822363457e-125,2.252319357413871e-25
sim_acct_0642,6.946649802279283,59.54480776767107,0.4019216534551328,0.4455864314766114,0.05876525339215042,0.1101423571378987,3.920632350006811e-121,1.6117660820997945e-12,0.0007576735089475853,6.6278827802607674e-71,2.174604708461008e-95,0.023169257753652864,1.0539094984958842e-18,1.935226653886876e-21,3.211240340897643e-128,0.0005394116641626793,9.878367727729859e-12,9.395993837670303e-86,5.377770871644891e-25,5.254113334904884e-91,0.05151994509640829,0.14857228147832327,1.3951151864046474e-09,9.240352558971873e-41,8.682823362303578e-65,0.11855889511674496,0.00023833094087036323,0.21863558229385716,1.7004972050628054e-24,2.244273007696542e-16,1.2585038153322835e-15,7.727570004182422e-211,1.0662109772107223e-89,2.6814660514884596e-05,0.32783944894201245,3.1701620102118224e-25,1.206512950659195e-54
sim_acct_0643,85.55706453205947,2.5184052842648597,0.3342518140221242,0.4837717720280504,0.11105688076104127,0.05282644773221992,1.5911203565756855e-32,2.196217110708157e-20,1.5786994543840503e-42,0.020105535445860894,2.597808377235589e-21,4.753572420616541e-15,0.036904005295304174,6.185131943421987e-05,1.2098715524954508e-27,0.042794837201568764,0.0010125493724671948,6.090823105498183e-07,0.28336585539774284,6.685716325076433e-06,0.429322305084407,1.837001686096881e-91,7.847071241095279e-23,0.0751117208272769,0.007880628046479238,1.652241292190777e-11,5.824657378836171e-18,4.506427172113529e-30,2.601950147085032e-78,1.2871807512881607e-48,0.000826716407805676,7.386902094323729e-131,1.8466336077719567e-37,6.723086852585706e-10,1.0537482594836538e-35,0.04790372141800699,0.0018765309639547346
sim_acct_0644,37.06460670932773,7.068673521903194,0.3727866019033687,0.5556143758242937,0.037081304427838434,1.7252063664100551e-115,0.13393580752149215,1.3934067830862543e-07,8.203455050307973e-17,9.332237644087046e-58,0.0831629368460455,1.9536529474014563e-80,0.005554688772636316,0.14500698354187896,5.9319334879812264e-24,1.2302657810719475e-54,7.343338411804617e-120,9.669779664516009e-10,0.11381578011949262,0.003357741891930387,6.694546941490623e-17,2.674162805400254e-60,0.004588382150015061,0.35803437254254217,0.11160287218589643,0.004330892124601184,3.345600171166479e-40,8.377653833762313e-05,3.735378617801947e-05,3.0022241042760554e-15,0.03648827166863388,2.6606404726680815e-12,5.1476350737402546e-30,4.061514420943569e-79,1.7630438877178585e-72,8.315242149866912e-31,3.1231752898046407e-27
sim_acct_0645,5.399377782798968,59.523402271046166,0.5436577238969297,0.5384728526891089,0.0661047040808529,0.32805709186223947,8.676363161240682e-28,8.789286188438447e-26,1.0460081559061431e-12,8.098557371561439e-13,6.142723319966052e-05,0.0002919541590310556,1.1679782443850525e-99,9.144127180884105e-32,4.025753959983296e-14,1.0322110444767388e-15,3.032826356713245e-160,2.5324967330670434e-44,2.477486932172457e-81,1.2039624467273217e-06,1.1544885765559006e-70,0.3454491030885972,3.969263152729725e-16,7.660514032402516e-09,9.298612173764754e-134,0.08031834937041132,0.0026807642061525533,0.2203581471917809,2.6888737015076074e-24,1.2946417294949683e-52,0.00027355290566835453,3.068456359361089e-05,4.3067668529612825e-56,0.019540958409068894,0.002936755383866137,1.5326692509374504e-12,9.753892907729985e-62
sim_acct_0646,91.66987619390339,2.692942419215808,0.29561076994393726,0.4445796110419303,0.16023777400731945,1.4576629233640634e-08,0.001684033560651604,2.2843261803179805e-20,1.5629615148470212e-67,4.3194269347443975e-41,0.0006119350871239481,0.06840989365929154,0.14378208270460396,1.0019088964204815e-10,7.201493211411701e-19,0.0010226703993200248,0.06034284243752686,1.7248975181400747e-21,0.6638317033848139,0.0012841282648044124,0.00011054414529350648,6.288304178491079e-09,1.3349516236671211e-13,0.00028352267032475797,0.0037184394863901626,5.335046854704322e-23,2.035103914564015e-05,0.018907425800519753,1.4005555669528689e-49,6.226962115543185e-11,4.9686729419430786e-05,5.891920784554461e-30,1.7974801066435235e-18,4.136915569351744e-10,1.1678875175938622e-31,0.03594071918955166,1.9707426827705504e-31
sim_acct_0647,34.64528977144788,4.591027384091895,0.3126948808315466,0.5002819386718207,0.036476097025502224,8.441661038312937e-14,0.013024242338668113,3.4839083547571733e-37,9.144805651477503e-06,0.004520112372252363,0.00032961741217605125,1.3908828853756962e-05,0.0009694014783786455,0.09077199594600828,5.178994783450679e-50,2.286987282487883e-36,1.9145116069021563e-14,1.9129974177893925e-09,0.09706020621998974,2.63310093466603e-06,3.3837062877062456e-08,2.5202083867055413e-99,5.8313977370969185e-09,0.43379264732867695,0.32277451170298727,0.010157048659200701,3.83289352960624e-90,1.0493560085752771e-20,2.027266666821165e-96,4.109914180594041e-100,0.015903488914271468,2.471841852506443e-74,3.186851991547291e-08,1.4987440221146043e-05,8.78608705943362e-39,7.428959231447382e-46,0.010655980001647705
sim_acct_0648,6.690066396737903,52.69312894635171,0.5244508692622993,0.5232062171333782,0.07014426795324605,0.19497812146018265,1.6150203637056993e-16,6.303345846470781e-58,1.3258090414012606e-98,0.06090072519875927,1.1289711488014134e-46,0.09029264262622069,9.737659185136536e-152,3.679820267271922e-36,5.0973423174930876e-20,4.1803987172735146e-10,5.5964387696659404e-89,0.006477363381552222,2.034282559920619e-79,1.7954941401008488e-98,1.0215312160678335e-83,0.07216029245466625,2.559800986032252e-13,5.3068508857475605e-58,3.1297712281509995e-41,0.07260298070275314,2.1083232250815573e-07,0.32675209642611014,1.4027213449289433e-127,2.0775778340142558e-48,0.014593322597288863,7.157839412711168e-37,1.2080605996352591e-18,0.03121210107676978,0.13002440026923448,5.7425558441896035e-06,3.875365391648146e-17
sim_acct_0649,84.96214401837591,2.5044259745177744,0.3120381365782735,0.5619933598341306,0.1355509570984373,0.028710370235925615,5.6885778546249135e-68,1.2427244938694592e-08,0.00039705053387371745,2.5745976188593454e-16,1.642266186452135e-06,0.004912820091023805,0.3624273680706751,3.793877513688464e-43,5.5385461628200855e-11,7.833194882791827e-06,1.4158418508034848e-08,9.302424834643824e-12,0.4240016449883116,3.520697959993314e-13,1.259935424759673e-07,9.683976360015921e-43,1.1974819720679283e-85,0.024380046888803665,0.01784145379804147,2.615180604195662e-06,3.3310353621289946e-21,1.038796333398703e-06,5.366691145806042e-23,3.0213717363575576e-65,0.028304373306636783,7.425232537853907e-31,6.334443889652576e-106,2.121809433315321e-12,1.6231567711610713e-26,0.1090115900023159,1.7599101640402704e-14
sim_acct_0650,36.71272582546096,8.325660545116182,0.43696631494734284,0.5111510578697799,0.03183887840012411,7.731070015206958e-21,0.008745389797051258,3.7282014111656016e-08,2.275534647785628e-13,2.2760489131464569e-88,4.961505589088704e-05,4.281825911440366e-179,0.1648533034119473,0.37608201451358925,3.728804432167357e-136,8.865924554117926e-06,2.6967371711174773e-06,2.6487320875703167e-08,0.01845341661524597,0.018658804394854307,1.3532916672707936e-18,1.989950371205557e-19,1.7445356136018314e-06,0.35424402382849746,0.022373047238262597,0.019242464486135914,3.364504708151721e-28,4.5932342496203735e-59,2.9067863722629626e-37,2.961237640079657e-32,0.017284549680759164,6.168512027886238e-21,2.8972618924810644e-47,1.0864701103033195e-11,1.183266698245593e-87,9.935427690295055e-21,2.057875479423404e-52
sim_acct_0651,6.8015206135174955,47.83886826054604,0.4194001401660783,0.5213077836763086,0.05671211663425008,0.198270191387904,0.006341090424404356,1.2985946777361179e-107,4.095444098889156e-06,1.6836721840486818e-11,1.4609881340725772e-17,0.008420957201258954,1.922244203015442e-55,2.1240783364319107e-76,0.02412314940859537,2.1454199358509418e-05,7.183907602646435e-15,8.630647517911112e-11,1.0967091694522509e-27,3.7625213243179164e-112,2.802324353796383e-56,0.23967574802045807,5.191318989858259e-14,5.9304087769765676e-61,2.8029267965295425e-36,0.18333699059412595,0.0002880820261082282,0.33621292860372126,1.1621361051897627e-66,9.995945617811118e-86,2.8208754686304247e-56,1.6546457206363763e-26,9.47693542661956e-27,0.0028457679938929488,0.00045954459287123604,1.0848915555105502e-112,9.171014425765381e-30
sim_acct_0652,91.26684613427004,3.3766955427500642,0.2817174115569671,0.5643910093243588,0.1583349255334349,0.00013562225631614247,5.824163567729179e-23,1.034083213410417e-05,5.198741015133196e-07,3.5881813082368045e-12,0.005037101721050453,0.10653487324172872,0.004254122445096907,6.3038471572600965e-15,9.578632837375944e-45,0.057970516328686814,0.0002134542882777683,0.0009635650507609936,0.5814396165696774,0.03070093842517067,0.011351958248148653,1.0699003561863241e-11,1.0492422026386454e-25,0.0031903174472842563,0.1757299960418719,8.0725158582847095e-19,0.008491467263412404,5.614244884388897e-118,2.1385275334736644e-91,1.5317669167690868e-21,0.008588339943529203,7.890240336454278e-49,3.8167537730900796e-97,3.7742004291792245e-15,4.7420433333976284e-45,0.005387250007535163,9.20066895607616e-13
sim_acct_0653,40.982055845091224,6.80207359119338,0.35852483442124583,0.6272996264435725,0.03943107466794165,0.00024297675625982275,0.2025687034958546,0.0002508531919688868,1.5363880774790852e-20,4.347049793431336e-30,0.005507571339405308,9.785232686194882e-34,3.092595700235938e-05,0.19373566703395356,4.132847066840151e-90,1.8374702293803888e-153,4.070425344993706e-12,3.086627065405869e-39,0.0009309172152604831,0.12665932363354895,2.2141417828913473e-07,4.321175539337009e-74,0.02209033169657503,0.15783172795807027,0.2658673136737977,0.007995733267040686,6.695643807388391e-23,0.00046964070334808833,2.327757474702331e-05,1.0959186105190145e-25,0.015790972169781446,2.4210261946312216e-41,2.1800167559422232e-55,3.842915137009945e-06,1.4281871474305133e-35,5.7037320654850735e-67,4.453138103708952e-80
sim_acct_0654,6.21228164852641,63.00103075102858,0.4257449273743243,0.4772940602535533,0.07182958234017929,0.10124554482776982,1.0794819877631982e-21,2.609016792312495e-52,3.095118970741515e-22,3.416759917675926e-80,4.084963737665283e-74,0.002029282783068655,2.460363418789122e-11,1.281065240654376e-27,1.5431582400664378e-37,3.9703939538640865e-09,6.007253127320944e-181,8.072809995886377e-64,5.300518586897865e-40,1.0663236055304054e-68,1.4349269091093253e-95,0.2711389686020878,1.6378683811279892e-35,5.473485839071294e-21,3.178720095344424e-11,0.09823529352192578,3.8564145939720986e-51,0.506055224280337,1.4812566205946301e-07,0.004017677267661493,2.3745740177219704e-13,6.472240078355618e-21,1.6726952151503887e-14,0.002421571023407683,0.014856285541040713,3.6450945070967665e-53,5.077081909441353e-35
sim_acct_0655,112.60941502227043,3.2186338087134185,0.2744418297889787,0.5132441773676154,0.08844414951600248,0.0005478043706169658,2.754995460311227e-71,0.0018858185911623045,4.047385731678867e-44,9.321210227519927e-43,2.121039487943563e-16,0.06473982673758014,0.022985258694687594,4.359439417898089e-304,4.344329218447238e-11,0.000543035599926577,0.06459651294926178,1.2163992894671999e-08,0.5222056245773999,4.404787211797812e-08,1.2946434476762012e-06,1.2569442116474972e-116,4.140354998923878e-170,0.09632797271172673,0.005937902002291474,0.0021794869552132943,6.928037435699374e-84,0.0003826874115134599,2.1792731493503884e-10,0.016405070315410324,0.007438771048159628,1.2410788144366211e-18,7.61895189306427e-72,5.883651600891717e-18,4.709162622775757e-32,0.19382287691836625,3.0171687797665126e-49
sim_acct_0656,37.626646851138275,6.802514350572746,0.3921436059248177,0.48277008734829807,0.03488323183412303,2.5642286625036003e-30,0.0330483727044622,8.322936015372108e-19,0.04119731100128856,6.778611253507353e-106,0.004678820099046234,7.718974385088322e-12,0.001720141229003986,0.33214845555044464,5.635509304962346e-13,6.143799901772434e-36,4.50010349564625e-211,4.365226262268409e-30,0.020445245203577156,0.2638172593070398,4.669420955810707e-06,1.0997546131137856e-13,1.9476935101342368e-10,0.09175807602819538,0.16981815979830728,0.0359015124427988,3.395049794423382e-81,2.7194446926986266e-47,1.5103667067319265e-39,1.537335452581267e-43,0.0053966988489424755,7.212595553060527e-07,1.2897969591150352e-43,3.4434484523785844e-95,3.762741993293172e-10,5.157962451419351e-15,6.4556526941286e-05
sim_acct_0657,7.1524825952632165,65.20600542650139,0.44268761854738264,0.5513585675376363,0.07730838718923623,0.23598142583389276,3.3165795797947737e-65,1.9823143323967393e-17,2.270518190257324e-31,7.156232639822494e-35,2.3268804906964922e-12,0.010049024801119143,7.522870964726233e-18,1.7671856527874154e-54,8.529698721755416e-36,1.923653943785468e-135,2.1353502564497884e-16,3.944918453645301e-33,2.832612211370985e-09,2.538193195283449e-06,3.7659787104479115e-10,0.11389807102626495,5.897133146438183e-96,1.4120982080161802e-12,7.25975034746695e-42,0.06783335832311566,1.1751678547990433e-43,0.31843277406799886,1.6978512686941918e-151,4.250812546860284e-31,0.003155548640101328,1.2873579197288112e-24,0.18552118953572982,0.062127501348340726,0.002998565017292483,2.309992354244546e-118,3.4353126790429784e-41
sim_acct_0658,106.17575474627861,2.9101648715209523,0.32773580448885714,0.4681336166750499,0.12928653788294314,5.419133139976423e-10,1.272991104655588e-32,5.819220837372033e-12,8.122849977223558e-37,1.0730888518966266e-63,1.8715205419655364e-16,1.8458592483276052e-07,0.26984799300697265,3.902315441561788e-155,0.00011745100276959251,5.637362229791585e-07,0.012523452237801441,1.800692178896646e-31,0.5025782113295102,5.261477141127334e-11,0.02986322003903949,2.5828652702983243e-43,5.657074842902757e-38,0.001369117612356093,0.005541254317484829,5.2221681174413364e-05,4.308537479725609e-06,5.2970109626395704e-39,3.181149787882427e-09,5.230689061771078e-07,0.1419811448360436,3.2426640905337583e-108,3.473265931151132e-25,0.015519366259515487,2.228834840096221e-21,0.020600983967301048,3.3382590030256673e-90
sim_acct_0659,20.476817808770775,9.192023111381749,0.2713375882493261,0.6782426797360197,0.03583761445855288,1.1200760612202036e-08,1.0314601140289643e-05,9.690520267812628e-35,6.940636217490928e-24,2.715421922939503e-243,1.6865223705667528e-09,1.0583097761368602e-118,7.095979730726028e-07,0.0731269054782255,5.203442039138674e-07,1.3715620244169667e-18,1.2399848464862567e-27,4.181494395900609e-20,0.02093554960381967,0.0034432024618360263,1.638395084474643e-19,2.9498233195001712e-36,1.2888818616463503e-05,0.5012303723359303,0.23367179563804866,0.11744731943259411,1.599235900067867e-207,0.00016669810229567574,4.575377319868287e-65,1.839281771921073e-56,0.049953710698033456,1.1487191490838075e-164,6.393692325506253e-17,8.252867888766454e-42,2.92232800085535e-29,5.19924919355615e-120,8.888639691109913e-41
sim_acct_0660,5.957725364087293,64.34825368231616,0.5187734488732522,0.4661334059491264,0.069540510866496,0.3883175256644958,9.427311999569302e-71,7.2581678786183805e-31,3.216051496866909e-95,3.2478886764907053e-85,2.2231699280454917e-21,0.03235409438411857,4.775751948430018e-69,1.0160555706452268e-157,3.80758973963086e-24,3.047903765858836e-67,1.934120002454477e-49,8.760413524066644e-06,1.1001971956697295e-32,2.1474148382982326e-49,1.1206958714067843e-29,0.16279003301145165,6.132724427565513e-18,1.55821214972156e-14,1.0663067526263277e-38,0.04417441335455201,0.056211536718513776,0.3080563242512864,3.002842339744785e-22,6.61918013519357e-80,9.268853182819629e-76,0.0003689945264271733,1.118320872781579e-05,0.00014456963700394868,0.0013543419778241604,0.006208222852058937,1.0741194807187069e-56
sim_acct_0661,102.39932008392464,2.931114022660224,0.30180034177241205,0.4296949092611901,0.1179186487516753,2.7742769340598e-15,0.00031802322526413,5.609763301238931e-05,0.00011761478380577976,4.2858791116370085e-25,1.209319039405803e-13,7.337217148697333e-09,0.02441432236627455,7.223170878111745e-132,5.613943712102504e-31,0.0002955202260344857,0.0006259363274942576,5.7793466328724364e-08,0.5048259974312754,0.0005183193143020536,0.07552227389986148,1.8062205957222556e-08,9.068069176518649e-132,1.6448976494213442e-06,0.03607278749701971,3.9904130991628846e-06,2.1330072219423128e-13,1.354286368630926e-44,1.4801449464433075e-21,5.83582179739703e-53,0.21027967855498042,9.640820132333502e-105,2.3342328934435412e-70,5.530225984935165e-13,2.0254660493988156e-50,0.14344333126388512,0.0035043789722621513
sim_acct_0662,32.690603457839416,6.815747888304407,0.4042293690395443,0.5462921785841053,0.03791086190594292,1.8114021787142367e-11,0.26770454580873876,5.230932841740296e-39,1.2852580792798472e-20,2.5487464635622376e-16,0.004337197745968801,5.237319414137526e-33,2.8424221348767448e-05,0.18232560921190835,1.6261946127246137e-53,5.779916391891931e-93,2.7948363343238154e-19,1.0617802236744352e-52,0.006765320136235727,0.0009039242282906609,0.0008989451956049965,1.9089969951450805e-74,5.26870755892845e-29,0.43359367080059713,0.0668430043671769,0.0008221276169940706,6.833937276609492e-12,4.097020360661493e-21,1.8109710552362201e-40,1.5508432114910994e-75,0.03577717533830217,8.849077288293342e-74,4.147085038629897e-09,1.722931305210742e-08,3.392748751281248e-08,5.434080597337414e-29,1.6961217628506453e-24
sim_acct_0663,5.305858807466929,96.44906269911402,0.4606612744866864,0.5776502419013753,0.08131028620805159,0.0037183237655858494,2.9621930814582588e-12,6.85792918684993e-94,8.662777988573815e-26,1.185799288953492e-50,1.5403807348368826e-16,0.1881496335700883,6.266942599958609e-19,7.680460798790806e-60,3.9817101456010823e-53,1.0965708659192397e-54,2.2708790683941296e-12,7.516094615298458e-113,1.2595077788000923e-16,2.782023190448018e-50,3.424578863717254e-48,0.38990306167299765,3.8540269641290857e-85,2.1890877674191838e-76,3.916938737202652e-161,0.0530314159769244,2.1971473599577575e-46,0.2004170884164316,7.446328843751138e-14,6.648440278629421e-13,1.788595272263936e-46,4.831773137519863e-58,1.872801725458439e-16,0.16478046006255545,1.6529443889386333e-08,4.122009392585793e-36,4.666468844720597e-26
sim_acct_0664,86.99201314707443,3.199825797844081,0.27227893459336977,0.4217678559033607,0.11807164696673321,0.015256240289331662,3.234512338707148e-52,0.01613385832700206,2.5753252970588937e-20,4.368792394230484e-12,0.15837261596008004,0.0030786035962659633,0.09109121885271275,7.493612344854608e-15,1.2585799859080592e-20,7.810028691631589e-05,5.366060843813202e-07,1.3774311221698935e-52,0.5048594343003359,4.250885856048501e-06,0.028488379537341076,3.89131650837111e-15,5.659407955054575e-138,0.024575887684053752,1.5233813969605945e-05,5.011585410254232e-13,0.00010777883034644591,2.9693688484887978e-43,1.3703562714838694e-45,7.587101754016447e-12,0.0048540233142118985,1.8708281296036373e-35,8.501409645227704e-34,1.1915401071654936e-06,3.151420375221029e-38,0.15308264616291647,1.833765074423752e-42
sim_acct_0665,32.426391312359065,7.695254185778697,0.38817414582079457,0.5589132205646561,0.029669344633027755,2.018294868647089e-65,0.13376913367004603,1.2436097239699826e-09,9.395057543871517e-05,5.597735180005747e-67,0.0018930197122721643,3.1691049975123903e-42,0.0037416933720358916,0.11206327578792419,4.979764645409616e-32,6.5395297849308e-106,1.324528600245947e-15,9.345938705030128e-55,0.11911978907450937,0.047019851576207736,7.883228738663296e-08,1.7940291900318758e-51,8.597270820969784e-07,0.05461379660587195,0.18523362056901407,0.05678168515156636,4.582971065914862e-22,4.05486078295399e-37,1.9562392903779996e-24,7.179527068847367e-07,0.2856504264696475,1.5414688064522723e-130,2.1058948998566583e-21,1.8099679778310902e-05,3.819669160490663e-34,1.310938227071794e-66,3.7979827548076496e-61
sim_acct_0666,6.1594022096191985,56.6175332437643,0.42387153094998137,0.3986399622457851,0.06620373336667351,0.36474187858995044,1.3851590810418746e-05,5.000369877660046e-64,0.0004260610571508166,1.3667023407835156e-78,8.69871629909006e-60,1.724098811796003e-06,1.6448533833377524e-21,1.84562590904928e-14,0.008766211191221743,5.795980182711852e-86,2.3945799765217725e-28,3.706345224891704e-45,1.1283113368668476e-28,7.392804803574909e-115,4.6316377171033404e-64,0.2507481398382558,2.1114106882812755e-05,1.989911821660755e-31,7.173840270767589e-80,0.0490154856825447,2.7934869200808036e-94,0.32626530687168165,2.3179938058193777e-29,1.616745420469102e-30,4.0420952096721335e-90,4.5347094176367225e-41,2.9804996187009727e-124,5.131699814992601e-11,2.269213544370832e-07,2.4453212105389292e-45,1.2177954028456355e-55
sim_acct_0667,73.1609479276192,3.858553499200576,0.3200995950678777,0.5534106147818616,0.1337436927779297,8.719586668345985e-31,5.843230857717565e-37,9.076386873013154e-25,8.118389501175301e-52,1.864495596462291e-41,1.4285699049483597e-14,2.6889717393597266e-09,0.012989552522553635,1.9539021412013086e-05,2.936039006282664e-54,0.27503740573705093,0.07695761616287411,3.5374918111887356e-21,0.3773909036710409,1.2623503462191462e-09,0.0004624794310107101,5.980969581118738e-29,2.079406442565151e-126,0.04025358893947897,0.001559736684728651,7.991010225680224e-08,4.885234311023234e-05,4.464868670071967e-25,3.0812944595151973e-22,7.743634215870347e-17,5.562810290881566e-08,8.94877378696093e-74,0.001999173150594813,3.393124293015944e-13,1.2169234086936557e-42,0.21328101284621523,4.882360066041574e-14
sim_acct_0668,34.17382385045022,7.323551056497552,0.45132984236904583,0.5140988294288693,0.037573567902274556,5.908546887643835e-23,0.04018894987836208,0.000113956101470593,6.098297957389879e-06,2.984175151551261e-07,0.0056314680138015265,2.4189661096526044e-29,0.04884493364071492,0.05514685572525579,1.563852967368267e-84,3.5980218830558787e-104,1.5834937846440051e-15,6.642618761927692e-18,0.16507921770689726,0.0034090590121571025,0.0021097442285560445,4.974296503212775e-26,6.424177148715707e-18,0.26720889132379844,0.20153986511122954,0.0028661698263043305,2.1642769615149928e-23,1.6833147124841798e-10,1.119789234879243e-47,3.0972989197647404e-25,0.20785449254764685,4.3021728701220715e-81,4.946827866822104e-22,6.219272600518516e-21,3.764432318199252e-56,4.2665233473114873e-67,1.4475715119377271e-36
sim_acct_0669,5.398974954815171,58.11181049077412,0.4049276632205323,0.4782755315843181,0.08489597154985727,0.33697194391281904,2.3290980906328147e-11,7.41672024318287e-23,2.6013073280234952e-111,8.005427826819148e-41,1.3386298650859037e-56,0.057179362623854306,4.9087185133016665e-126,5.553200213706999e-116,6.929703230635605e-63,4.4151379799251035e-18,8.968917919060971e-42,8.349010433517051e-10,2.161995520309851e-68,1.5736072077712818e-07,2.932305715072817e-51,0.3768236509197014,2.7148439349518556e-06,1.977718880654643e-147,1.2483671032894632e-38,0.06962385401722553,1.1373169949377825e-131,0.0711948545642174,4.3432268732662116e-51,3.017339926819123e-37,3.82385763195752e-203,6.390115451722893e-09,1.1458265614047765e-13,0.08819004370937288,1.3407060495254526e-05,2.2568526704967514e-16,3.739236190555363e-09
sim_acct_0670,84.95480723664964,2.7998876936151857,0.2541089645298897,0.48633128206690035,0.1387144820852716,9.578529080986871e-23,1.0283576354565716e-36,6.600100260711345e-06,2.6927782012563188e-16,3.6959218002998616e-18,1.3239654627358613e-18,3.540220082494159e-07,0.3445859216994702,1.1626514780444284e-31,4.074396471967353e-74,1.1884510353031064e-05,0.04319693054559789,0.00041209145081823854,0.4398929033749064,7.756548484542154e-06,0.00013143849069761996,2.30200709202166e-76,1.1490205631269818e-30,3.5672032020524544e-05,1.4282329422555735e-07,3.7011538840373756e-10,5.955921042219136e-18,2.2557640860052734e-16,3.56209380902623e-16,2.7090248056982296e-34,0.11023587939595413,9.619788463026531e-05,1.0952411226215109e-19,1.2075188775481966e-07,0.003246712975894123,0.05813939302360568,3.0345474509059596e-43
sim_acct_0671,38.28970957910237,7.205556895423474,0.23752947020561602,0.5894982284454654,0.042064255678349566,2.9839224437264664e-08,0.0027499509117537707,0.0002155736024970564,8.625787446059336e-13,2.7859051869072358e-70,5.4635898626553515e-09,0.011668510355402449,0.36664498851086513,0.27976458808498106,1.0125485176441204e-13,7.8792280828635855e-47,9.1877866396656e-120,4.8056851373229715e-37,0.0026108990612161266,7.205243029188582e-05,1.274152614819199e-07,2.9998921774983862e-36,0.005101028769527488,0.129207978370654,0.1716870899971656,1.0236442155944172e-05,4.406900840111188e-71,3.4129370336441255e-68,2.0181249018173968e-50,2.3676424884263452e-49,0.030127119294314695,8.728167696962374e-30,6.513069373672089e-25,2.9511281116687187e-13,8.512695622658809e-52,3.392960165286968e-145,0.00013982144984029394
sim_acct_0672,7.1961347504777455,60.76690578117737,0.4530213876158631,0.49746911396071913,0.07815347055041807,0.1448454725883335,5.175073528802384e-11,9.853084511442358e-08,2.533286808166092e-32,1.9240914537275568e-21,8.241785744049959e-05,0.004086445941799882,2.5816653273001353e-49,2.1177335508114561e-07,3.6061416178133006e-38,6.835596406990962e-25,6.989813820303649e-51,1.4201228324762347e-16,8.613905152067819e-75,5.0207602694682e-65,2.3005177233380295e-07,0.29204572140061147,0.0016435024776129666,3.94900186516045e-183,0.000179915391813415,0.4331516332365786,1.2238480364551926e-22,0.09229122622925887,3.8824492834724535e-10,1.8966012493887697e-37,8.072991145291755e-69,3.982592213524852e-16,0.0015328893969319209,0.02098290353472287,0.009157331148927493,1.2378978547996918e-84,4.396276022679379e-192
sim_acct_0673,74.87678480240191,2.9830860531683507,0.30015843908671636,0.49108402186811145,0.10845765100927562,4.553384506047356e-11,0.36596186969475,0.0004195927172633937,7.414786278389017e-20,2.841404730452304e-79,1.037108700436244e-06,0.03690719033806926,0.007905066709036726,1.5944703226925575e-27,8.55621684178722e-13,0.044074664197480476,0.001254628528416294,2.1453513255476788e-29,0.37807875854660944,2.2020627546273016e-05,0.00024675476628769775,1.0607899160956512e-07,7.181443799495615e-23,0.004840096703771933,0.020582857385310176,0.007997638347411311,5.19566140652747e-10,6.695512781939585e-89,4.627387117235238e-33,4.2375809086579215e-16,0.04501169291727999,3.7717305860555456e-78,1.3702626068476275e-82,3.482633121772122e-13,2.1055240733474503e-122,0.08661184292208256,8.418184468819188e-05
sim_acct_0674,30.40755509818977,6.439210006858839,0.42330340805486927,0.4465280124249717,0.03566324696137817,1.6112811390629962e-20,0.0015119016822855394,1.3818199587255709e-30,1.2779703630267263e-14,0.0007971597922589945,2.204132728025505e-06,1.349505741142335e-19,0.003887327946497079,0.10523458467601833,2.4951979597902363e-14,1.7950056429581754e-81,3.49044049018508e-56,4.0804035109015983e-122,0.06135630387888193,0.07368258880583184,4.030595655131751e-05,1.8260127713835755e-07,0.013896153922386066,0.14408206142250876,0.3352466877786145,0.1581168892916267,1.5896748279000428e-07,1.957879905536055e-86,0.05403495118131278,0.002368853306342087,0.0025505936453929638,0.043190895214634525,1.182563220547837e-14,1.7004602560208743e-99,1.2683566065840153e-122,4.809814930915561e-31,1.9579731915165827e-07
sim_acct_0675,5.258274900625814,45.37108787029689,0.32224206517962567,0.5887641066309628,0.08326960126881634,0.18907837937245478,7.962134114315888e-146,6.218783888133412e-11,7.052338254974284e-57,5.003255629050005e-33,3.7250780919059086e-93,0.0007847429484750934,2.3787617739336835e-85,4.29936085582032e-40,5.261692898695468e-26,4.504603686596959e-33,4.193652831047374e-14,3.850828604629346e-46,6.704857434089959e-13,2.4857403198567816e-31,2.3664681148444353e-13,0.16499846796610257,1.4541266863588814e-22,5.193932924408838e-95,7.113570450945265e-26,0.12619179705180356,4.3655566735778e-25,0.5170845373149485,2.718915146328586e-77,1.761809041314496e-28,1.0947441499697379e-17,1.4774212776238452e-81,1.097049526484177e-06,0.00059924242753071,7.38144760144947e-07,0.0012609976612612181,2.9899580959267346e-28
sim_acct_0676,92.62929232227238,3.4060874713810034,0.2453164576206847,0.48446771689380225,0.12977804642612573,0.00020448290932289703,7.727530902523979e-07,4.842918423343129e-07,9.88337905617284e-19,1.8477771245977347e-71,3.9868946613324137e-08,0.023508217823012146,0.1422872405117784,1.263967566690917e-30,1.3625221425912311e-96,0.050494854986821346,0.10177285559766096,5.231439458206925e-72,0.4146250653844932,3.650687646840172e-05,0.00010027236585781852,5.160381086481713e-30,2.2020857281590133e-65,0.005090078716551826,0.001211979524246642,1.4545750862394584e-15,5.672576936412213e-42,2.3351720557360635e-14,5.440011117287371e-39,6.999514799999475e-28,0.061338986980396824,6.652866918007915e-44,0.0004903535340075601,0.0036789772189081264,1.677433464763729e-10,0.19515883048882668,1.7781449684292386e-23
sim_acct_0677,38.8212694679054,8.967507827883768,0.34402197740617,0.4019882021403645,0.0360930660927473,4.4771531085891594e-07,0.02956284619951151,9.941813800085784e-26,2.427109079168871e-17,1.091423190363971e-24,1.2470858098296311e-05,1.601635487381366e-59,0.046104766040028215,0.3311655954723775,2.705924745348091e-74,6.81593337769339e-37,0.014474251766031192,2.436605577284125e-107,0.0034002409590436094,2.0582164211559295e-05,8.936932226401598e-09,3.6753800015705924e-29,0.0008657939237492804,0.12740256373599898,0.30273505722417565,0.12442544018320323,5.1194706296563385e-132,2.670521124308744e-37,5.169096966385392e-07,3.814605146721532e-09,0.019809289895375167,2.4035969562521686e-13,6.447031741470907e-37,2.0124201410573806e-05,1.293770873704959e-139,1.6094992215363248e-32,5.569027405020307e-39
sim_acct_0678,5.638910958318123,61.11299733265788,0.2819198710577354,0.5144303326591615,0.10075736649324432,0.13341735233521448,5.785434912780086e-36,0.0006380151773547911,4.183597683902806e-61,2.0695240949182462e-40,1.5174575155753225e-35,0.05186409276970581,1.1732422994116281e-57,7.753610054127259e-60,2.563996458497344e-147,3.9085414201191906e-31,1.4881326958296714e-18,9.781135890524797e-09,1.102707544981614e-53,5.066517880829726e-94,4.390630328929383e-14,0.5021366233557788,4.252478930042962e-39,6.668764633102583e-57,1.341886224662982e-39,0.0908164910281058,6.794937312301241e-106,0.20867398007581717,3.0980165944226356e-24,7.773744248070395e-06,4.233578201155399e-07,5.422748295149803e-80,4.645320021386929e-21,0.0048480077384688925,0.007597230636306178,5.88197111604144e-86,3.663822816744113e-182
sim_acct_0679,81.91749727967331,3.729674074341862,0.23260531328541068,0.5270891240963456,0.09157462439233048,0.0014154463370543344,6.965728169848468e-58,2.2018965353069103e-08,3.375851190418682e-48,1.5838762588049197e-38,6.963385494949003e-10,0.0004381684002311114,0.02727378850983654,1.0672959832959888e-60,1.339720287167461e-187,0.4585954811484999,0.10323875017076767,2.2859678112939166e-31,0.2752909852748627,0.0005724449440627703,0.0002998025462638469,4.415716964333966e-36,0.00014214029060042376,7.258426306609863e-05,0.07563173284046243,2.0386241004100737e-23,7.797606966018569e-09,6.104291735723165e-26,2.6295579248844896e-07,1.0146384074602668e-32,0.056353691122969264,1.2226819600815357e-47,8.519836358211246e-17,0.0006454375803755307,2.0720992194822182e-08,2.9232381251691882e-05,2.4730867749964516e-61
sim_acct_0680,36.70116237925614,6.878931420815239,0.3754995665849833,0.5908593246717466,0.03822123008902051,0.13680225546141758,0.029461739140154465,0.025347332985255443,0.00034015309966106103,5.726896696464105e-06,0.0016101142233401753,8.104697773329998e-43,0.0175483269778133,0.13940273647681276,1.8288985971682348e-27,1.782181940284825e-08,4.055835815728774e-15,2.190455574114325e-74,0.03410836585723506,0.033351861991433814,7.62099259228871e-09,1.4596247199981576e-89,0.22572019506729316,0.16101143039331745,0.13758720946295544,0.03856072242803601,2.9743903015576477e-12,1.4615622037591195e-05,1.3417986916296373e-13,4.250727813661862e-36,0.019126917977598773,1.187372714637156e-69,3.715825630148254e-18,2.576795358571982e-105,2.8077568691348133e-102,2.7049301686168176e-07,7.562019132720932e-61
sim_acct_0681,5.1880531086350645,53.220781364695284,0.5749566366496742,0.5126884312636665,0.08065722036334635,0.10603109225659567,5.2465803391445994e-43,2.0271893993234367e-35,9.230211756392542e-55,1.0833552840856864e-48,1.160769796434929e-52,0.09273280958280357,1.1907322874750888e-20,1.2112914729502495e-45,0.0009917116000730175,2.326073889238232e-46,2.346652321041664e-69,8.621772652558134e-31,2.870791308606837e-35,1.1937883756973283e-49,0.01873005023735777,0.2942552174446282,8.606766102025296e-84,3.278422982160008e-20,5.875741058933832e-179,0.09637112572078071,9.49915282448019e-12,0.2757005988605748,5.535002114215619e-61,8.950615067287712e-32,2.042188560408824e-19,7.723448234301048e-14,5.101878608237356e-74,0.09285790808387226,1.195598166033687e-07,0.022329366643920896,1.584233485456005e-29
sim_acct_0682,107.64466482567806,2.980930255754885,0.23887882591768766,0.5378635850433943,0.10122672692117318,0.07098208334038746,9.063786604724133e-24,0.014447365208870471,1.0162876636836876e-49,9.174981827634923e-16,7.478524857514671e-05,1.4073454758790945e-05,0.19235960299309415,0.0005285617652017512,1.0531752998509656e-20,0.0013161477461016353,1.0909321048634601e-19,8.422688935099917e-05,0.6626693015345118,0.0021148281856544354,1.7585911324271283e-13,6.876680319312666e-64,2.6592130634535163e-56,0.0019869844095084066,0.024882468462111295,4.6835288164295246e-32,5.818651376554107e-22,6.179533007563589e-13,2.451748924938919e-16,5.7527623001530086e-130,0.00041297755737349884,2.9951619332602905e-14,2.3207652395310283e-28,0.001969664766025666,5.945538302809453e-40,0.02596351056480413,0.0001934178728454013
sim_acct_0683,39.60487069590527,4.965895045783683,0.341353447546885,0.559222457872418,0.02883249225784406,1.8299658127709365e-36,0.002343057454897425,2.3388076706347905e-35,1.439756630720877e-07,1.3069710025538378e-78,3.6951847716850145e-10,3.026977153409399e-30,0.0005738184308853895,0.05138383022368108,9.223048401124266e-48,6.143103997046237e-54,1.0895441262918153e-39,0.0001713115264097046,7.146870094879797e-05,0.0038598555939791685,0.00046735426459570923,0.10984052298381626,3.533160057129845e-18,0.15754004212687125,0.052580909211911796,0.10479481479984837,0.4723089509763792,4.966074124154167e-195,8.0033186107652185e-19,7.50356897394383e-22,0.043964251778715296,8.788189724866365e-11,9.966749399721806e-05,6.91286090151191e-45,3.092205432456304e-22,3.3784839387161972e-68,1.1850077980621336e-41
sim_acct_0684,5.668726184538897,54.94206154343171,0.39915756872140884,0.5260273957600416,0.06370957813898499,0.24839333253629864,5.138146161080832e-86,5.986347299223885e-38,1.0336428250165536e-76,1.2797415646126408e-97,1.1791407058017577e-44,0.13774360903766972,2.595345107172102e-23,5.2437854680149796e-36,3.3496317405392e-12,2.4647521705194773e-21,4.4772852720767855e-154,7.513232933908523e-08,2.7695979265890157e-39,7.215911597242328e-11,8.288545229075561e-64,0.1604800489236898,0.004002904511507445,6.756176212118221e-63,1.1287744552012947e-12,0.17821440923909596,8.854906685012604e-06,0.2376335083345811,1.3696550473411764e-16,2.486561524606015e-08,0.01365154941123821,6.997769985626112e-29,0.0001008116486861971,0.01868195934711236,0.0010889120288531983,5.58800011143038e-55,3.1353342873254163e-22
sim_acct_0685,108.25149986355798,3.08407758907642,0.31547429399229726,0.4835732824973528,0.13217547948934555,1.8359262888200002e-12,1.5287018583109102e-33,0.0007896828068156778,2.780382649535502e-29,3.12934505509166e-12,8.592855064229914e-09,2.298014840304697e-10,0.024589597427655412,4.8068149174071185e-20,0.00017738450218427563,0.010732316205552466,0.014161022735505957,4.691633041553886e-28,0.40576161848524595,0.011407536262811128,0.03342316261040198,1.7608796156057703e-60,8.955400232342675e-18,0.11236954093748877,0.007361528688103136,9.94497706187806e-48,4.103112368416412e-11,9.286706452387551e-77,3.326692319217131e-95,9.081323031118174e-113,0.1935426079605507,3.0277965237351172e-49,6.586261292333846e-130,1.451510640555899e-15,5.375665870480464e-96,0.18568399250903003,8.512217979641321e-35
sim_acct_0686,36.07491470388752,10.620533692514853,0.3631841814911285,0.5091208168428497,0.03265343961705401,1.7547525587083224e-15,0.043362589306308666,0.0002499710082795881,0.004335658436380778,2.1155266337335323e-16,0.0006387420405632675,2.5927151307725203e-62,0.07550106297080517,0.07226233557364363,3.222247302725697e-12,1.8226159158447292e-07,0.00025033493386584116,2.684660480488599e-19,0.3553883589309062,0.013852086918003097,5.610360447038389e-06,4.220495340052242e-37,3.4012031290346404e-29,0.20994991216870137,0.07970587621481068,0.05122948809844832,1.2004105651400533e-30,3.102171474140287e-14,4.138928673785298e-32,1.194774270109079e-65,0.09310212776181323,0.0001644666660778383,1.2473867527396222e-07,1.071607423269635e-06,5.358658688166064e-21,1.0890475360048347e-100,8.948798512777197e-63
sim_acct_0687,4.953457011334618,46.47848197413071,0.4871098197467913,0.7633882201841775,0.08003814318386827,0.13241277866331164,3.105582560232276e-76,2.1648833004625892e-17,1.4732186920561524e-37,1.8502393972686795e-83,1.2152537106824328e-50,0.0038688926528751633,3.247287415045736e-05,5.078046800088676e-72,3.1441146531720265e-41,3.529849101149418e-25,2.525055547220648e-24,3.7168127063217152e-90,1.681325485523907e-92,0.0029956697109208585,6.426227547049691e-20,0.07480262127215688,7.189211728043113e-54,2.7426299835210977e-25,6.78916614501331e-41,0.2805446333219941,7.336743510523315e-34,0.16774069741315692,4.677491807396859e-73,1.971156944212999e-75,3.216952019412228e-23,1.5328656285396132e-52,2.4049936230730517e-45,0.00048536858517317307,0.33711686550626074,6.398098035547265e-31,8.607429666585865e-25
sim_acct_0688,82.09739615194482,3.171986709284634,0.28108281916659705,0.5093781877940727,0.12868637116725593,2.8256211380071207e-08,2.608363340055504e-61,6.122091925320004e-05,2.3369678800873587e-33,1.345613713092457e-31,0.011774750026153422,0.0024561254273831514,0.027674278130983436,5.5542050949010755e-43,1.7242585639554143e-06,0.00017272925521432116,0.0005136516379801363,2.966469981024803e-35,0.6597880219602618,2.1345537072994113e-05,1.0485794805977095e-07,5.96218042731139e-40,6.632999433239651e-78,0.06423290777362513,0.00017178014473484703,1.0879762975804976e-06,1.2784785116021115e-26,9.862814833092232e-156,5.5264061998084145e-43,4.995120446955991e-65,0.0024444426477914375,3.2846758692784066e-82,1.6135971664343543e-10,0.031805196656108835,1.328170738497586e-31,0.1988806043730565,8.938894944567461e-20
sim_acct_0689,37.98937518209912,7.35463633578948,0.3646861584441434,0.46783037568484975,0.04197395338060994,2.3331821682397022e-89,0.0313765092252398,0.004541193129969146,0.00018694486024083406,0.0001008861235790504,0.005378997280654172,5.9468894565520795e-65,0.0034052374546884277,0.30810725998130833,9.621510074844843e-101,4.167938342373522e-14,7.540981637128883e-122,2.3090662724452084e-42,0.003988066031771569,0.0008828702584193338,2.7750087411500398e-05,1.906267218109284e-05,0.00021478017542143443,0.36982805844514466,0.1846875135759692,0.016741107802722588,9.385667920236778e-44,1.3640618612275205e-164,3.2012134493019625e-44,1.0015085508418723e-218,0.07051376289523714,4.246901495536648e-94,1.6153607805444804e-27,1.9166915669801938e-23,2.7930411753143378e-36,3.396543468067587e-17,4.347858668712501e-20
sim_acct_0690,4.602306314112293,64.23851848562873,0.43712540428965124,0.5942939803870029,0.0800481937987785,0.21085121463154266,0.0017826742725460388,8.002521682639457e-17,3.9508070963304125e-180,3.9021505669091283e-44,8.779280824822191e-14,0.03092564142492179,1.2336043323544372e-76,1.6950765339016335e-55,2.1255876597323966e-88,1.383876774574356e-128,3.2496304014926775e-13,9.835363730694797e-09,4.7932356592831193e-88,1.204914030515311e-92,1.1579964145157917e-83,0.20270760829083867,1.1841676578482818e-47,7.670268655342387e-20,1.5457638391966167e-58,0.12972056842493454,2.1108580584279977e-10,0.3985391621140294,1.436717905418587e-96,3.1656994876621053e-53,1.3376998745636403e-19,5.630137653182913e-249,2.3157266931829785e-10,0.024729563666964105,0.0007435568757765841,2.0011257339186453e-11,1.4198559446346726e-85
sim_acct_0691,110.64988993738945,2.615260591073342,0.21258705137013503,0.43610353336530944,0.12991794097087794,0.033017230760758236,1.1481216384832902e-50,0.05543925364335484,2.327410754127933e-69,1.702314558327598e-22,0.005001068489836387,1.1418970581786401e-08,0.026527221848093252,4.5497204372107936e-07,9.177385699471688e-133,9.889852487211437e-06,0.00025276207289478593,2.3463944452479424e-21,0.1502296339680585,1.0996262789081738e-07,0.03621182954842315,2.1696756268133957e-19,1.4855481053032007e-50,0.06837809779784805,0.23941451777021935,3.389004592772989e-30,7.18926737934502e-11,9.576875476466776e-12,9.521384399136073e-110,2.291785111918801e-90,0.20421958832064596,0.00014423312468856897,7.476020528694691e-120,2.671214822587623e-05,3.5138232397031474e-12,0.1811273842158401,1.1750193742455524e-45
sim_acct_0692,34.84716617999521,7.036930560769342,0.4168402714154499,0.5487339190740698,0.036158995458778674,3.455366600134018e-30,0.158383786217718,9.60302458096789e-06,9.36095408921366e-06,1.435368814863901e-55,3.073684113957167e-11,4.300232637248385e-12,0.00010021134285036215,0.21471143827298977,3.2989753645086517e-37,3.296003880620264e-05,2.670323631896161e-34,4.6643206564151705e-08,0.021259456100707317,0.018395910379707624,5.066562180470446e-37,0.10257599961794536,3.1078137470839995e-13,0.18031482280524705,0.26320714693200176,0.032300379910723515,6.268092779545871e-17,0.004482800626827484,1.723392664279809e-29,9.953064444464168e-07,0.004215081790394785,4.117754387059973e-13,3.595370955767559e-17,3.678747786008402e-32,6.892276413314942e-30,2.160154276862694e-21,2.122801588977271e-17
sim_acct_0693,7.060087300323545,58.689987215686656,0.46374784874162644,0.564748431920776,0.07367598465688482,0.03933002847306448,4.358161899978162e-47,2.171532858846795e-06,0.0005756333787785142,4.158750535066577e-74,3.618889307577601e-06,0.00300703166872337,2.4930860133120965e-05,1.3400620701329619e-58,1.1469087523759975e-23,1.993766294919932e-43,8.891711821642028e-84,3.088352734269819e-48,7.871427909748552e-56,5.265692238963497e-20,1.412038924879901e-71,0.2691447538313119,3.564406398399487e-31,1.0343408125884505e-13,3.158446740531063e-16,0.1418048328883991,5.857479947829504e-63,0.33558782036174645,8.20236823767996e-15,1.9248501415858087e-49,2.6625992228320656e-07,1.9053306445445054e-52,7.176784578381743e-150,0.002379987167941754,0.20813892468770062,6.774445039402717e-108,3.0152616555400444e-25
sim_acct_0694,91.57129998949877,3.4007052507037057,0.39835504725495763,0.5817355633992815,0.12564588096238818,0.0030229083493738384,1.4336876658767237e-30,0.0002754305011329919,7.263355815007189e-34,3.122972801683148e-38,2.889691503770134e-05,0.0005531048848544811,0.032763607346236415,7.029179289439636e-14,5.301316840833223e-91,8.722726074586777e-06,0.0656234733536574,6.3320437852798525e-49,0.2543535451000113,9.061306928224376e-06,1.6855556183797006e-05,1.6562411082405635e-40,1.5901900445720578e-80,0.3447658861417181,0.0004440652843366433,2.0389789759442684e-30,1.8305876552885595e-06,1.3433969017477217e-67,1.450183005923772e-35,2.1085950973112527e-138,0.00017603931813329958,8.470360359847727e-57,4.027725960584224e-29,0.0002569813308434725,6.343462861921633e-40,0.29769958884971187,2.4480401967962027e-09
sim_acct_0695,32.55168649593966,7.709122860161205,0.40232457094692986,0.6917540141046429,0.02962650901674601,3.106140959406853e-27,0.0412700308935644,3.053943503311019e-05,5.1875803304719415e-23,1.9101203399894738e-43,0.026210790072498668,7.413673623709965e-89,1.3704818203979388e-06,0.5341475622751187,2.6851897609186633e-135,6.655387015732949e-50,2.219257121533599e-82,4.6385018520653287e-23,0.031210523650562132,0.07343907391620531,0.0007366829458862071,5.166873625816418e-72,2.303883288438416e-06,0.013311187215407493,0.2469313716653302,0.005056042938750092,2.636299347619588e-103,0.0014730390925866016,0.0007756819115091972,1.5684000743301897e-29,0.024374326040554402,4.1165946982717267e-75,1.0356264571919355e-81,0.0010294734364130291,9.932904764628006e-70,1.8252076753656583e-13,1.4528907930265547e-10
sim_acct_0696,6.58368498174786,51.40838626978676,0.4422171688621157,0.4683718843599598,0.06508005088797898,0.16536900176854682,9.096822296742751e-212,4.8706942563593675e-18,4.219946857850278e-65,0.012255140701051997,7.216982515091811e-14,0.032085164130964836,1.941151848068754e-17,2.3793264127292303e-37,1.5986028003957828e-15,2.643670680344148e-14,2.7253734950364982e-76,4.678462645139109e-21,3.7021345390654554e-06,5.759325624698701e-39,4.292597975516848e-09,0.3212941549769067,0.05100114972528857,1.650266451203958e-25,3.36359798702278e-31,0.2563850868468212,3.851043622804841e-21,0.07122214839537624,1.3613093288321175e-08,5.798956383513091e-16,3.3858878510345426e-84,1.9620821858496608e-26,2.1639677020546114e-08,0.042508398098838995,0.04787598373645744,2.993973892470677e-08,4.324626910683483e-111
sim_acct_0697,95.75515541164697,3.0198033892970852,0.2451223685465286,0.5253903655050114,0.11928127145880989,2.413182191834657e-06,1.5903694886341425e-58,4.8194089200710233e-05,7.443188501637632e-09,4.886451891701405e-59,0.0006920560988095193,3.1833446637398704e-07,0.05898629528521514,4.93093515022922e-15,2.8536661097089276e-13,0.038279320062094474,0.013313770154055602,1.6317400342172766e-24,0.5471015387207726,8.345306246511927e-05,0.002440189760035412,8.409257585537178e-10,3.0006262941236976e-11,0.06278667402557837,0.04906172441099786,0.00012657329339215272,5.717402449810565e-10,2.5611104129214906e-41,9.337548876628849e-68,7.49282168024246e-26,0.0005233668631396471,1.1875585552051209e-116,1.228730421939411e-10,8.314378834020783e-24,5.0892865911679335e-93,0.2265541036485613,5.951855721107867e-44
sim_acct_0698,40.527694976323026,8.454783148161384,0.38010653443830883,0.5507793762158157,0.02979971342045973,3.5779933329119364e-11,0.038069308518530943,3.0357698943866063e-27,4.0098734787604374e-18,4.575252398406594e-29,0.003870560665833228,3.7684653501107025e-79,0.0007758275768177142,0.33166575019585126,1.932734177519744e-62,3.965885786200042e-28,2.2799426113931668e-23,5.913477393397011e-28,0.1372663560342727,0.019740231323297597,4.0430142733932774e-16,6.725266746304674e-89,0.0026225993082484595,0.19213396485781914,0.11149178327866655,0.04180130270204262,6.611258307868314e-35,1.1333653906289882e-81,5.039961487809272e-104,5.149284922209955e-34,0.12056228720464805,2.1572378914791998e-110,3.368395296393795e-81,1.7601283637681576e-16,8.239381629441912e-09,1.3585099804071565e-56,2.005880938592835e-08
sim_acct_0699,6.37407610995461,54.1925767529938,0.40051425064289764,0.46544524324988473,0.06873858690836668,0.45334405036864744,3.4548417965494196e-26,3.8602515238882485e-95,8.112047320913997e-75,1.1356647680785869e-59,5.038792226025474e-96,0.0003328925344290131,4.422263925956609e-20,6.4710528421124295e-40,3.9060202087812685e-18,4.2066997868158067e-35,0.0027164975306140367,4.062596948070892e-71,1.9476217042672892e-95,9.442823970467956e-118,4.824678431728354e-06,0.1533733839722023,0.0065348123470210335,0.01775054174044931,4.399083449964739e-20,0.16759817053201362,5.315705351805548e-13,0.19832792195517226,8.469150860075303e-66,7.414108257143639e-28,2.0481784698099675e-17,4.3151840003203685e-29,3.768151141613058e-122,4.32897563539367e-10,1.6903907589887197e-05,1.3221024807675475e-28,3.811202552029657e-34
sim_acct_0700,89.74905779053063,2.997535306568158,0.25015733653469086,0.47266153002973543,0.12120662693338645,1.2537955436381745e-05,5.801784155854247e-71,0.0002265685537399677,3.627365612998686e-42,1.1003966101473068e-89,2.3409413558646046e-13,0.006756766301313922,0.09739532153619618,9.392963018435214e-15,3.62656302543909e-113,0.1400422709243646,0.015079225697277676,9.787585764745209e-13,0.380735825671082,0.007368586515553792,0.004822204720125757,1.783838590448421e-21,1.2045851408385737e-32,0.02224143445616976,0.0057337621294488526,4.103127775649497e-05,6.423141586951605e-08,9.374699776324433e-268,3.421465937161494e-30,5.905197481882958e-184,0.24413922955774,1.2275480222354571e-54,3.50711815790243e-06,1.044268078772972e-07,5.231298202606423e-30,0.07540155892619078,3.4092092117954494e-34
sim_acct_0701,45.26791232873963,8.616615123224406,0.38632774509961487,0.47390082176624193,0.034924563315211266,8.606844961910151e-106,0.01992905815590285,4.9841154695390976e-64,0.009616508985547835,2.1408029615746987e-28,3.5763085490469936e-09,2.4834366718126307e-106,0.02353911664063654,0.052806843772644094,5.4778844770281015e-17,4.880619328384329e-82,1.1170457835704818e-66,2.115726361391071e-08,0.1283577000156469,0.12180465104228487,2.5196566291290462e-18,2.946138348793148e-32,0.1897693929366197,0.20472050421160293,0.17773147756949803,0.05320661416049049,0.0001369731176240559,0.0035137547547530244,1.6731712256375155e-34,8.474787162350836e-12,0.014135958489276255,4.719034351102418e-22,2.1913352344653576e-78,0.00073138563389975,1.1263594718196748e-33,3.577152546169584e-08,1.452126812039762e-32
sim_acct_0702,5.9549872559557855,66.12691394550066,0.5861278681579514,0.45074960598447794,0.06111551883701924,0.16084313634965147,2.141893645462839e-06,1.6207085138693467e-27,3.222885366153806e-130,1.4633907386151212e-114,3.944124151876114e-06,0.0006103179602054597,3.0355819669051018e-61,1.9165395408667988e-81,5.623932521175004e-38,1.6626642647258313e-29,1.153494774203968e-78,5.4066891550069736e-67,2.3491155085261896e-110,8.9917560577921e-83,4.5788007307857015e-26,0.07398642452399959,1.8724101208117724e-10,8.804709959406429e-48,7.92931979867823e-16,0.012179467853272872,1.8274099467842857e-80,0.7152466202087927,3.6493267176673695e-30,3.954638159659929e-81,3.280988305804912e-36,1.4529800094315166e-95,3.963729059319081e-29,0.00033092727621964575,0.023796420841464255,1.5739167299083863e-137,0.013000598781354988
sim_acct_0703,114.35322192397417,3.1598553674730505,0.3249931199699412,0.47346049773786303,0.09695555219632021,0.0001056184927238991,0.0035105269593053642,1.2815616223688156e-14,3.979756263489208e-102,1.3235076601909775e-24,2.0887182310710782e-16,7.488825954795751e-08,0.04786408488952442,2.2827380463782337e-16,6.410244783370237e-52,0.0005745712897488742,0.002411212005196207,8.05363011928742e-30,0.48088016237694026,0.002173538453072514,0.0016582124464625961,9.714415090861836e-123,2.261207716730187e-82,0.009008346835196907,0.00101149840617839,2.9315979256222407e-12,0.32942015015244736,2.0942155578204194e-144,1.3491100758801064e-48,3.820272894979598e-27,0.1198549337199855,5.6485841859271026e-11,7.693571331505472e-07,1.106364549619404e-26,3.3546667613558377e-43,0.0015262996659367672,2.457528371362785e-12
sim_acct_0704,32.95929525298295,6.862607235692017,0.40496669841903826,0.47061751161588716,0.03498757039641334,1.8589745941990844e-18,0.1224895570771151,2.4252165269053818e-06,0.0001280392207582497,9.242185572869007e-49,1.0454855822054596e-07,0.00555143594357491,5.837181122825256e-08,0.2007930709642551,2.8787887433175707e-12,1.9372123737142168e-91,2.804844926363124e-58,3.620466501576668e-14,0.15930834438333408,0.007736391451886407,5.205008374428693e-07,2.416736284262361e-32,0.004231420015490176,0.194155419329788,0.26200713096581835,0.03492921618172174,1.3995359218332478e-30,3.4150827042909574e-48,8.718178873494967e-90,9.113877968754996e-20,0.00866129910003017,2.543124030570188e-111,9.885431364357968e-36,4.451037955425463e-06,9.99286280126095e-22,1.1156876233607232e-06,1.0924716699300232e-85
sim_acct_0705,5.352118392535659,50.395472711987324,0.47125371020043066,0.43377753344823106,0.06684143199828739,0.09402355298391553,3.449730205179478e-17,5.490326405126988e-56,0.023331606079358542,1.0568039907087742e-14,1.2555852697440887e-33,0.03040515559301878,6.814252917902104e-16,9.696006542221183e-111,1.2749234215784834e-105,1.628561393214888e-92,1.101557562562156e-50,2.055326085796218e-82,4.428090685245064e-70,4.167702527554901e-47,3.2396597248245742e-15,0.04764383964920139,1.11240461775095e-96,4.090344678244045e-10,1.9778259959597227e-58,0.1282973569868038,2.653813691818852e-63,0.6201903802193568,5.9434102312877e-15,3.1462209425651017e-13,7.179517614402451e-05,1.433444871115788e-22,5.880797280626485e-137,0.0006086026904103599,0.05542614271719123,1.5674952299559108e-06,8.436269028315342e-21
sim_acct_0706,96.92755679560723,3.6013236083741855,0.32585520565148796,0.3843169096607481,0.12787581207429818,0.000590608236057649,0.00026715923114903063,0.0001716125737958785,6.816567136352746e-68,7.078038056506495e-48,1.620649773207919e-23,3.2031084542977166e-09,0.0009444004105000928,2.4865173971678177e-18,8.666253571464579e-15,0.0030221532781148468,0.009700983833104979,1.2877569362857747e-146,0.49006207790007006,7.487930774024422e-13,0.04255266442646108,1.753407338628761e-24,3.1868069546472e-38,0.12533953357856334,0.026969069580191192,8.045308833201729e-10,3.6562521930839697e-11,1.5461821162385677e-58,4.206833360321836e-260,0.00030287982116186283,0.05352392339349548,9.868796496268921e-06,2.5199564718292027e-29,2.2196905621036872e-07,0.002699130561321604,0.24384331759737915,3.9076812196209555e-07
sim_acct_0707,37.453828015257656,6.12402004441154,0.3144626743776416,0.6378740463121518,0.03157450215697743,0.0006865682514684986,0.007703420873189375,5.74814683502478e-26,0.0008460328097562448,2.2227626819022517e-62,0.06341617783311271,7.94715444478597e-151,0.0418986642732515,0.24138860446742966,2.6371666971648776e-80,2.2171321146850488e-33,8.294091391308583e-15,2.8027379815751755e-21,4.8783964641929005e-08,9.981324117010924e-08,0.0007835841640311787,4.4826658314242374e-54,2.877796896071423e-21,0.09868448793894717,0.017807883247589577,0.06572538480895017,4.379880766970854e-44,7.253954625587273e-33,4.369847204834719e-33,4.8481937405384394e-58,0.4438467470875149,4.20068674314416e-25,9.60486184432872e-16,1.4195437396415395e-118,4.507388063665718e-47,0.016998811455103163,0.00021348419244062805
sim_acct_0708,6.307131664555038,47.7134177328201,0.41543085634326093,0.5456870708837412,0.07151597395453813,0.1893272310474323,5.3438188975979236e-12,7.518858111983546e-16,5.5191161720738105e-21,1.3282639046841274e-46,1.4397715716124532e-27,0.02815761016703426,1.3358559894659226e-56,7.1079343408049745e-68,2.0686839187706932e-151,3.1116144952286285e-81,5.643032687449842e-22,7.550620743870274e-11,0.020355010413222418,4.484476492144291e-108,0.0005972179101730278,0.13107729167079166,2.9847123016858974e-18,5.371415624626252e-171,4.2647484085843195e-59,0.020487508842670518,7.361423629906623e-22,0.49870286231527744,7.995263398655452e-13,3.810400628950592e-64,1.7006715450032686e-67,2.441534818137747e-126,4.960851954038509e-08,0.033325090256382195,0.07598992596232938,0.0019802017245168736,4.312269625761886e-29
sim_acct_0709,94.86084911873779,3.026693697784149,0.23356265648846278,0.5695580865399981,0.15057419641321132,0.0007000556137096571,1.7312131515286265e-103,0.0009880519247269382,1.476778753510251e-23,4.018207611258106e-77,3.394565953606538e-06,0.1274796107088282,0.073539657547122,3.2021523546680715e-41,1.6861892197372268e-35,0.040974058794458666,0.29048507394248624,2.600620763797796e-12,0.36771894313064685,0.045861733079793916,1.3080258358513252e-05,1.2046373332609094e-20,7.996735888100208e-19,0.006472926252934419,0.0062962862536046025,1.163175339416441e-09,1.3104970356989568e-21,0.01956981744589408,0.00010595728125016253,4.2255487194021485e-30,0.014501483481640896,1.9376281472347104e-27,1.2577406847608113e-23,0.0007008491134108377,2.766034934314728e-31,0.004589019439404058,6.049529252310399e-62
sim_acct_0710,41.476140889856126,8.010849789844885,0.2944739613967198,0.6113000814757372,0.040266532462920744,1.915301678391681e-50,0.05224589184218105,1.0659485701027438e-56,6.684704431757809e-17,3.8009617511497505e-14,8.6456583846711e-05,2.9096150824791474e-24,0.02352442009577664,0.09973250999078705,6.802239060682628e-80,2.4876568071268033e-30,5.4787270103594e-154,2.2222142553231295e-07,0.11934103349741569,0.0021709405789711667,1.7129773778829603e-19,6.764231093700254e-161,0.14150208090363442,0.11052785810422786,0.1521396009344643,0.011482157412490855,2.141689837956022e-51,2.8996139366360014e-133,4.7030094156911026e-107,1.2958545288303406e-88,0.015243212612470504,0.2719000531797732,5.563730333436799e-84,6.042893657125929e-57,6.287684340556492e-92,7.129497382484669e-10,0.00010356132954720458
sim_acct_0711,6.664099898135372,66.892901600939,0.383102934558128,0.6323769823034799,0.0757933634662136,0.41398151882297124,3.569004055775812e-83,4.4149742643858926e-76,0.0007423542104923276,8.222549200655457e-14,0.07774696616931323,0.052560314796896476,2.7601501744086915e-59,8.737179580382435e-39,5.339564684459322e-31,4.799676788174796e-80,2.0291898566102394e-24,2.4305750769935543e-61,2.7013566438830967e-06,2.347684735703827e-78,6.6556140502672e-72,0.19770257998751486,4.829284187611588e-143,1.9818548840705995e-101,0.004637937208065971,0.10802528539134487,2.1553907219011805e-10,0.04960040051027541,3.967534212726299e-05,0.0007785250592393826,4.319568530800162e-62,2.029733502015094e-29,2.1582183952034793e-57,0.09397092531187198,0.00021081561762020394,1.4018222664073686e-15,1.592761876528755e-65
sim_acct_0712,90.64545650826173,3.1665632781778474,0.3004488582056095,0.5022111960513272,0.12521482326815747,0.00028425981281482253,2.679453953829452e-32,0.003858623768172423,5.5602609985149964e-08,7.833330370960668e-21,1.9049946241669574e-09,0.015910352098101814,0.0037714577567119958,5.878898813419166e-21,1.251629229301225e-28,0.0009276762503903634,0.021128566824984957,2.2669502651626887e-44,0.41074297632311474,1.0405775394737898e-06,0.15800154189369153,2.4794052773466593e-61,2.9736538817869277e-79,0.0015680722351119798,0.21724555046770885,4.2358250899690744e-08,0.00027653990302905194,1.0564228961901273e-27,5.397387347423543e-25,1.3374120473501937e-38,0.03479417787910537,8.705014687826311e-22,1.8923481160180995e-05,0.0004556653570432944,7.389038670553385e-95,0.1309201429581703,9.433254729323037e-05
sim_acct_0713,43.43643307167098,8.101239921955807,0.38595659624648243,0.4677074004333477,0.046687364850070946,6.148016662485882e-63,0.1534999228106575,0.0027492483105380277,0.0016360280828974308,3.1656152092709716e-103,0.026643971075502756,9.719188073098291e-44,1.6747627246550057e-05,0.140568399459573,6.758156066541288e-71,1.1054941524365483e-12,3.3664287917089715e-39,1.199456531258747e-09,0.00018402519812932505,0.00046038012300656206,5.204027492940962e-12,4.138618810494925e-14,1.5692891485990156e-09,0.2359532902515203,0.38269277295622744,0.05558763986970134,2.6573074922022243e-16,3.5235276390171477e-07,1.7181512520825313e-29,5.707905229867461e-49,6.57695333134312e-06,1.6797132833415793e-71,1.4557536797774427e-140,1.0510893361933722e-50,1.659951363624468e-50,6.421538078686089e-07,1.0365005549848367e-89
sim_acct_0714,4.906443507771545,54.29586326903589,0.42571017234328257,0.5238544017922507,0.10383431748809016,0.3045622568460052,3.6076606500646735e-17,9.358438403448445e-21,2.2366438911197332e-27,4.774357929150564e-37,1.0193271659329086e-91,0.011087301259614525,1.8651027485698596e-123,1.8875171358858713e-12,2.989620179109734e-10,9.859391619309413e-75,9.529999567750994e-58,6.733216600563756e-18,5.387308976585481e-09,9.828468659396125e-116,3.4249160458383893e-138,0.06934665505304284,6.328989175042955e-07,0.00018513813391216063,1.9938275369906124e-96,0.007415364055487973,1.027019382930532e-17,0.4465179665776902,3.331912755051784e-63,3.4062071513869634e-31,2.1741185328739835e-90,0.11698182326633703,6.1059388711449526e-21,0.025655159386344915,0.00010944021300519795,2.029427735545786e-98,0.01813825662148367
sim_acct_0715,77.51633556629046,3.1063998057927127,0.28893537666093916,0.46269826064861663,0.13480850748665052,0.00027176646709956654,1.02056279627031e-16,3.1036910798879846e-12,8.574308925842103e-55,9.932748889143154e-05,5.642473039039223e-11,4.455699798274509e-08,0.12894999247208822,9.8769652632617e-26,1.0071095340054692e-18,9.894093512756535e-05,0.00021338856139157167,2.4188225855443527e-15,0.3828528871348813,0.004308675954868887,0.0002915532727328831,3.412049086381456e-20,1.3462465216612409e-09,0.2069358180890222,0.11870856600510166,3.024275899795614e-08,0.010566364611511801,6.588496666809252e-18,5.708866363633132e-74,1.1703015079727849e-145,0.00018441915736005425,2.1270833938592112e-13,9.816267191223337e-56,0.0003398059941976854,3.5315585549224734e-30,0.14617841764997838,5.499680045057434e-38
sim_acct_0716,31.98589472520009,6.256483606277009,0.38288306096602903,0.4622157803995812,0.033871842834610956,2.849772845948824e-21,0.03121324845302275,9.769486913412957e-05,0.025187730905446338,1.9709999677057617e-08,3.357356816891322e-05,5.953458953130097e-39,0.003487003955127782,0.2731149602114776,8.976116538187746e-72,2.6500535571329228e-49,2.393709805793256e-121,0.0009495654912964927,0.04304669975098746,0.09095654205280049,9.008129004379235e-09,2.9191741512894865e-19,7.523301846600705e-09,0.1408387587719969,0.2667567095769219,0.12365448928855906,2.620690041102278e-17,2.0005554498730956e-82,1.856484169226008e-46,1.6623684395970197e-29,0.0006597708182584851,3.794578541463008e-13,5.09251551436458e-117,8.179830506785462e-21,3.216044817595179e-06,9.393444264692193e-61,1.7413298368903722e-13
sim_acct_0717,7.333244277738,56.49101147406604,0.527706047769966,0.5290737603847593,0.08075928519490869,0.3473198190061539,0.013596898721282176,6.0249365136354e-58,4.7659992235254324e-64,6.16768203068213e-29,2.8215311796722464e-08,0.04977861862369952,5.742800640221897e-40,4.606156377838412e-80,2.071562094423075e-19,1.1135810818314834e-125,7.150370749350279e-20,1.7171271510167842e-14,0.0033825301395234084,4.104771980989718e-54,2.7059673831926656e-77,0.12429331429728828,9.075697509241774e-09,6.012688484949131e-20,3.466850181941376e-72,0.14179320275662913,5.5882504358824885e-05,0.11541494382537325,1.0544423835863019e-18,4.412147862246857e-121,1.385668955080752e-29,6.054398282323357e-48,4.5158312228442473e-11,0.19073589617672695,0.0016072449464251425,0.01202161166635464,1.0644697567863023e-68
sim_acct_0718,86.55308122358305,3.5414945958132455,0.343866324206378,0.49307757738842656,0.12359920238719521,0.0026623804966029838,4.375226752896687e-109,1.5808127045086732e-08,6.832080441153223e-19,9.292738475046861e-43,0.0001367926915669077,0.0918774402652026,0.183194280279455,2.2573794798636618e-76,9.152432474405134e-16,0.03668152214871318,0.05363723895319501,1.3198826169277273e-52,0.2822240706663521,3.597747187794842e-05,0.0004208816270492402,4.066583628666856e-10,2.957298393837624e-05,0.3165822284888084,1.6965389446093512e-05,0.0013389956093932548,2.2573289235761962e-07,1.854410243272338e-20,9.149683111357575e-22,7.951465499384479e-128,0.0016340928116903382,1.1791834788166504e-39,4.08085464295982e-56,1.724532512535945e-10,9.534951755029614e-186,0.029527317996576666,2.641320139515363e-38
sim_acct_0719,32.87042645642801,7.093078027279786,0.24839784657696345,0.5215869555489607,0.042779804847269585,2.656648101241307e-59,0.03503092267513266,0.00014166856174659568,0.5282973994045587,2.534237271499339e-07,2.4776716779508297e-18,1.2610514404739292e-34,7.2316300779016506e-06,0.1614408729618246,2.6222539289097957e-40,0.0010683326541671536,2.0264951122667204e-37,5.718089240781392e-13,0.02247115678474939,0.004506732589573599,0.015616251259598429,3.650878789079338e-24,0.0014175160642055508,0.15225981281687248,0.042889893942141426,0.03484606501644437,1.2650797387001125e-83,4.904426031342441e-19,1.207687465250163e-60,7.834456099025423e-07,5.106768997485686e-06,6.593092060783877e-210,9.797655321359576e-16,2.280861222161717e-101,1.7844594072086483e-100,2.1437138317870586e-32,1.7797252821789778e-25
sim_acct_0720,6.063170387711772,53.02503729986755,0.5076190613008115,0.617358533576126,0.06969254806728527,0.23418739397769966,3.210262541716429e-65,4.712482012142261e-58,1.1267160008613629e-45,2.4837551842075666e-65,2.0955619125898767e-35,0.13367334982989043,2.408706631503495e-19,7.29361848833804e-21,4.261531609996311e-76,1.837784239217029e-61,1.2898916036013342e-23,7.246600327174087e-14,3.0831203315412074e-36,1.3107242447874393e-27,4.742619587958091e-77,0.0765203786175699,6.613880341848841e-09,4.0945656585722967e-50,4.337933263758707e-88,0.16307238187709452,0.0007223909462298528,0.3905924369482384,7.685492269525198e-58,1.6909722198063927e-22,5.937408887740819e-29,2.6854811660337147e-13,4.849900282852505e-65,0.0009533255060669218,0.00027833568298889254,4.9480675909562e-31,5.221647775975871e-88
sim_acct_0721,107.07010918687928,3.684858573490799,0.3522513613011722,0.4249902596748718,0.11567162885166425,1.7545464815823628e-10,6.00531809106613e-53,7.709128428464872e-10,1.846743808807977e-81,4.15025320121317e-14,5.786862267832292e-20,0.00864807788301788,0.12566800115600255,2.6137829260823453e-22,1.1627529421000655e-43,0.03664518421294607,7.07169885816047e-05,2.0554338645161303e-27,0.36025669996870746,1.0932764502322949e-19,0.07269579762280384,2.7056426771008436e-32,2.0816698435299193e-32,0.21257661530581284,0.004045791363164055,0.09407839064641206,1.6051919744290022e-31,1.639917121921639e-53,1.4575361458790083e-49,0.0010569691930740256,0.00013957874474293785,9.460991959274287e-14,1.8839129184539227e-77,4.878103805137288e-18,2.2016281602277753e-19,0.0841181759682309,7.267755199027998e-25
sim_acct_0722,44.3074764701334,5.7960638926166865,0.5023810030262307,0.40506409607106386,0.03111300248509972,8.858505671788333e-50,0.25698756417046603,4.815876660183135e-10,5.940293321887604e-10,1.4127275595241787e-46,0.0011392251119921929,4.3247389220020475e-48,0.024861356274353392,0.4549351654347207,4.745902866027795e-56,9.965893379621091e-11,0.05136076936942753,4.82987373490931e-87,0.025075172443431312,0.05235969173005067,1.582443295364635e-23,4.04366246832648e-103,1.2758846344343832e-19,0.06082570077628782,0.052155283904621416,0.0013135080868338393,5.077353143921021e-41,3.493578200909546e-62,1.0326539149374472e-16,2.795714889132971e-28,0.018985828031725775,8.81761467794191e-37,6.443684690677346e-78,8.943598254671084e-11,1.2908065386485276e-10,1.4562986308134898e-25,7.332722966267206e-07
sim_acct_0723,8.543514057557587,64.0957094332962,0.4908139652148255,0.5513762386089346,0.0632722782828233,0.17193954717999488,3.8420205717484536e-31,7.465872031485766e-151,1.8208627757899287e-92,3.9815167149024866e-18,4.234756798721564e-53,0.04687367219187074,7.694591592607392e-11,8.186253605684332e-45,2.7870436313419015e-13,5.888308248336871e-49,1.927176643938818e-26,0.00021656352959577386,6.466207678378515e-33,1.5367794612494345e-28,2.904142523668921e-57,0.17959675224555385,4.9625918170682364e-71,2.148723204105429e-14,7.871443845904888e-11,0.02259319118373596,2.011389287390625e-59,0.42822003014621574,5.365893635152803e-13,6.075992315659325e-41,6.65678902705546e-44,0.002743890607218882,4.498452814238387e-45,9.905023777789138e-07,2.1520164405340636e-07,0.14781514705529514,1.2518352968435558e-57
sim_acct_0724,103.80062379033487,3.063892473485275,0.2583465642748193,0.4786858243947091,0.1381170725937442,0.00010721789800989522,7.264966800645553e-135,0.04990169125046035,9.24647994623631e-14,1.594974844720223e-14,0.014823419228132496,5.3601484366208353e-05,0.12816983266363605,4.170048510277369e-149,1.5294794656163007e-85,0.004488350479262958,0.13970493474206147,8.116500809119285e-22,0.440731452620591,0.002473886253386038,0.0005841928712779644,4.086959953726896e-20,7.862731296362195e-35,0.006049340569972071,0.03755286992819775,0.0018014939323804525,0.002716180478997586,5.215869040116172e-08,6.786557023474272e-37,6.6863607041999966e-18,0.06302725751562005,9.146547726939299e-64,3.183298532976722e-41,3.4719077241437023e-12,4.018236994857934e-11,0.10781422588119428,8.205084668249269e-85
sim_acct_0725,34.69762109158181,7.056161841221131,0.33473351122057193,0.49657368165341725,0.0355447732723754,0.00012152349069374445,0.030508167712567206,3.140997333458475e-11,3.9566337856397495e-08,8.530230693688472e-24,6.189803076388706e-06,9.063833838700605e-11,3.8579145788581746e-05,0.5793601947347284,2.3200380191167464e-27,2.210833299229174e-21,0.0006956221261536542,1.398043992426976e-74,0.0022393242087388114,0.13191677540817034,3.2233376035243614e-05,1.5933992499523076e-21,7.591143090236495e-08,0.14398971205053374,0.03959164816576495,0.012260218822021893,2.5415008740336556e-69,5.1176321719253396e-08,8.946519422136967e-22,2.243316205818976e-05,0.05921721101738784,4.885292078091522e-17,3.3088237285797065e-75,3.1819500117361606e-71,1.2470765817348286e-20,1.4215078290741224e-13,5.223315405256011e-201
sim_acct_0726,5.743514401746079,66.27901402428463,0.565555449103629,0.6013906728123826,0.06542932480487715,0.16371888021408723,1.0137011462975564e-15,4.4662643029634715e-08,1.3139576117465815e-08,4.331567909861219e-06,3.387879301667706e-107,0.016526791471302645,3.1868207274863607e-29,1.215180295154015e-103,1.7289052585609384e-32,1.901996896802238e-09,5.552276365076346e-56,4.635732015663226e-34,1.0354065907681883e-86,6.681628785180678e-87,1.8238868351290818e-47,0.05934483906696096,0.001347132077164616,3.052764513624699e-17,2.3983865570870778e-20,0.19415164450619618,7.391723732573789e-39,0.33403658747337844,3.762251386230305e-12,4.836808846125371e-62,1.0387100576997012e-160,3.115489571985521e-16,3.185821902238235e-23,0.0007044730662195171,0.23016526084880082,1.7748286128514187e-51,8.786688947230289e-151
sim_acct_0727,94.25481961974384,2.9271589971034153,0.42800424649781194,0.5742743917233847,0.11403418996333144,0.011765292733415332,0.0015393783433206908,1.768955298326473e-06,2.78487191380574e-53,1.7556092180118182e-47,0.0005565946389257543,5.747456764812089e-05,0.04105110681596167,1.3774119417117215e-63,5.359936660844145e-62,5.716850492077531e-10,0.00662355856968497,1.1785387255552487e-27,0.915766646832079,3.1971640878312383e-07,3.927356358526025e-09,4.796720135982481e-06,2.6774567437933096e-120,0.01387561323726587,4.160314162337177e-14,0.0001520982788082198,1.6460576249498341e-37,5.330282338650169e-15,1.1014335187255285e-28,6.0038721228526275e-120,0.007541479903430614,6.180010263920294e-06,1.48813828882874e-59,0.0002579430454728832,5.443352041528034e-16,0.0007997431327909645,3.409669532531357e-52
sim_acct_0728,32.16771787957149,7.1229732860404695,0.3530607094079505,0.49362657841836927,0.03466549247309224,2.373819878143053e-38,0.11181132376378339,0.03125216614062407,9.113869975270561e-12,2.3110198342615887e-21,1.820308527571125e-09,3.575791347506653e-110,0.06940665461666641,0.16805577398259955,2.482576457744787e-156,6.373201993995793e-89,7.691646989989082e-51,1.4778988212954783e-70,0.09504324254294026,0.006496359430695037,2.074960055641128e-14,7.122873547069424e-33,1.0274446161369657e-07,0.2247837214502949,0.053169398790600605,0.21206575323879193,3.8888139623081986e-17,1.9515070813998962e-109,5.140093698708388e-49,5.717643934305204e-15,0.027914697478483567,8.039905996362246e-07,1.0022743962538156e-140,1.0164360254573393e-14,1.225088321055771e-51,1.6912654176142145e-31,2.819194187465122e-20
sim_acct_0729,6.256206106757018,63.73927980771763,0.5150591762568557,0.46441422114766734,0.08932879178899202,0.1308361507902,4.785293428839501e-21,7.554841167667866e-24,1.4455102935880047e-06,1.2113777830812888e-29,1.6130349612170878e-74,0.008690241048929761,3.9526774031079996e-76,3.854004997465311e-37,0.004484663432592542,3.198544498367622e-75,6.671941825070214e-11,1.5957058676187816e-09,0.0007444307503813802,9.078830517513896e-50,2.2833321679133473e-06,0.1791605220863257,5.8843619795442034e-71,5.134547954270883e-30,0.0012366545800953186,0.2428590133544545,4.427649735457811e-37,0.2667270921045898,2.2203748987340697e-76,0.12351521805355775,3.7602667697723327e-64,5.345753109938925e-60,4.582780240953392e-36,0.04035878534064334,0.0013834979533431679,1.60058702525258e-80,5.017120848530569e-52
sim_acct_0730,88.0606507272554,1.9732776709799351,0.24855177154993863,0.45434005591673204,0.12907452452000423,5.267082686588688e-15,3.182466584483303e-17,0.002686843878544116,7.593083649137479e-34,1.3592062964629447e-11,3.1720703127493164e-07,0.00494022870901456,0.0008756826097078367,3.8430876848378583e-97,3.570356339960084e-35,0.11852823063570823,0.10626020139106437,6.648827197503346e-149,0.4767106411248298,8.71592283594115e-06,0.032951116432367644,1.4884326486533314e-12,2.2884568498417553e-46,0.030462190577379686,0.028333503065579486,2.6902023366744006e-05,1.5603536629162943e-11,5.229354425303676e-25,6.64001549491956e-22,4.167029497179014e-246,0.16843052527086197,6.708064004087998e-22,2.745063747779334e-27,5.442264179500158e-05,5.336181706796447e-55,0.027800680902154613,0.001929797577069616
sim_acct_0731,30.1165562566442,6.238161662090531,0.3820493756251728,0.4635112301840142,0.030213797125490088,4.163549370596103e-31,0.04841629142567635,2.5302818743592464e-06,1.2046148942513372e-06,4.640799786493107e-06,5.4750670315946865e-17,4.902071549077066e-06,0.0015595875776415389,0.07968302983219137,1.0021119538008457e-50,1.207079747020736e-69,3.9537619715246665e-38,7.69374778592745e-126,0.046009152207844205,0.001878211328744097,3.740152343564815e-10,3.747273553782738e-69,2.3620809478972456e-29,0.09449119472817354,0.337872634200751,0.3233378445422008,7.115711115028937e-35,2.5812456901930883e-99,5.782164912527775e-07,2.0515410541840544e-104,0.06673819779816641,1.2011143286769904e-32,4.0339060246096395e-30,5.797811229612263e-39,3.6236173203717866e-19,4.191483717267033e-28,2.792466864556954e-18
sim_acct_0732,5.379386820949892,55.065547391734974,0.4815167793259557,0.4836854409254284,0.07094708608928098,0.20811283049388005,1.1747126726628139e-29,5.9593402156534936e-52,6.699062070104654e-186,1.1035423804006269e-103,1.983118472637357e-164,0.01489914556857339,8.570603648817453e-08,3.2546561637675186e-53,0.0013018767011899427,1.5849841011439089e-22,1.7343799637717229e-50,3.66294454624214e-29,0.00043709246953996386,1.0924219391703229e-05,1.1603407607728934e-52,0.07258228586317703,6.97745953484727e-115,4.3069905803370296e-60,1.2336407017581592e-06,0.07121467571429962,6.197716020406256e-05,0.5142792574941818,3.3636898268330705e-63,1.8486865731250828e-94,3.571629054498818e-74,6.229959658238881e-23,9.360019816741337e-11,0.02632274526358198,0.09077586961164183,3.143768612983727e-226,1.7147852714476434e-40
sim_acct_0733,91.97272422165604,4.04269764656882,0.27849607556778894,0.5077187276835976,0.1241753855889116,0.00012362309145861334,3.520693551823571e-16,7.901339202903992e-08,5.047820512819876e-31,3.627522183060047e-19,0.00010726998733002884,0.004182117529304306,0.07966197624312803,4.6053980371777424e-216,5.306246241960517e-24,0.0039526844696274235,0.004244521273200844,3.728879975273395e-67,0.7413909804655524,0.006264551058438278,0.015047617143376355,2.7237743687573603e-24,6.514150195317776e-39,0.03654306386378093,0.0928985537406122,5.2813713690390407e-08,2.846369994286333e-13,6.0978105720410565e-34,6.849211300616442e-09,0.0008020981865823808,0.0040299339002590395,0.0001902856630050409,3.965149949023778e-27,9.514196169585699e-08,3.7933980954360316e-44,0.01056048956578058,9.228328120551935e-35
sim_acct_0734,27.260530720245548,6.86095965750254,0.39385258287393704,0.46282587591623303,0.045255964360518,5.155370645887237e-41,0.0009305855562694441,3.806299431448879e-19,3.3134762215818927e-06,1.0130447478361973e-90,6.262518257285935e-12,1.6705829769967198e-65,0.08689440774205898,0.1116518193361994,2.15187413623826e-30,4.665249059866605e-56,1.7149975007168424e-67,1.566871744870717e-27,0.012922074809243227,0.045241081902632485,2.2339861247362927e-30,1.3575223147370905e-07,9.379256953632703e-34,0.2542041147272639,0.3173284043074321,0.14976800960495,1.1236862935266287e-155,3.188927525803475e-26,3.554804242822316e-30,4.393803865415436e-22,0.021056052446010925,1.2147224934257109e-76,5.0993735662555205e-18,5.3342747853703463e-36,1.7630840387130885e-20,3.332240857009254e-10,2.090194074338563e-37
sim_acct_0735,5.827870655997044,60.74323231256919,0.6111947873769538,0.8501372562362954,0.06258008841454432,0.35470059273290605,3.5232776041850004e-112,0.24363008205773135,8.759369904067993e-63,2.7749537424135586e-30,2.7824064433784733e-12,0.0038698104099720095,1.460128622162558e-66,0.0006867276729885835,9.727442486466543e-13,3.340754421342836e-16,7.203138589525062e-14,7.53879251239035e-18,3.740584807412057e-12,1.1275285234902902e-40,7.337164521547369e-55,0.23900751406520673,2.605345428907742e-10,5.306951937927371e-56,1.817373409293632e-11,0.057584998332089445,2.087384923090188e-08,0.09747140282104672,8.088374190868605e-48,0.002652988544414302,3.909799454339561e-122,9.08669561640963e-32,0.0001914667416385672,0.00018726287566143957,1.708865326736639e-05,1.4783621398324312e-78,4.393295196436607e-08
sim_acct_0736,85.738869536421,3.1609888315986994,0.24331984255295927,0.47306016003361434,0.11523835742993696,0.001529930257622347,3.1683990306488208e-12,5.829989659509204e-05,2.675118787102573e-14,1.2797380265319734e-31,0.0025611469836038926,0.018246005102712678,0.027900744741161974,2.581344426633688e-64,1.806843105675131e-25,0.1635634240437038,0.026999481423710416,6.501491455794247e-24,0.4266309558754068,0.001781594006584586,0.01468646462160876,6.142918754322357e-19,1.1058247549979638e-24,0.0005995870974392334,0.08269159453645226,1.7036287147467611e-09,1.367856959683028e-19,2.2036120078188965e-99,2.8041561779968482e-36,9.96470975377214e-37,0.021447382369718444,4.409040507415719e-09,7.779545003413828e-19,1.135065734094851e-05,9.131998813706621e-66,0.2112920322704695,5.0078563351320655e-15
sim_acct_0737,33.17585076104812,8.012824576433523,0.3384741882449561,0.44741479621261027,0.04073722407036694,1.4181439947848877e-12,0.14609821841571421,0.00014578616471349582,4.6166410521461754e-07,1.31020881652141e-165,0.0734908051197476,1.2238044524872136e-18,0.0016831897504636995,0.4475806079331883,4.535931097813287e-40,8.688177643673051e-65,9.478550756238777e-35,1.1753058469806768e-68,0.004228565842670356,0.02217444757941044,2.4751552691567765e-34,1.0278692975009931e-08,5.187309962532451e-09,0.03101962006456109,0.13962464584756848,0.13389682326218738,4.199623352985855e-31,7.680010611759686e-56,8.055078817278698e-20,2.000449478649808e-07,2.149433933532653e-05,4.651309096901208e-22,3.9783547499407225e-17,9.752683173356447e-144,1.4197758922601513e-101,3.51185035363913e-05,4.289640609278125e-13
sim_acct_0738,5.790985499945876,55.22322703314131,0.5087116398508865,0.6454679638770762,0.08943196854685011,0.0026448665077998734,4.5680747536563914e-79,9.157354099392097e-64,0.000473263320842846,5.1424354561249225e-51,5.774574521800668e-98,0.04660760493943135,1.722503664868917e-27,2.856727115391347e-84,1.9192205091257515e-71,1.2214260386405987e-36,1.4853557863400116e-58,0.006965560305774393,2.097515600688679e-15,1.400071479928228e-78,8.141114290621356e-30,0.28821959082338533,8.59373401938546e-47,1.3506036301017031e-15,1.3304289411818349e-28,0.35817472025664093,3.532683272762111e-07,0.1804801288105027,7.823542223077303e-155,8.902542298094559e-61,8.439638779171151e-58,3.0753469972654556e-54,1.641069217009764e-61,8.004665865632997e-05,0.11635386510863567,1.6420040622125553e-42,1.7200696612777505e-62
sim_acct_0739,100.24506289824116,2.832160035724369,0.45747973650749646,0.39318046429764314,0.1328634885712489,9.186667573560945e-06,4.332793908488212e-47,4.696161216248895e-11,3.523770829360517e-21,5.006946583102194e-77,0.17364925985302349,4.139320397788711e-11,0.05554455329410324,1.4648290636940638e-49,5.016815356630628e-13,0.07931725952906836,2.906136524391245e-06,2.15503377948768e-21,0.2895575708131379,0.009365114666427168,0.32396850002982297,8.891447031293622e-207,0.0001517203853695561,0.0008148897444229635,0.00036461849067883153,1.2821995651141793e-24,1.021909454633288e-17,1.308657236623272e-28,2.5405494930626436e-111,3.297025387753865e-23,0.017248931663347594,2.1824132689510977e-14,2.052360696387975e-21,4.0018675921098723e-19,0.0011891019809840342,0.04881638665663742,1.1747633989378572e-34
sim_acct_0740,36.949373339133,6.971314495753487,0.327838318928827,0.455418717217485,0.03144139704458946,2.8667339292868904e-69,0.01481282618031069,2.3895277892958666e-12,3.395267407710648e-05,5.169232740633692e-26,0.0006225966955230121,1.097278395873071e-78,0.004422716046857672,0.4091815159183816,7.877102581975791e-11,9.622178233898538e-59,2.1196310031549637e-16,1.5230334397256795e-70,0.12777395782642104,0.0015102381647691355,9.33523721802757e-07,6.4470857148350166e-18,5.933275059022931e-05,0.20750049008121862,0.20898042704252154,0.00938486087859318,1.1000093807254103e-41,1.1301701744823422e-12,3.0314120549896717e-17,6.801928948973777e-101,0.01571615213205438,4.507415290497964e-75,3.6731249949885755e-19,1.2869974097257754e-209,5.609793856701535e-48,5.2271997293881856e-79,2.6690432477198338e-12
sim_acct_0741,5.89404380878593,54.06201896072073,0.34783536275440585,0.5654560323156645,0.06978681126913977,0.10105479248645984,4.6533740155189555e-23,2.9112020598829466e-64,4.322842469055745e-21,2.9790134180215585e-43,5.672802865148285e-53,0.02093769161744319,9.166456875970048e-06,6.938132020314587e-10,4.129094639543873e-13,4.2176875411691766e-20,8.393915732823476e-23,5.107463836693435e-06,4.0414543518422544e-58,0.0013535254648748614,2.1683077695335424e-64,0.3255853986310513,1.6386191552239344e-26,1.678873871411028e-14,5.2862405750155316e-11,0.082908973397455,9.791967847353641e-28,0.4567252556860058,4.845098931542529e-137,0.011031734183676223,1.3744036406536421e-164,1.4803274604358779e-18,1.111449442352456e-214,0.00011991489779220526,0.00026843896742355947,1.6105303259825453e-115,5.934386772420353e-159
sim_acct_0742,102.43668199378422,2.876056373104611,0.25806208968859196,0.5105375688661996,0.10861967940682463,2.4011486259472063e-06,4.204866903899819e-27,1.2411598307892256e-09,2.4276799586713906e-10,7.086980843479375e-64,8.156298105385016e-12,0.013349577941683358,0.5573360462401452,0.0002165420122122604,5.748442927868089e-12,0.02686648634967611,0.007241685462018094,3.809094973746094e-08,0.27179429896281837,1.7481713221783674e-10,0.004305723495906428,1.347042278793544e-18,9.016526527947406e-56,0.01056294408089808,0.025713970779905358,5.230449485436518e-19,0.0001427683344679556,1.8412830320947938e-13,3.080341182418039e-33,3.847199378889804e-12,2.317951151354865e-05,6.461131451930364e-13,3.8231374548064135e-74,1.0932641400285715e-23,1.0874280856442106e-112,0.08244433591185246,1.9452433008392566e-23
sim_acct_0743,33.5537043126182,5.664184311974514,0.4066149264341105,0.45658796778224614,0.03992093947876525,9.668618221334651e-52,4.5109127319060286e-08,3.0676700934737186e-14,2.5161343516352308e-42,6.847845079529387e-32,3.0229934084527683e-13,1.1966450335899937e-12,0.004673329614708978,0.1967815240763742,0.011923104719699892,2.978397047643595e-47,5.445539364342096e-22,6.12655397586599e-42,0.007587235331086453,0.0016293401871679874,0.00011588657103672559,1.6828832108917736e-45,3.069846637743926e-32,0.1561175121980958,0.04926972174456287,0.45534858163418784,2.0179908709590538e-63,7.112652308482881e-11,3.673076233419166e-156,3.534488517119321e-43,0.11574417727394204,8.509706209023043e-79,1.9720625231875982e-12,2.3788138133301523e-23,1.031690594204956e-10,0.0008095413622125686,2.9443173642957763e-76
sim_acct_0744,5.020133025220607,58.31332607226748,0.5269583256152857,0.5666235871884076,0.06810277325866625,0.15201505406755864,5.10585185368506e-08,9.754630544179605e-75,2.5648888013123777e-65,2.4553302476153994e-11,1.1377357285968784e-39,0.02637496484043899,1.9646275976266414e-05,1.51396903487933e-41,7.300339441279319e-27,7.0974128531941196e-06,1.8428898745936765e-48,4.264104413811476e-19,1.973915938876723e-40,2.2016853908642064e-95,2.760584611700745e-54,0.17412172685874827,2.276461440068352e-67,3.275794268937803e-61,2.9642821544300695e-24,0.07458970948763437,1.1518309136006296e-17,0.5630587232892456,2.675135365700512e-53,1.8608598343524392e-43,2.279180921098564e-27,6.609296174595503e-12,4.371431526017389e-65,0.00977333846727473,3.9688210588891496e-05,4.0270659506163047e-227,6.921203610920234e-64
sim_acct_0745,77.4131310095086,3.139181836341182,0.3206328430243687,0.5398841200579593,0.12470944254921768,2.2986037211146203e-13,2.0148994990772645e-74,0.005186584109203793,7.433721183128015e-12,8.900227612502109e-41,0.04125042232165488,3.6957608784922206e-16,0.007757360158714175,2.1793213100179096e-43,2.627581153387484e-55,0.09397773632368032,0.00581739385462953,5.909895625037619e-35,0.559216834044037,0.0035163904435475805,0.1866155714029879,1.2692583259131233e-07,4.780812026797122e-10,0.000993660973597239,0.008492552596627992,4.719308810676878e-13,1.4371901447607637e-27,4.0714188095345897e-32,1.834953281019996e-166,7.934600115455103e-102,0.0491647148929738,3.4378646365064787e-32,4.412131329261996e-92,1.5789914949494794e-14,1.6472639480192266e-28,0.038010651466280514,2.237745283592653e-16
sim_acct_0746,33.12086502340987,6.8962429144523485,0.3696248541020685,0.47252246970302003,0.03477534820288991,5.7981443590214544e-40,0.027492819676171516,1.5864484396201598e-22,7.008673004951901e-07,4.22403026389143e-24,7.542470786901777e-11,2.4134800201823273e-32,0.00042285102168424025,0.6216120835976974,1.814301197325015e-21,1.066157531709348e-18,2.5206973868691775e-12,1.372401423177552e-47,0.001958953826258215,0.0012986141671962018,1.3460136575428427e-46,1.515309495332496e-10,2.1490807171288999e-19,0.06835630915493475,0.2786425584395855,0.00020287098803310318,1.3489656042412756e-83,4.136150316859311e-73,1.4278437324726896e-89,5.153839628907001e-75,1.2238031662377166e-05,8.933902886181606e-229,3.1189381108884194e-47,6.853506231337018e-87,3.944546590880857e-19,1.7254669386996959e-65,1.2041480466606045e-36
sim_acct_0747,8.06111300067357,56.45390748971771,0.4487756458957157,0.4759990371672823,0.06381115852579199,0.31106181213305323,5.353396810513441e-05,1.3554647225604724e-21,1.4903086893206174e-39,1.6739528702923026e-13,3.8530279156335666e-20,0.0019353352989286633,2.6432055523275303e-17,6.331940941928751e-47,3.77176825735664e-79,3.445604810453091e-31,3.3989865115321435e-24,2.3849065472745153e-08,2.2409411307561552e-05,9.154871349575073e-92,2.165441917598124e-13,0.1724092012435569,8.738343801950722e-12,4.597252590715148e-76,9.97969018294892e-45,0.013558774521400111,3.9101556396100196e-24,0.39709957674281676,2.17912289975432e-93,6.092422127288005e-43,7.315235727405553e-21,4.2218662573097404e-17,4.601396152238497e-17,4.3532628915496615e-05,0.1038157997743409,4.1938729392218426e-10,1.3527522157142731e-91
sim_acct_0748,89.95387687113258,3.0985884511015023,0.30433887919108044,0.4946900459461397,0.1175585395535942,0.034365990336916896,1.5459339611567952e-239,2.2522116927068577e-07,5.834366216577794e-54,2.0048918510409046e-69,0.0008152096257089433,0.0011612786511775068,0.06722146548788302,6.83198837989258e-32,9.132328605950423e-36,0.036752644798749824,0.042944354376719875,9.93027871901417e-19,0.20282797941186284,0.0009002028268471319,3.4721144856231908e-09,3.1444516147417545e-57,0.010114468975003104,0.16955645974381964,0.17503641851795146,0.007248812635839999,6.071232357522736e-10,4.258794106709893e-47,5.988676531536063e-54,1.1811822018879725e-27,0.00023766869365662207,1.7321140815804902e-06,1.6958518196108036e-56,0.01951927470143409,3.203725549941499e-27,0.23129580974829833,5.3642227215365495e-11
sim_acct_0749,48.406724924937365,8.050478093646625,0.3609925544409572,0.46756656805143126,0.03800304384316523,2.253747697300982e-139,0.033862985735616115,0.0011866509597665382,3.286291818371005e-13,2.546169328255665e-06,6.526925305305684e-18,1.0835324448505213e-23,0.003413067683096929,0.22253680908642112,1.5329236129311603e-133,4.539736169720285e-10,1.233557663133374e-163,4.6185793834494936e-79,0.04629962445058426,1.7851067007214368e-06,5.072046926581519e-24,1.0314721182690918e-108,6.620626707899189e-20,0.23183807136179568,0.41294060116976833,0.04297284637882163,7.490042279795741e-09,4.681904566084652e-09,1.0611108812560122e-71,4.481355773334562e-22,0.004943952120485386,3.772288369085819e-282,2.5855852771846584e-35,1.89154424967475e-36,4.009708695299757e-57,1.0471513658980315e-06,9.57082468040914e-177
sim_acct_0750,5.022159358321482,52.480771599053924,0.582203999710569,0.5260590112204345,0.06705523124570496,0.36442783563349995,2.8901231928222715e-14,0.007651516282146866,6.22748821513111e-63,0.0014499571898203122,3.540047598631456e-77,0.019188387577997904,2.280135699855e-10,5.1948605954598175e-25,5.79684697393347e-25,9.566866673082965e-05,2.7552936411005377e-21,3.4494554780607976e-20,2.166955224673015e-15,3.3087440362402864e-07,7.335393974120361e-56,0.2251776587942932,4.158822096557159e-39,9.356700772166407e-23,4.880673855801586e-103,0.020406327996661373,2.1090128666928586e-44,0.32362341515443016,7.033890105450686e-17,2.746098667725859e-24,0.007431492891592322,0.008485367571921143,1.880235188774358e-18,2.940790829738905e-07,0.022061747059374727,1.6865650886134749e-21,9.616586491437049e-18
sim_acct_0751,102.09783805007662,4.209869510197495,0.328013781853716,0.4315163528641264,0.14797685344596864,1.6090314260414973e-21,7.9506058875123e-21,0.000854470789805949,2.62173222809397e-07,1.8435383773304716e-06,0.005587171940710531,0.08502957909615513,0.04531793582996476,1.2806121343521655e-103,1.310167285713752e-60,4.063739350700093e-06,0.18329111351550736,4.053208107071846e-27,0.5328059957857655,2.3408314461070392e-08,1.3400150708662344e-14,1.2957515346991502e-08,9.571172732069706e-13,0.11908694211407993,2.698142767137412e-05,0.00011134256962750703,3.517028660172711e-22,8.87664256408969e-10,1.3993915571954972e-52,6.267431188377955e-05,0.0027681027170957423,8.079777939503914e-26,4.257706114575738e-53,8.621362379354351e-08,1.6709738068575803e-13,0.02505139698252657,1.4404665209188563e-69
sim_acct_0752,36.13158335145096,7.3024204639707415,0.39035789992656295,0.4747764228229959,0.038774736465339625,0.0007457661168252603,0.024584557261606504,2.5747346337138824e-05,0.024429003409283036,1.544377331941741e-20,0.013982113229999746,2.6949891149824075e-14,0.03766297633536094,0.25906687765892594,5.8572715303882445e-49,1.263800684468528e-06,1.1906702148611192e-107,3.701460307069517e-28,0.023156170037256146,0.0005099991391562508,1.7810916198567977e-15,7.722575875933187e-08,0.014215370294207956,0.09356183046547968,0.05315816146959255,8.810398178980402e-05,1.8888775156875774e-130,2.4928484086234766e-25,6.078563658277568e-18,1.0447749564466934e-05,0.45480118141689146,2.520455203580743e-38,5.938291665156626e-33,2.6085506307060677e-81,2.116779580772759e-103,1.2444941216317762e-25,3.530612512283078e-07
sim_acct_0753,5.556283868550179,66.10809853468135,0.3577440112609175,0.5872762012610973,0.09900804573380222,0.49987136154459644,1.070017968906008e-19,2.05829813860471e-54,8.560570780113437e-39,1.0442930894640473e-46,3.317691813383129e-45,0.0009523125231309754,1.8055354965697464e-17,2.0652627628415597e-05,5.280032759039964e-82,1.3807228186818746e-11,1.8151127857796987e-31,2.357273739967409e-26,3.381749015798192e-36,7.341617666282146e-32,1.0972047834234793e-07,0.054007840359294554,6.115575018882871e-36,1.945411520161127e-31,8.426369955312732e-47,0.06681355899190333,1.4053535394812637e-77,0.3157977656742578,1.7306781436998662e-36,5.489114506630627e-12,8.926213042758945e-29,7.893500567327283e-37,1.6218365258165823e-28,2.9994885191441304e-07,0.0625360985905617,3.32927236232606e-45,1.299917399756743e-77
sim_acct_0754,74.30772951709874,3.323706460409418,0.289258677110344,0.4028547648456352,0.08926568013276306,2.6313319283569786e-09,5.068573366072335e-90,2.8085094622084637e-24,2.2093003316970365e-43,5.48575431471204e-67,3.310305652619716e-12,5.623834539954994e-09,0.22145458208879376,1.6748094019826816e-73,2.4711459807458857e-09,0.0031918870825067146,0.0009005314314647121,1.039286164089514e-33,0.6817960983915826,1.1510552014684287e-05,3.322810187057267e-10,3.81551854857375e-101,1.313814932777706e-05,0.046953541590651335,0.027692644375833256,0.00010019370111555214,4.9828670767024056e-14,4.868261771147327e-53,3.255805291722158e-137,6.19336396025998e-27,3.7182688402540366e-05,8.340322189590038e-19,1.071004497163444e-14,0.003025451859379909,1.6989471707218378e-26,0.014823227026944129,1.8762417506310026e-14
sim_acct_0755,39.617000361979585,8.22024011421746,0.37403146803392995,0.6290216931197653,0.03785809294009078,0.00711637849939651,0.2916419520225057,5.0005866832688155e-62,8.68335155023313e-05,1.1120282089028227e-45,0.0010225674207384316,2.9890239576264146e-127,2.6309505447402897e-05,0.14060603890438864,2.6236170433113915e-75,5.02276391573959e-136,1.1357265519101943e-97,0.0011826481076375845,0.2445224473974,0.017552234469201313,2.785219872567113e-31,6.44985602850906e-12,0.0004070538589976166,0.05603322421331977,0.0774443050766472,0.008654590457648697,7.689088126183187e-12,9.951056441240741e-09,4.460719938368222e-46,2.5352458494882567e-05,0.1536764792273124,1.7803181758978873e-70,5.564971138423079e-109,1.4583422487647588e-26,9.732215060084512e-79,1.574899739216046e-06,4.2677080017466467e-13
sim_acct_0756,6.078282320184782,55.9919065353255,0.4545749621722202,0.5584189263202815,0.07287336857657674,0.2727284273670867,3.2120513450158975e-19,4.93198146527982e-45,1.010806248784602e-32,1.4526528669123577e-46,7.522818488760635e-20,0.2007003396078277,6.622772146061269e-45,0.0001630138481121556,8.516007838157611e-50,2.3824659005418595e-05,5.056087419559667e-29,4.029141660526657e-29,2.590847834659663e-11,6.047840531692303e-54,1.1147128302264938e-55,0.2219389139098035,3.527960710766835e-32,9.212871567096432e-13,2.9676511878696823e-09,0.06460131773917949,1.5449261551097926e-46,0.22583846444837852,2.3110164463314823e-105,3.4722602924308866e-125,1.386853490251599e-111,4.8783868637569255e-62,8.81602955748629e-23,0.009878508961855867,0.004119028195851822,1.720932643302082e-49,8.158268417925214e-06
sim_acct_0757,100.96417067877152,3.1834062755878887,0.2770363667110035,0.45845095199899966,0.12574504946763085,1.8890145427848394e-08,8.63139343819998e-21,3.4384353213078347e-06,3.815432874877548e-14,2.757409589968844e-07,2.897219032398345e-10,1.4525976242850134e-09,0.011725626745955016,0.009603114986787746,4.625762031930574e-49,0.004003940712657449,4.2704241106685663e-07,6.468145015481047e-28,0.8476282055313574,1.3206744499643871e-06,0.0058742451097022075,4.1761630859692806e-65,0.009387347112457412,0.09279599192886977,3.6646069837291665e-05,1.406872111521036e-07,1.1542747926373941e-21,2.8917665432426094e-20,7.636113102915519e-35,1.4928456941142298e-23,0.017267941857555785,5.82484235561179e-39,6.90264623866415e-99,5.824391540692276e-20,0.0005561753931793066,0.0011151413387850636,4.1136212218057304e-63
sim_acct_0758,43.20543166567918,8.286031658621118,0.37577841426517977,0.6096969702607123,0.04821234107960611,4.28615796463943e-25,0.003227603978713126,5.3188905121785604e-55,0.07671925324736692,3.5020737908162505e-16,3.4918202710714703e-11,2.546286062329276e-77,0.06078464812657899,0.5084028519106425,1.9729662595641415e-22,1.2999821756231874e-12,1.579040039950057e-05,1.8742727524512054e-63,0.020153579701046816,0.011715691080561086,1.8248240360284914e-43,4.1871526833808785e-78,2.630157530561999e-31,0.07273063390629297,0.2361107555827403,0.0033341859403224787,1.436498033132307e-30,3.4372936588379705e-79,5.5023740757804244e-15,1.1563048703690542e-66,0.00249484643421383,2.4729879166654706e-30,2.948475648046817e-33,0.004310159654897509,2.605029637481459e-39,5.784049435095112e-40,7.714748351389474e-70
sim_acct_0759,7.593258862790702,65.13042202086831,0.6231257567181067,0.5335337747883874,0.07870399654171845,0.2644458861896701,1.3691185607432222e-52,2.6339967856739033e-25,9.373861145761792e-124,8.817155091812424e-36,1.2179497748532428e-41,0.10886381293677634,6.161142019514839e-06,7.356654785641913e-20,9.392309402758378e-34,6.324059898806378e-95,2.4802384199840083e-79,4.411485380301102e-36,3.701745102495067e-10,5.9274782389581375e-34,5.261547366622276e-11,0.037358859091822745,5.157011328132144e-29,1.3631829552917652e-16,1.7526670735503128e-29,0.2851630336473847,1.7379119659082147e-176,0.30181319702646237,5.885226112078329e-16,1.5605353006426294e-13,4.1517525582322326e-116,0.0001855122851010475,0.0015335755286911632,0.0006259051517356992,4.056577389612373e-06,3.314187884414776e-92,6.642497781991107e-139
sim_acct_0760,93.70799105190459,3.2406460415287466,0.25399073008052947,0.5172928398235784,0.1326697391637065,0.05457127309418114,4.540920862419842e-40,0.007851551576254487,2.4654163313461557e-18,2.6060492743574182e-89,0.052625427710086,3.877995714662953e-07,0.12899371879498892,3.531290241648324e-18,1.7054610845782865e-40,0.10524604574921875,0.01565612743252349,2.42874140020816e-130,0.41448601008650415,6.297162579290794e-07,2.1363722638587846e-05,8.913340558973688e-81,7.957498634673744e-64,0.107855547051993,0.0069507056357087545,6.290598593576287e-07,1.2654715785361199e-17,2.7120896462391625e-13,8.019335537209325e-17,1.8380960373359804e-97,0.07881735555496164,4.806312818252182e-25,2.148271231371693e-48,3.514191670241744e-09,2.5365086335662537e-50,0.026923223434707193,6.60820381073744e-11
sim_acct_0761,36.45789467629825,5.73861080352138,0.3967053266130058,0.5409285183081705,0.041932736230878606,5.086321760831617e-272,0.04060206970466169,2.4940006496728283e-08,3.647264830818104e-05,1.3117326646740106e-85,5.006042276124063e-05,1.935708235294404e-06,0.0011852507080621535,0.20093040832265335,9.300962558259349e-148,1.9973725204601232e-73,2.2262084216656625e-36,2.335015638408053e-37,0.17522640599933398,1.0252560389768098e-06,3.067844273458971e-05,2.6903913744832478e-46,8.88778467628272e-06,0.28831639512227747,0.20657413837091346,0.045413574074838155,3.714809144964488e-66,1.2810542011417899e-31,2.0383633790615053e-62,3.055039932767443e-08,0.04162264194265738,1.4417996887747806e-12,1.5195882544280545e-81,9.137998186682374e-19,5.5892728522706706e-30,1.9911487753999015e-72,3.711593326836817e-25
sim_acct_0762,4.415342427178802,58.25425411638011,0.44149974224652383,0.3854880364381731,0.11371907668387735,0.22625570781016,1.0935914366603194e-17,8.111245186346152e-27,4.646272253068631e-14,5.342671155465436e-100,3.990318912652656e-20,0.14110705954401187,1.0081581944832924e-12,2.98336388485344e-31,4.896253736188109e-22,3.4864863225553673e-112,2.1674329133423365e-20,3.928038414069372e-75,4.275056334845434e-13,2.6205321157960943e-21,1.5589155753416868e-49,0.4001079521722546,5.3955474880953936e-30,1.5975010722890134e-52,4.536827934203991e-27,0.08881357615840628,7.016924706587598e-31,0.10323271513413267,2.848002348445878e-06,1.2175110619824161e-52,2.851257795664043e-29,9.002730108804571e-71,3.727631839549352e-57,4.35733942253656e-08,0.040480097551964515,1.804941925594484e-11,3.3795654599499777e-11
sim_acct_0763,117.08441329107944,2.950983825654103,0.37942199772896995,0.40758095310521963,0.09616649270811228,1.4101300363421477e-05,4.882508876224801e-08,0.04118739772692578,4.6226263062685015e-12,7.217290295002594e-23,8.89671663052835e-13,9.154562375517788e-07,0.04690085917548204,5.603246330027883e-21,6.103716814818826e-66,0.4985109961736569,3.733792501309629e-05,8.0797309445094945e-103,0.16884987533581777,1.1075420428063877e-06,0.003413094714439349,1.0562866105416088e-13,1.574237041530776e-156,0.0887604682112427,0.0005146757936517468,3.783066117197782e-40,6.007300561229182e-09,1.090870004542082e-29,9.15912553889528e-70,3.4538177452598975e-22,0.14043915795551482,1.894913288269076e-74,5.0813910979059027e-54,1.0288946319847699e-07,2.0620373002594108e-07,0.011369648688597949,6.981379123481508e-11
sim_acct_0764,31.17953830957776,7.050481202348606,0.33518052076815963,0.4739272331651597,0.03512599879594048,2.8210958707290373e-148,0.08425621499906483,0.012946987906804222,2.476548582801831e-11,1.4256185241803477e-24,0.00010924402830631126,2.5781767601043228e-23,0.10217986905882777,0.09518084501691482,2.6732724291316055e-153,5.437076452109031e-292,5.2600538377955403e-36,4.854484013956113e-167,0.1243257238131871,0.001130610760723378,3.6751635893303666e-24,1.3324975874575983e-108,0.0005512173921309565,0.15365408875398928,0.25493164149472763,0.09842422992699484,4.1763126677147265e-59,3.6320535242945376e-29,9.159565979241561e-19,0.0006205296993129029,0.0716887971242504,8.205697336014245e-42,7.232186665013503e-54,2.41078955447742e-60,2.8766698663531305e-40,2.2563818985974575e-31,7.281948917481025e-105
sim_acct_0765,6.652659386849433,67.27665170897089,0.5982028617496974,0.5785462915508286,0.07189199461823635,0.21849866074823115,3.9391830686751653e-41,1.807586964253114e-86,2.731590181700307e-16,1.7250049248482805e-51,9.873612119225195e-33,0.00044826317141479047,7.849902205991862e-05,3.0701816247298194e-94,9.939076891133919e-42,3.4596222873487657e-13,2.7806612890743044e-12,8.902452383467027e-08,1.9204745498069471e-34,4.999121873512289e-15,0.00044969925231074317,0.06236440185831952,1.0441000639563396e-68,1.2093284987182662e-46,2.107469221084801e-12,0.1210220302140512,6.816066396535832e-17,0.4748877889551738,2.000182424000384e-208,6.655863400318926e-22,7.4561421793796e-26,3.0156441529264503e-55,8.44082069331948e-143,0.0003883049341829529,0.12186226281449271,5.532287056811869e-26,1.632483708825881e-21
sim_acct_0766,95.24947704545731,2.621127119130475,0.2825158113285942,0.4838956676109983,0.13351926362668004,4.104320209507146e-14,4.246157632587698e-100,4.3403459742497786e-30,0.11516552327220475,2.133590283874002e-78,0.0008998916131426558,0.0001433960709402573,0.1092277668230407,1.442613286183013e-19,1.2454591081659048e-51,0.00031606125248114853,0.11290780649905612,1.4132258263544303e-11,0.27873290353874863,0.0007055460308023228,0.05794782301900275,0.00900375497893841,5.794808787093391e-26,0.004551600880599852,0.005652071898074974,4.927241190524217e-06,4.600086647806264e-19,1.0649378630452267e-77,1.1567084044761916e-46,6.330694876886577e-25,0.00038760683432338076,2.724741565202442e-37,2.2834204867909306e-24,5.72512198130553e-07,0.08340185765115943,0.2209508898699227,8.348058282972565e-80
sim_acct_0767,33.10871089912104,8.323368596601025,0.3097620393800279,0.501889005007402,0.0482026931092141,1.8678080557443588e-70,0.09401665156054627,1.0081914069530836e-48,3.695993705722358e-08,5.791373449895704e-72,5.762424690666313e-06,0.13027249894576784,0.010603502644214646,0.25567006171939954,1.6344134501235598e-192,3.8846084875507665e-24,1.5049732116283687e-36,2.343836689292105e-230,0.08013319023647275,0.043421757198820285,2.930314632762219e-07,4.238716627594087e-46,2.1593212670718503e-24,0.15890946317480564,0.11445937576342044,0.011473272644512237,5.219991828320947e-09,8.414478004665981e-27,1.3211946726358508e-16,4.766850262128624e-33,0.03458049376553806,6.395464582941075e-32,5.261546214919451e-05,0.00016170779399316592,6.596901963321604e-301,6.685556039222711e-26,0.0662393114542768
sim_acct_0768,5.72652341981888,53.25234527139148,0.4874418274314502,0.5810160919294697,0.07095368372169104,0.3593420377394425,0.021135825062779744,1.1857317574715918e-18,2.946803894842422e-52,1.894024574485925e-182,5.227733047788729e-28,0.05386093626132724,6.519178351679591e-08,1.788002861114604e-26,1.5411861146985595e-87,7.915834086277503e-95,1.3489765635566019e-26,1.99769379459258e-48,2.209042386638651e-34,2.4712498786840893e-46,2.784118020912335e-38,0.08192827790226075,3.783945115973437e-39,2.718957520625573e-197,9.20083025481632e-79,0.1885134271459788,1.0011267002516139e-28,0.14618424127034974,3.0599898703489284e-55,3.934654815193272e-62,1.6414351827529941e-28,1.69484924621796e-36,8.699214749799909e-25,0.04457318125618698,0.1044620081676631,4.341254052084691e-17,2.2274680261306118e-12
sim_acct_0769,104.16833021590624,2.881415823797494,0.263296935962173,0.42411008129629374,0.09793807827095628,0.06319840481031422,1.0022175644384101e-36,3.1747962030846405e-07,0.0007435171310304178,3.583951512822005e-30,1.704479756349097e-16,5.702687075321038e-12,0.10184642794509027,1.9314625505804064e-19,5.881479700074509e-20,0.011707317365471212,0.0005913619410691468,2.8079338932750136e-49,0.6150497053999954,1.210361256654827e-06,0.0024071376579674337,3.926890320578547e-05,2.259491514477178e-61,0.0008644572226223502,0.0010601934916101418,1.9410206768625996e-05,1.7058189951417625e-19,2.307575977750382e-18,6.342820927073838e-16,6.219321908115636e-39,0.11357740226153004,3.4906344514888576e-05,2.235023774239735e-69,2.2990709302423493e-05,3.088528770894783e-41,0.007743335473428009,0.08109263528949912
sim_acct_0770,32.87332964877849,7.339645212286723,0.43531176640089736,0.44239633038831994,0.047743405988985264,2.003602619659468e-05,0.0010251581172136895,2.307122184383539e-06,3.000559888511724e-08,1.9377713703350576e-16,9.270374923590056e-05,3.7383834841901503e-07,3.11208700746844e-06,0.09578943579622128,1.1422986844175298e-16,8.403334809199724e-12,2.3313383917435725e-23,5.490988293663089e-51,0.4891118706317943,0.00045094305657400176,2.968066053721356e-09,5.706161767560619e-19,0.000296567391073429,0.17106764220436568,0.18126620152310102,0.010530557480481685,1.0318703523612935e-26,4.1600733730388776e-36,3.2094653763593663e-41,5.141172549395523e-153,0.0503430579941336,8.318690115295238e-64,2.7335481192262032e-104,2.3188809076658335e-20,5.5663935226966046e-30,5.132809975228768e-23,1.2657952235257371e-26
sim_acct_0771,5.959342870081033,49.06027365943751,0.5234764201269299,0.414672978911912,0.08118528998560744,0.12958505358258146,3.2335729704624074e-27,1.2809131418935276e-14,5.720824445979393e-109,1.2668786227718052e-09,2.7948617953287815e-64,0.055102161279714894,3.0408135999225793e-34,3.221500247248294e-45,3.687725612880624e-18,0.0014987109699632496,3.204511858442568e-12,2.3878597008053123e-36,0.019255370075123242,3.0147598455575373e-74,1.8107137923771912e-11,0.20294963207902397,6.927449030314241e-131,7.880356945361323e-08,1.9551070446822714e-45,0.05132141483777276,3.747799562211441e-65,0.5249354820720998,3.472820491417765e-07,2.2800125687256896e-06,3.3977517955512515e-05,3.836863149684207e-31,9.301575650380406e-10,1.755798813366678e-06,0.015313733470403818,3.7902860047995254e-66,1.2225984500145576e-49
sim_acct_0772,84.67356982358596,2.91243426276718,0.2810296722237678,0.4173886042106093,0.14183016098096807,8.863952437525397e-05,8.128111134746782e-91,0.07479252030035606,8.430260949337224e-34,1.2989000379036667e-14,1.6683888653750272e-07,0.016528130714883824,0.052274208752549775,1.2453485539926372e-10,7.60580691322956e-24,0.0026958381637794703,0.032335622319741984,3.322872601368811e-69,0.48703324323795466,0.01059839886396797,0.0009423934192174569,1.3746172157211516e-51,3.773799931321969e-16,0.24381339470601848,0.01904067985322154,0.00046452702389875283,2.473680820253271e-23,2.1128612033284227e-19,2.844259828527701e-36,2.013161834299855e-10,0.000493921055468977,6.059432164302029e-29,5.98808904700458e-41,3.855276879724773e-09,3.5016767082987576e-122,0.05889831104453808,4.504170437536824e-22
sim_acct_0773,40.71707746356088,7.2979024364616,0.32694080546006077,0.4627634793740179,0.0385130287559828,8.823499484585739e-08,0.04144990249025377,1.1720629586514214e-18,0.0022607030499367077,0.031119277718149742,1.7695509380050401e-06,8.558685607414677e-41,5.135330460602003e-06,0.4611395332363345,4.2106144841692864e-49,9.388818965209166e-09,9.300509862778793e-10,5.481416874777318e-29,0.015009711764976976,0.15577375489541548,2.1768601321509516e-43,4.454038979117081e-16,1.4240526400119535e-19,0.07502349872720886,0.1786976376293259,0.03950217104880088,5.339232710185671e-16,8.466744521947633e-18,2.2350487566458968e-79,2.3722802101379455e-11,1.6805612674946586e-05,1.7683476377133885e-126,6.325410144921492e-131,3.424911655793972e-32,3.679350419580028e-10,1.241698024187906e-61,1.5080522363827784e-101
sim_acct_0774,5.3010351606125266,52.107050893871246,0.5199206960131484,0.6332611923723788,0.06100153193413036,0.19793014357716276,1.7277350751518278e-81,7.103316842308066e-10,1.0088471411951751e-112,1.8888772006038532e-17,2.6335714198672027e-99,0.047936438227747485,3.554756166814071e-14,1.1086110981082013e-20,4.70820665325931e-17,1.0324294000170891e-57,5.833665326708188e-13,3.694768918026494e-30,4.160301560626077e-37,1.2508806050450812e-13,4.6197843574602045e-79,0.4667085368179626,9.379187703345036e-05,4.2142510063169505e-12,4.418571939468226e-18,0.011557899182208327,4.4026013444131385e-14,0.2656977047741225,2.575422741328057e-58,5.216287612559352e-10,1.993463369502628e-16,5.054583943790859e-66,0.0021516451078416703,1.0953308557061425e-06,0.007922743868102567,2.9251464513464325e-49,1.2249054274268624e-22
sim_acct_0775,68.01189104865287,3.0741499934798076,0.217359587166143,0.3919500959173551,0.09182896710370603,1.4026052499867936e-09,1.270295447193718e-43,0.00034140123373174416,2.562578715210536e-75,1.4339831878542167e-35,9.445341160600595e-25,0.07887118050364883,0.13647568506874244,2.8625388660386714e-25,1.6024247102822003e-11,0.0024237864771230622,0.04877296198195284,9.845918014359286e-57,0.2378440353329095,1.788734902640591e-19,0.02348478807869915,2.032354303810746e-15,1.1468902424902173e-122,0.05901474242283025,0.11832416154514008,0.00011777386388551892,1.0716161219319257e-16,5.124423938679647e-06,1.3430023100126795e-122,2.2440848151676855e-75,0.0014218103215291706,0.00020375427258434746,8.56712585468582e-55,3.4685377128900657e-09,2.696463141990146e-13,0.29269878958584544,3.50166791408895e-61
sim_acct_0776,33.24701116178921,7.318802754428111,0.39074263850900054,0.5373588466346765,0.03932722785854996,4.702940440844419e-62,0.015033678888659387,2.3832218055889595e-07,0.012433002961293353,1.0224469629803206e-32,0.0003249369214905079,2.1453104517995329e-19,0.0008420351283559326,0.27630794683279886,5.617362467076881e-23,6.717817325834988e-141,1.5422134522770692e-05,2.4292663300504252e-23,0.057969263903697846,0.008911314612533507,4.748405144018622e-05,4.6956672879554476e-07,0.0013315794994042626,0.20417723403369745,0.3807711874823072,0.032697986390768985,6.764024263898984e-26,3.126926061002807e-81,3.3054528927297334e-16,1.470564830558592e-16,0.009136219259008049,5.985506775244122e-18,2.5078013778083225e-184,1.0480864636890204e-56,6.917198183013284e-120,1.1111773433662333e-11,1.5796429034615467e-81
sim_acct_0777,5.882677333740631,48.860218747950874,0.4474528653208804,0.6354866083430988,0.08294101082164129,0.1289177779474409,5.434731240535144e-05,3.4278819842977857e-246,2.0825818816229157e-68,8.4537367963288e-15,2.6972824430537052e-111,0.12428073493792724,1.6615717652075163e-08,3.386832170768731e-10,1.1575302368085701e-55,1.3931451096803769e-39,4.049239237551841e-05,3.472395549090033e-43,4.944452134562063e-64,4.691861368816028e-13,7.136356513233204e-18,0.3751079681072666,4.7416790271355913e-35,0.013294971794473169,8.573938358953309e-15,0.254151463636942,5.980342007782344e-99,0.08807733356084319,1.3040314647790427e-95,8.333016577945156e-91,1.8752900105124966e-11,6.956542755257148e-17,1.110579290795803e-69,0.016038595234404384,3.629810228175357e-05,7.763336832506868e-51,2.883826424190016e-49
sim_acct_0778,104.30640710341193,3.1662789752310174,0.2510747596568038,0.5108969728367,0.10575716123813148,4.58951834977332e-11,4.2598073984760476e-24,0.2500996806606115,9.337635706615309e-73,5.424642242686048e-51,6.614615248946043e-30,1.2223089211931917e-08,0.0047672956013215554,3.0982557677426713e-55,1.0718012797946397e-21,3.37669095876143e-19,0.0008788214226329869,1.0629370977641763e-81,0.5195833871899264,4.6686295007183384e-07,0.02345204536558476,2.1207072445670269e-26,1.1046836278938953e-83,0.01709852124930614,5.462436188566301e-05,1.4013685266919693e-20,3.7227303912319568e-31,6.016223227732743e-48,2.3672989750278547e-93,1.3409138358035461e-43,0.1134144263004378,3.487667852527415e-13,0.00011883788683060435,1.3647958958652182e-08,1.5058894619591106e-63,0.07053186718122047,8.700955698407021e-21
sim_acct_0779,42.00916290481487,9.218708040498061,0.3684972817813779,0.5108964842071964,0.03151908295412656,2.86879517551968e-25,0.016936980863334714,0.24110846323010582,1.5689597357108412e-10,2.857590369624802e-85,4.1527655572303023e-07,1.2575437891566921e-33,0.014040752523021782,0.3270260073040716,5.153376422384781e-34,8.735680465587995e-11,5.558158118290662e-32,4.996984598263375e-48,0.0294613351035666,0.00027340498792366663,8.328681240118736e-55,1.9631043868860864e-51,0.038887152670122126,0.10765232568147609,0.18374395985810893,4.19097651149017e-05,6.330410475778873e-81,1.4881553854933246e-10,6.041890465270305e-65,3.779142487041931e-44,0.04082729234352963,9.157458737472684e-64,1.6629408152644577e-24,8.117108434575314e-45,1.989384069964803e-112,1.044409786482943e-18,3.9684447702073135e-34
sim_acct_0780,5.524633505310693,56.93711171096143,0.4563864367225768,0.543343285640881,0.07678043008762021,0.35603639308678503,3.1045805945131037e-172,1.1106592248190444e-80,2.5453413836855745e-88,8.451854709724084e-09,8.211639237085127e-92,0.004523220710235174,2.653230323489193e-47,2.3175378951910692e-48,5.797511239970467e-167,1.2236239536371961e-14,1.067349340665045e-41,1.9616664476273564e-45,7.626309695873287e-12,4.288971296502315e-23,6.01042781571316e-66,0.2053387032340783,4.700893367285535e-24,1.8092459308635134e-79,1.1760983649581913e-107,0.08536506975041867,0.0015448475127060614,0.3033555581106588,1.3167670250749336e-56,6.8823966880830185e-12,9.38378025756786e-310,2.9281192146340816e-96,2.2298190861505255e-110,0.04376164516442421,7.45539643181e-05,5.0384265427927366e-27,1.558521585671508e-32
sim_acct_0781,83.78110559089237,2.5832246114999124,0.3194949651901141,0.46713700681053605,0.11842857850170702,6.328036245538758e-22,6.01241095158908e-11,6.797991850783114e-06,1.6750050248765742e-25,4.1424385227326365e-10,0.02321514735811076,9.275660039058274e-05,0.041176645738712325,1.4847179514375695e-162,4.711450494197947e-12,0.0007888971338057588,0.08496987180923914,1.6840274799060524e-10,0.7622300001428248,0.00881576536283472,0.0016001474085323365,8.352439765137969e-31,7.715818556942707e-127,0.0106991348895445,0.0009594343378318181,0.004660710313621363,2.922706896762492e-12,0.02798632316051786,1.6883844137905918e-71,2.9394578282396416e-40,0.0006875114766878872,5.043617593294472e-76,1.5615318346061003e-25,6.638724703109373e-14,1.240057640167606e-22,0.03211085562502424,2.958273117079131e-17
sim_acct_0782,49.98425781773035,8.235652594107435,0.21823368307501215,0.41002070564672705,0.031048613731442826,3.2205263084866775e-82,0.17489534529953618,0.00012386910092193463,0.0002725754124578911,6.012939112217718e-155,2.3685442434960577e-07,4.094423061103835e-43,0.011623979990214152,0.2738035014629299,1.53974837691676e-06,1.0683358299781306e-24,2.6533437803035844e-15,1.3548937018199962e-55,0.011618849244581595,0.06283397942425972,2.2234749084324224e-13,9.011100134627932e-221,1.770536366044298e-14,0.04113768304748315,0.11914517542409227,0.022506465530405157,1.0600061063132812e-13,4.034836935738152e-10,4.40910745933464e-96,5.627400221605853e-15,0.2820367990564787,4.5398048424556054e-41,1.8259766505847687e-175,7.51665420236736e-23,2.6159803178132837e-39,5.432671971204685e-63,1.495746616225316e-19
sim_acct_0783,8.521561997736349,54.965166696956,0.5220108311625601,0.6181276752032943,0.05817665405436229,0.24202662635274547,1.3561694311092737e-45,1.8250028074809606e-56,1.457362974517175e-20,5.057673250139203e-05,1.7503602996680275e-19,0.0006758878959219089,2.6495209755101784e-14,0.000505083727854467,6.355642059012868e-53,4.935800325670446e-38,2.526514642794008e-123,1.9501134337764538e-49,0.0002526670207794816,4.789948960255987e-110,4.339801591357226e-36,0.22508425122487605,2.005841434151419e-116,8.881763419058198e-05,1.4042175022919487e-125,0.013315748349304456,1.444019456907408e-05,0.2641420088433932,1.803877827405182e-95,2.3786064896602976e-15,4.398985871595698e-24,4.345796431329342e-211,1.027339939649531e-30,0.015700949720910167,0.23813171540004552,1.014025393020722e-05,1.0866489494625593e-06
sim_acct_0784,96.50276415457819,3.0862620340734788,0.2581388541633446,0.504475164082564,0.12214341935404083,0.0006465221623975486,0.006590962660913164,5.487438051819648e-08,0.002247773122269936,8.972969835700068e-29,1.6489605543884273e-09,8.332484942381644e-05,0.12429855802162952,3.2746281645747905e-60,6.358564586596357e-98,0.011586713191120675,0.03387904056993563,9.759407131407152e-13,0.34529561423779187,0.0005503311989079228,0.0009094689741443963,6.325629600923944e-21,3.971853575418639e-64,0.04002471798588775,0.08152927802793623,6.354889532712336e-06,7.676113410905389e-10,9.756303632652982e-51,0.0019174671375138542,3.7610364293003724e-13,0.023957295319815927,7.713643894800758e-28,3.739453865203049e-16,5.754440101555421e-08,2.4546920141868173e-47,0.32636635791021895,0.00011010490385432495
sim_acct_0785,37.26042457472763,7.401324708087725,0.3152165488231992,0.42728205304801276,0.03808747963063586,1.8717552193688268e-141,0.0743165931515885,4.248710810138623e-27,5.427002779535042e-05,8.193285253068298e-18,1.0059572420764276e-11,2.872693449029422e-33,0.07473540476092554,0.32873415244276716,9.971480691691923e-78,1.1325641578500931e-06,2.4520182447257472e-06,0.00025212183681232924,0.009436369712526812,0.014176718865909104,1.17290534768669e-05,6.956475189359177e-24,0.0010806582644677031,0.19476593222394112,0.12839104264846152,0.14163557784347472,7.478561641979546e-10,8.100164349999353e-138,5.873185597155932e-96,7.773725101191797e-29,0.015650173717635055,0.014698003285239422,0.0020576281479377026,3.867672304148114e-08,2.077297102075002e-174,3.713745312638318e-18,5.663257424526166e-57
sim_acct_0786,7.107640248397351,42.10787518520155,0.47685176078438835,0.5191214540968927,0.07300207797667374,0.16749325071590104,8.4760910516765e-05,2.3267804322918605e-15,6.430876022464765e-210,5.059409832398784e-151,3.0663134113011843e-19,0.009929100120337656,1.5495881266193162e-15,3.427915508470756e-15,7.498492858912969e-49,7.520267524999984e-47,8.357514183171648e-17,1.4016518433107126e-66,3.840298500658845e-79,4.59941272738984e-52,9.01769691540852e-59,0.1689363459910494,2.6703140568279656e-51,9.797358484868519e-09,1.5003447772068528e-34,0.08603159012956935,2.2265512638968093e-07,0.5122671498169928,5.241411563786725e-108,3.587886236673796e-07,4.372301851080894e-25,6.130842912393763e-66,4.737009372552674e-45,0.007163610788027817,0.0480936002864889,5.408166510915754e-86,1.8497953351615322e-34
sim_acct_0787,77.83854216367322,3.460368290117193,0.31958011181721246,0.5916081776884042,0.11882175205906408,0.0012928644812943001,4.649100730945249e-30,4.08924303864684e-06,6.42490699581013e-47,1.262727303016984e-05,3.9637055578870035e-55,1.3496588317705119e-07,0.0031154605900083087,2.618483600211969e-14,7.083216397312076e-55,0.0477871890085965,8.841815023883707e-12,5.007008658844155e-42,0.8629116892678667,9.75144284980594e-14,0.00020446112184457823,9.542905031704363e-55,9.203536420707577e-76,0.0008810803949038564,0.00047779488100365797,6.689060096572406e-20,9.423872104552809e-38,3.5289387259365033e-38,5.941486693077466e-161,2.0500495651525654e-100,0.034430159551552555,1.6438241598005305e-11,6.489204170585703e-31,2.1283338769982804e-41,2.682156150505659e-06,0.048879767039423226,1.393800125276799e-93
sim_acct_0788,33.221532908847195,7.680194547659814,0.4013573968507553,0.4785032693080841,0.038038786166011244,7.515705820531363e-62,0.024527373111992302,0.09980997682783699,0.05540517380191562,8.23268593432068e-136,1.5943518187097255e-05,7.889860571540458e-65,0.014128955745010762,0.29380938319472394,1.837067229749247e-28,1.787024972360902e-18,3.6695007522167e-80,8.614855617347752e-105,0.013798830257927245,0.10091992561925445,2.4187408126534573e-22,1.1399020080316005e-18,1.272963577224182e-11,0.08089107540770987,0.09916098494800155,0.18556934390864366,2.510959809530334e-25,1.914744447186554e-92,9.6763314700748e-132,1.1177774745846463e-49,0.031963031940463654,1.1581289225114943e-63,3.270465280658722e-55,1.5564535948829433e-25,1.2592408299926529e-11,4.130233385407407e-27,1.693010855684346e-09
sim_acct_0789,6.005969290957771,57.62200479091499,0.422142803468635,0.6333091307439825,0.07106353821602979,0.19952869233484782,3.8878176013520557e-28,6.178787959709302e-66,2.517451770219536e-184,2.590811269015949e-05,2.0335833221745404e-20,0.0011094051528736464,1.2726746332955908e-11,2.4293295725008097e-19,3.024396235349966e-213,1.6618447902858253e-19,1.3689514717552113e-20,3.0462520875221125e-47,1.6213931957113046e-24,5.196475366399677e-29,5.4575815155745996e-33,0.1992803501282928,7.881022664917843e-38,1.1240217631448422e-233,5.198256014432627e-90,0.24125032641201322,8.318872352939107e-39,0.3539632726741733,3.529566058834642e-52,5.3977108563557496e-17,1.7213889048670445e-09,2.565393960075885e-65,2.0618111949999728e-16,0.0014301456897457398,0.003411897733876962,1.4755629065127342e-58,2.7370571906771933e-11
sim_acct_0790,116.07213252974803,3.01271401588118,0.29260400805507375,0.432253923497552,0.09953053653342077,2.1104500432558236e-11,5.539900743136406e-31,8.088570667297609e-24,1.1568621592161614e-40,4.739430342702426e-22,0.00814752100356464,5.873295868276959e-05,0.014331083210064285,4.594047389662648e-18,4.260572944988094e-12,0.00025368105692608,0.05227310562262422,2.8431480821329824e-39,0.7210821323165665,0.008939300464484826,0.0013063863808104315,6.158030019125821e-23,1.72916647161509e-66,0.09162359633265366,0.07640877145105116,1.1789220292150492e-06,2.75861160510041e-07,5.5409837895284896e-92,2.3118885792352656e-10,1.2133255058452013e-83,0.008399812547414192,1.048858265023989e-28,5.72641836656917e-108,0.007192938924451987,1.0076936993999975e-35,0.00998148269096151,1.7127195266387192e-165
sim_acct_0791,39.012996889570275,5.964378873341096,0.251423039345433,0.5069000543983865,0.04154721273917338,7.320008671203691e-24,0.011283465600960437,8.062237336399887e-06,2.4496295494041134e-44,1.5911770420760087e-42,6.544315767324455e-05,4.750490200112287e-28,1.2197665184359082e-09,0.24798363525927405,3.333757876391587e-41,1.4694323489055166e-53,3.1641410647492807e-66,4.500275921719016e-78,0.010007288363873258,0.09224880074527309,6.52924965076087e-26,1.0252473396112251e-51,0.046644262893177,0.42333404941090785,0.04039027000900851,9.606959069321428e-09,1.5632487872558836e-151,2.772923024192664e-26,3.89858263753514e-168,1.6488513483892208e-256,0.12439225795553788,9.062419186929982e-72,5.745953063562479e-21,0.0002414539429644039,0.000742053682447123,0.0026589459148410495,4.004204767755938e-49
sim_acct_0792,6.430446853400877,54.59121163181278,0.5227839800359184,0.6064554223698365,0.0653377723308289,0.06091937745420179,8.206765959565814e-32,1.1052793450437988e-49,5.09321708463246e-65,1.419475281741786e-13,3.9164901640785496e-16,0.18499435363108005,5.901839240339296e-51,3.3574534762958083e-101,3.7504385607192875e-95,4.390409926645314e-45,2.4351862825298938e-15,2.4968206611848156e-23,0.029540913549752888,1.1787420736120266e-113,7.670812800178892e-32,0.1918081205925178,2.8711621936865e-30,9.858096513127066e-51,8.84139511703816e-33,0.29856976525066525,2.6836811788682416e-43,0.22366382217471303,1.5622030117577858e-26,8.434051010603834e-28,1.9585619231941285e-89,5.461826489742054e-22,5.934500699228777e-50,0.00030216764613227344,0.010201478845953005,8.548390616762732e-10,9.246419443551228e-32
sim_acct_0793,99.04075713591635,3.196235973252834,0.26181627619741205,0.44512600722469997,0.10045664953540824,0.143558169294452,1.8240981235711919e-25,0.0074704151620222075,1.3065303753558707e-23,1.3709143022923728e-43,4.57585061260221e-07,0.0020987488930113173,0.0003661718278479703,1.691019406495501e-39,4.0200071350506636e-47,0.00016432317502758823,0.007676782412103757,1.3616873916892191e-33,0.4509839989281347,1.2408778226057086e-09,2.3762332123499908e-07,1.1024806877214368e-41,4.019776666609939e-09,0.0863250557288758,0.0008207919919835573,1.5069185749855454e-13,0.02277220105672168,7.519126393423758e-28,1.451211825590325e-39,3.8846309772525694e-83,0.22467182225314042,3.9367185585236102e-31,5.00724911082131e-55,2.297637813410463e-13,7.826431840843798e-12,0.009701386833821955,0.04338943196561353
sim_acct_0794,34.5642858468099,7.825879333657892,0.45149327559605507,0.4109509434649685,0.04255122295691877,2.4034312313156872e-31,0.00919181059669036,1.2160718174891143e-11,9.380757599970035e-13,5.1611497226942884e-33,4.0978082301812734e-09,3.2568130474411504e-188,1.784008023112243e-06,0.13508074363374503,4.049593924897013e-41,1.3954818215224867e-25,8.35446911521774e-52,4.937415914325776e-50,0.07876608228496595,0.0009032791573755564,0.014189974444663425,3.240234628983425e-54,3.1499021238622205e-07,0.49677091816150126,0.02367896724634783,0.0006779692710597338,3.2550496119239774e-72,1.654736677165066e-10,2.1382285078796905e-46,6.5800179633733354e-18,0.005939954946843195,4.6732666413468727e-14,1.5292442396735734e-31,0.23479819698213036,3.4775372139049065e-71,1.4806282844876032e-119,1.4360100981432084e-14
sim_acct_0795,6.1282420475724955,68.87304569809378,0.5685571829965518,0.649014688660461,0.07657520888474918,0.011805055500981959,2.465023640665974e-13,2.132162344250893e-127,8.32319571688022e-23,2.938995370761687e-08,5.190832739049756e-07,3.387057396757153e-09,7.905949127469179e-57,3.8904605761637294e-89,8.57014193036578e-24,3.7246231577295496e-39,1.0108000913695073e-38,7.552915833457828e-76,1.1813678946534123e-44,4.363702857483167e-21,0.1291942332989366,0.4813506139673647,3.537514735024822e-14,1.4371034914586363e-96,6.859990128004557e-54,0.22034175594265087,2.4480805324916585e-25,0.15056486213879258,3.3832855563271157e-14,1.0055225104741062e-45,0.006151456386638049,1.2426768654186907e-11,1.8017595410558652e-67,4.599180637258375e-08,0.0005914248998011658,2.520933557101129e-19,1.851769069869908e-23
sim_acct_0796,87.20257519152807,2.5567005113481605,0.25627019194997047,0.4851455803136451,0.10731261108857712,0.0007693657588908798,1.476899560121113e-78,0.049597356656270145,4.4338293846082206e-08,1.558089576922574e-35,2.8075400110447524e-07,3.6465073695574655e-09,0.0037975798733359354,3.346305531220497e-66,1.876865169030926e-159,0.003157829965362525,3.3343402595528374e-07,1.6196737678556076e-11,0.7829846758972641,0.000386583085440917,0.02001811076341772,8.901295963972386e-12,2.2845151589645618e-91,0.05936977051577007,0.00027061906767151026,0.026069431973354665,3.3540651705225283e-13,6.593294318882048e-73,3.1411347059712477e-17,2.1617952577522504e-91,0.006182012694380841,3.563644889172042e-20,0.018061987418424148,6.3192754046194525e-09,9.973770838989664e-24,0.029334007812879655,4.3567401528434115e-53
sim_acct_0797,46.08910313842167,6.42260228645713,0.4356436145907493,0.4339571138047785,0.0413482415127005,2.2527606640211577e-14,0.0033218087366946518,5.185295198343224e-06,1.307624649340526e-15,7.073287641672827e-14,0.0021689919142270924,7.451633016226244e-44,0.008029398654882914,0.17979397360106403,9.581014720713055e-32,1.6732047195681405e-95,9.030878742813055e-42,1.5156035301795556e-158,0.06481874822925082,0.030241354931357878,0.001104333370054758,2.520564533132319e-15,0.0003137127280725341,0.19181646597309865,0.39357031543299936,0.07004633807216779,3.627269811995618e-05,3.851397902411214e-86,1.7851733289920599e-56,3.017306799893741e-11,0.054733100332540856,3.3557390784310093e-16,8.128506230205775e-52,1.456130039778663e-24,4.832484545185154e-42,2.8140642485662886e-59,8.878436388553286e-27
sim_acct_0798,7.172250342730217,56.138699267721485,0.40817982656475843,0.6609214727132766,0.07659703229713498,0.03990052701286586,7.010266469027107e-132,7.5169935805317975e-84,5.184451189704287e-19,9.484520643972243e-53,0.024475006104377302,0.15070371885651918,2.5062699410899827e-05,1.0127898232196794e-14,9.441421588943217e-30,1.7446855004746125e-58,1.5527760750277597e-36,2.0336903350656806e-81,3.1483310308970634e-05,1.6562982878050988e-43,1.4235825398895644e-19,0.0898527775796774,1.29740220287862e-09,0.0024077646121882937,1.449084250650724e-51,0.1708549413392389,8.342139676796578e-50,0.39535256463624907,1.231284879895147e-38,8.950002832860049e-39,5.308094857945727e-59,1.7314953861053886e-86,1.7931868609023478e-08,0.004771203974396946,0.12162492934550495,2.9462441765993756e-15,1.299978127936745e-09
sim_acct_0799,108.37605625222396,2.961044007625814,0.38439174094198686,0.5152080047064599,0.1300653760359435,5.352255110433319e-09,5.7566062320419886e-98,0.002001051503390319,4.729593255062964e-90,6.942464211251958e-16,0.0001307576297256775,2.5849250538839134e-15,0.012041470209390002,7.987915924889004e-11,1.8163557887521434e-46,0.0025655919619047224,5.283802885000384e-05,7.705028971584368e-50,0.533648969145085,3.4750654743860313e-09,1.3907130646880369e-07,9.480523658367321e-26,8.8305996543058e-105,3.3289769804170156e-05,0.13287298283740118,0.00027409625689198987,0.0013958069509942283,1.1737546237479646e-27,3.877093214826268e-05,3.6641059658897645e-232,0.024211536099706128,1.58580915943056e-60,6.680553843343967e-83,3.954390017148609e-18,1.8790058942230005e-45,0.29073269069619895,2.340263589853675e-133
sim_acct_0800,39.768010554272934,7.112518427958211,0.42546054823328855,0.5910838583071757,0.034317022226267216,6.1266382109125e-51,0.03274040911018242,0.007264853656417203,7.276732367466912e-06,0.003437673828881129,6.762776137175627e-05,0.001534828554312851,9.578764130567122e-08,0.3637124844794805,1.7247037578726457e-11,1.724658482452387e-58,1.582141282826599e-21,4.797757732720489e-209,0.007111142911280419,0.0217977524824802,2.312429400448921e-11,1.584267887154542e-82,8.100125158151701e-07,0.09385271046056723,0.3822223004893187,0.0022937050843104337,8.584156159146455e-37,2.435404580344855e-10,7.842585612870956e-11,4.283724346414868e-53,0.08395632828646185,2.028815097147559e-63,7.322400206059144e-14,3.152037205913532e-48,1.1437731226611285e-131,6.50728337779892e-29,2.6625141040705985e-128
sim_acct_0801,4.872753791461245,62.69216081923653,0.43911602210786577,0.5662032870743847,0.06623124280614151,0.05159909072151184,6.7089930430508555e-59,1.3223187423353678e-187,6.113336170477447e-31,1.8376013427048178e-05,1.0219022230839038e-17,0.001038814100149451,4.9631255863699757e-113,5.758082182975843e-34,2.860379345476288e-14,2.1208138096734226e-122,5.946500603111497e-107,3.7797164536893254e-15,6.706057088777704e-79,4.12491977117007e-52,1.4554247903689734e-45,0.2080419203750523,9.065862952249144e-88,3.07410556774931e-05,3.5405909657416743e-96,0.3569220430200938,5.125426639194591e-06,0.30169066150403406,6.429654621765814e-25,1.390018859113824e-09,3.1565000402615306e-83,6.760067067099761e-72,0.0033828803754402184,0.06932417075021986,0.00794617526770358,8.468378973083031e-31,1.2857733953545618e-81
sim_acct_0802,124.6087546604526,2.646889558591605,0.2855208792212945,0.6441836080864236,0.1018463618300085,4.60424166208557e-08,5.943635670010611e-29,2.6837731209461673e-16,1.3649461449892886e-66,7.443173191480654e-43,0.0001258609607762059,4.956605960124389e-05,0.052829206562477575,1.488177797608075e-10,3.967239929607536e-48,0.30848760157916333,0.060416184290923054,2.1674539576599456e-36,0.24919975549847023,1.983377684279125e-07,0.12772361182296812,4.6051416430699495e-28,2.5792326461720455e-31,0.02277671797190625,0.00014236798781272716,1.5556626602456554e-14,5.000179951670798e-62,6.076481024557641e-31,3.470318862662216e-67,0.0006119853685939798,0.0008215098966064646,2.016779323451957e-32,4.0037816373497703e-16,9.90808680014169e-07,1.0725009216910783e-23,0.17681439665824816,4.753675001683089e-12
sim_acct_0803,40.12296179255131,6.391070237251863,0.3184071313767859,0.29730610627440335,0.027041641833905623,8.15281415378787e-48,0.0015528305529747208,6.349929459389274e-19,0.00012594199137919553,1.3809418097435814e-08,0.003447597649656794,1.435616696421063e-63,1.3424525610184353e-05,0.2429286929899253,2.4294947278865617e-16,3.2282941492165503e-29,4.745962018649234e-62,7.967450262443567e-05,0.0012951410323667454,0.004644999444568066,2.6953459229236344e-22,1.5515441390084794e-39,3.389706397703252e-10,0.15974606129435545,0.16818581614783412,0.4080520629240607,1.7651120739319148e-97,2.80141303338852e-179,8.385689471259748e-94,5.26673372917905e-19,0.009927742796254867,1.6113582276377151e-37,3.881258081338748e-40,7.623759251769195e-60,1.4738338918257758e-25,2.41876101275483e-23,4.1644894974046337e-16
sim_acct_0804,5.8934985695986475,57.28163450182064,0.49238911911690264,0.5518457748699078,0.07144262438670454,0.18356365651565335,4.57684587173989e-93,8.358862473094673e-14,5.828393767532079e-29,9.396332319988851e-07,2.164894378104065e-38,0.004379568773579151,0.005631456776361831,9.091257031273557e-10,1.224557456900499e-46,6.235472071718067e-54,5.874030175695936e-73,8.54314150537791e-75,1.6556811605288825e-11,2.095927895622652e-52,5.737060169332154e-20,0.1704762499316719,2.70268766493327e-19,7.538173004617262e-33,2.9212798080665193e-25,0.38683215093550327,7.011609963967756e-29,0.20933821570627043,1.7363519567342005e-58,3.2949280791960166e-48,2.209180648796019e-37,5.946993743966435e-35,1.4739795021871132e-55,0.037459199176105504,0.0023185616258563904,2.6866394636412543e-16,7.6856805961021085e-81
sim_acct_0805,77.84059696475191,3.735823716850515,0.31060498531269454,0.5192338791176283,0.12183470563136471,0.0005156214580150344,1.6337574146364578e-64,2.3531495566916627e-06,9.169619390336989e-76,0.0447900160588103,2.1682060147109197e-06,5.684682417686174e-09,0.09529878779760817,6.126617990870603e-26,2.5253689166892393e-08,6.539644247362039e-10,0.010749068669969242,7.759366155802919e-60,0.6734255017808604,0.00025584759193175266,3.226804036990204e-07,5.821234307759955e-195,1.64714128860963e-15,0.05782084806834822,0.004174587197450428,9.777929496396838e-12,2.6309001404628617e-06,1.0367107366453259e-22,1.169764597239184e-88,3.2013213562226576e-245,0.02087670131232763,5.399338135338881e-84,8.593227454868984e-10,1.3076860039067698e-30,9.733072684580567e-23,0.09208551266712502,5.9526682624989e-21
sim_acct_0806,37.479034534316646,5.6409536360086525,0.4472169699610245,0.5655709223860343,0.030773817566893766,6.830130581993329e-36,0.25865879668534647,0.00038471120938861705,3.989652064329279e-06,0.0022830318329396405,0.03031825978324114,1.0164401913694453e-48,0.0035661962179409385,0.1899413409890923,3.697301198566928e-40,3.470624605631138e-07,7.739986320020427e-06,2.519596071467228e-202,0.0381719272845651,0.26757380385844426,9.464614484415795e-17,1.4646314991473662e-09,7.328313336325092e-18,0.0794712168567681,0.07299780004130954,0.05583225703376998,6.875463223171655e-104,6.260073051187252e-47,5.8381006577850194e-64,1.3070422147795236e-63,0.0007884189987363484,3.3805200242677396e-16,2.156299001566319e-39,1.6104298063416176e-07,1.4057056653561767e-83,4.254074381657961e-36,6.275884946113244e-48
sim_acct_0807,5.091560549806281,52.88562816363311,0.48112099641483624,0.48199632203018417,0.06433822907044312,0.1419667880905203,1.4051049779363629e-125,1.6041562401828293e-35,2.292927310748606e-68,0.00022200419886674906,1.6244145744745527e-30,0.04473254450132222,1.5811053678893215e-28,6.508299559965168e-20,9.644491834084062e-26,4.1754449312746765e-12,7.267105099406991e-14,5.08045056012149e-29,1.610785153689936e-44,3.725956853384467e-37,7.099419075293139e-25,0.4504025623561745,1.8783285042783314e-11,0.1482038046165687,1.953594743010085e-35,0.14155475498426523,8.586034738636063e-51,0.07279439655614127,6.289073615372603e-19,9.949658866568726e-104,3.03603856021674e-63,5.620113184001797e-82,9.858404770497408e-14,0.0001225574962978403,5.815164297063476e-07,5.66028346182424e-09,7.387536138083713e-21
sim_acct_0808,89.09947380298814,2.9791634668718974,0.2723221287877956,0.4549411897455629,0.12729035277886216,4.81134200413276e-08,6.188212690887767e-40,2.2927755117219325e-10,7.806021228244964e-10,2.8704936884525956e-65,0.0001317909327163084,2.035092273114296e-05,0.29197458107378266,6.834666505106959e-21,6.513297464143107e-21,2.7568715670006694e-05,0.011472530251117122,1.688077564229415e-12,0.5280441893938076,3.7030273163271334e-06,0.05160426449172124,7.356445798193207e-05,9.506244579196258e-28,0.008096523859209675,0.003175586405358183,0.05928405327176329,2.366617762783768e-05,2.293437465778107e-83,1.001006817016887e-33,1.0005776537881613e-52,0.00031944820741454215,3.2757365241794595e-17,2.2041946198691615e-15,2.697715969963894e-09,2.903727075892953e-67,0.045747606124185554,5.208648906640833e-07
sim_acct_0809,43.15143879913406,7.073256899885434,0.34923413057198305,0.5211402279159224,0.03894173845482192,5.065208021438753e-13,0.003236142622084721,8.992818804759372e-06,1.7084504269040667e-08,4.9252099117586265e-11,1.2827971650425537e-05,1.301004188841424e-10,0.015826610969815948,0.2321792183019604,1.2782604671103823e-39,3.501913259172579e-48,9.942369304643072e-148,2.7581546678980025e-146,0.03417809712053705,0.03289645593065153,2.2075741994324707e-10,7.67084349314093e-117,2.1748459647275685e-06,0.25152829150927497,0.37163701488546613,0.04110300289319701,0.0002784096302568382,5.4222780361992915e-14,1.5053269880690268e-24,4.66912075532356e-144,0.003648782917974043,3.343598741638391e-37,2.8698611533448025e-08,2.943034409108273e-24,3.1896823221588734e-19,6.828901517891669e-51,0.013463931398575203
sim_acct_0810,6.036969034069103,51.09399241768533,0.4097827840848605,0.601070879373624,0.06664923821279244,0.26306371190974837,3.538226908599667e-30,0.0002600412225904234,1.1656688672850281e-17,7.301073727087146e-10,1.7054869616596683e-15,8.9034583299527e-05,1.672735900885475e-17,2.3320359023818417e-10,1.083314405885383e-110,8.127153362471428e-47,6.755801391763297e-51,2.358712954466999e-42,2.092002189875468e-06,2.0884633220502176e-49,8.688154695376962e-156,0.04431657549921512,2.190693345702876e-119,5.105077133625272e-47,3.986597930020069e-32,0.08196049687963258,9.158917124954416e-34,0.610002495737378,8.006962438523512e-51,1.0629683310563314e-39,1.7106752388867024e-20,1.416027184587689e-28,2.9604376026955727e-10,1.0254531203354158e-05,0.00029529637538629585,1.5029312088083402e-82,2.5472924063054723e-21
sim_acct_0811,76.32483452092242,3.1471698540164823,0.3463569303498799,0.5453064627228953,0.12807959062548593,1.8405387909335788e-05,5.233615110355018e-09,3.4214488445120926e-05,0.0001913624024005913,2.856292408888431e-05,2.492392607680398e-07,1.1044882863529478e-21,0.00040131979021189545,0.00539940272759036,1.3636730737240052e-29,3.257134398638139e-09,0.008697658599008716,1.5485734445739534e-85,0.30501778772071203,3.194598855966712e-20,0.04118273797160402,7.325710370983984e-15,1.3176972401314712e-120,0.00025854823102785304,0.26690780426086924,6.477179308403194e-08,0.13936950770915674,1.7240213018719108e-14,1.247633545209995e-184,3.6964706593647155e-20,7.828472245961498e-07,3.744124246113998e-28,3.935383128309735e-14,1.236240284114946e-06,1.7648061709537637e-21,0.23236640847454693,0.00012393772305221323
sim_acct_0812,35.794456276348946,8.413039605507658,0.40957895441544817,0.4770222721692898,0.03435648493388345,1.4349724513200782e-32,0.006193428973800783,0.0031602322408718774,0.001263914478519986,2.492195128957728e-75,0.0014350710477001058,3.43863861531224e-20,0.003382896651736746,0.4327210832212076,2.27926585186256e-06,9.012691342138303e-08,6.226619098841907e-36,2.3113377510304316e-16,0.05472234535603867,0.013659174172914566,1.2395690646200227e-07,0.008013239248902746,1.479714548426299e-10,0.2568631065638573,0.14094078413006875,0.03784975772838612,7.279596771182246e-207,7.500840020205021e-24,1.8759670470089573e-93,2.2056768364628377e-16,0.03979247240715308,6.868376123395055e-22,1.2940575134262855e-49,1.0902540826912406e-36,2.0850465003209206e-180,8.511801728682336e-59,2.8119814368627524e-10
sim_acct_0813,5.7606968302324475,58.14157291382301,0.5040325142552192,0.569741861076504,0.08263654246424652,0.11594610514124158,2.8369215696779493e-11,8.788920342614865e-56,9.89518935591045e-66,6.666901170166889e-09,5.979840514793621e-22,0.1122035280906556,0.0692360510789792,4.33320906275762e-08,8.561240638345286e-08,8.890374342393982e-77,3.913738449780728e-12,4.686564374253677e-13,5.377817793672556e-26,0.002175106769724065,2.5483017606827713e-53,0.11789739433761093,1.0669787999715185e-05,1.7715107697553365e-79,9.09666506592848e-18,0.09620706403175391,1.5146674803014857e-209,0.2891577850868797,4.880977159405729e-19,3.792943497170474e-39,1.3575405752471603e-57,1.1431774067923257e-69,6.542873567101014e-07,0.19716542568776396,8.005588496042333e-08,6.601714011238832e-175,1.8862779295134654e-24
sim_acct_0814,80.46587911934759,2.7588540560920363,0.30623324774883326,0.5489700048449653,0.13179422047299555,8.024022322449311e-09,4.910672760728363e-22,4.609043193856686e-06,5.836018194850473e-93,1.6357567832864309e-47,5.571871235479683e-08,0.007311917659931668,5.074943916140717e-05,4.874957090747991e-81,3.6952353350427905e-36,9.143095381465455e-05,1.1207578805341529e-05,1.3240097283042212e-20,0.8320646506695125,0.004007064861682747,0.13051997794741152,6.606344072882382e-61,1.3378248139878445e-47,0.015690119401971483,0.005168568197650545,1.381463082381957e-27,3.6356964112373816e-20,4.978316696634678e-05,2.9900306330638624e-21,1.7673800302612377e-109,0.0033429864760693077,1.0462227336564088e-13,4.899457727668492e-05,2.5201396633050476e-13,3.721927841428108e-103,0.0016378762834605748,8.102940042790174e-105
sim_acct_0815,47.4594632327785,7.233260980737927,0.36420620234654477,0.3725521453979369,0.0331114444584305,3.6148448442726863e-29,0.04232626994214887,9.301034592203554e-21,0.008559872817483773,2.3452060088849486e-07,1.9681352788599915e-09,1.1686675602405954e-16,0.013076838471345774,0.22595401703474496,2.4599763512150925e-87,2.2523621510075597e-27,2.5827450607699547e-58,4.175061817194627e-05,0.000595753125296432,0.002013770135882922,1.2504898497229793e-91,1.255986318584409e-16,0.0190756128314122,0.3564630471251979,0.03476746489084072,0.03482204051138247,1.39611788090149e-46,1.5644590803356068e-13,1.902384767213927e-10,3.764941590515151e-142,0.2623033232321492,2.2328899472049187e-25,3.027226737572304e-51,2.5848116324304145e-09,1.2075629516313715e-55,4.249081966764893e-33,1.7894513933146762e-27
sim_acct_0816,5.228130690911063,61.81166947164121,0.4841236745113713,0.5595827358615368,0.06496108051498649,0.13166278274391613,0.0009335208397029533,1.3314693082851498e-18,1.1733468782438213e-11,9.394805300155806e-84,5.561704546739685e-11,0.05330901123283417,2.2498896631243695e-44,1.3789552894869876e-139,6.037290817807255e-51,8.690508203302919e-44,1.5499873237358867e-50,1.1959125106386024e-25,1.314459164189462e-06,2.92960325018666e-14,2.6698011985630967e-20,0.23596545656183784,9.38379668366108e-66,0.0014089094581047144,2.67710938239727e-09,0.3477784077034392,1.3380769976701027e-35,0.22590393378712925,0.0004447387194959416,9.205117166991998e-41,2.3043448288548654e-34,0.0006044814306099231,1.0235500571606218e-65,9.113823392212095e-05,0.0018963020852333142,3.474716273017945e-36,1.2106828001121325e-13
sim_acct_0817,89.3730060595426,2.663032444523983,0.27218775546988744,0.5363133488845326,0.11476608167051208,4.7693171465450026e-06,5.980365898380937e-104,7.26779795269972e-06,7.852836727745968e-16,5.622220538824807e-39,1.0882992951421492e-06,3.2532288671372965e-05,0.07536306842868687,9.278601070739996e-13,6.461696909397816e-10,0.01032001515105416,0.013832896590259339,2.0801986309226575e-104,0.4017989633875249,5.840827396527132e-12,0.003665407322373961,4.394312535426604e-28,9.838412287369848e-48,0.07141023598695044,0.12423979440123727,0.0055884440041915435,1.582405172886159e-31,1.8487826870515239e-146,7.087569204190349e-13,4.907611791552654e-05,0.00437352690722012,6.001584745381568e-151,1.0799979636987757e-10,1.4142693730247082e-21,1.4501152030626294e-55,0.21216753181013137,0.07714538142774102
sim_acct_0818,40.4112999815022,7.07870321450737,0.339076349732942,0.35058424432107305,0.027830499783966185,1.170832703577507e-85,0.02466966450838932,0.21691959045940312,4.947666132984382e-18,3.1646447084968504e-80,0.001413331769097802,6.726293572170854e-137,9.772351785904431e-08,0.2417057298617978,1.8918239870265117e-13,9.952466155751314e-43,7.287041147310864e-25,4.513788547998627e-34,0.01129078279822036,0.005946500486377353,5.376687979054256e-17,1.62340097889333e-07,1.7115498739845064e-06,0.06766003353275098,0.2836768831981944,0.14658403106144513,7.914289267408753e-59,5.086354434457124e-13,5.227366885234393e-52,1.3034749128388221e-74,4.608039123075766e-07,1.7998366782360172e-65,0.00013101990572045774,2.3999218962299805e-39,3.665809569207392e-32,5.03456661016794e-13,1.545390069555695e-29
sim_acct_0819,6.724124995043699,69.64904045280119,0.6777403891546662,0.6661845284219369,0.08940356851636483,0.1869856807558232,0.0038063106264865955,1.6279056407896225e-52,1.068436636406936e-12,2.798798882599037e-15,1.0977410683532185e-106,0.035692827918008346,2.310270793076254e-05,1.3795671092765879e-55,6.020500053862858e-39,5.325740756094759e-46,1.1224711855130815e-22,0.0003490428704999096,8.712176260124288e-06,2.588592676603891e-25,5.908054062424409e-10,0.28871179457428175,2.0925452075731692e-17,1.109342036613267e-69,4.4303283437994876e-05,0.13553271575223566,5.2459444357247436e-05,0.342698767700467,2.1739896738577497e-27,3.7942185246549894e-19,1.6946294425665672e-85,1.4734805419988655e-09,1.1035867590250713e-29,8.2812061590582e-08,0.006094197312792719,1.5907085995240913e-43,1.8970458617439155e-38
sim_acct_0820,88.92328906871847,3.205764092277258,0.26003316104898666,0.4974885612080362,0.132393143276143,2.1951037648568175e-06,0.0016783044955038522,3.727737700065379e-11,4.187318931700464e-71,4.921912608387649e-12,0.0007147283931776038,3.270042441117711e-16,0.4239332124180368,4.37992071293145e-12,2.9017797874451754e-227,0.0007512049151266223,0.00540972236556454,2.9858971955614415e-43,0.2854532855807708,0.001628821111061352,0.0072002719199582834,1.721589758864459e-36,3.0765696620999954e-19,0.014326398603103026,0.0795129474894938,3.786736963201619e-07,3.2511686473668044e-12,3.7404891256610964e-49,1.4703347741633751e-18,5.47133525032929e-57,0.0374926036074573,1.2807843000422128e-130,2.2741652240854497e-33,0.021317176800588384,2.3652032231961314e-12,0.12057874847050053,1.0752544552056756e-25
sim_acct_0821,37.45854072591638,7.7803199702505985,0.4348607810853104,0.4866249495346249,0.037649461581975255,3.9691207411969935e-13,0.0014580465492368567,0.00468157338784177,2.650588832347036e-09,5.612399744060461e-35,0.00027874654333714396,2.1946244803535064e-08,0.03224752971026575,0.3489642027119612,1.1986272940237068e-92,7.700746052175091e-15,1.1286351038877155e-213,1.017753050904009e-91,0.04441908537173943,0.09593978304011413,2.1087928024808914e-15,6.250454669767415e-49,2.680431293225505e-09,0.31605280777396944,0.1165453984378925,0.0037244751004827407,8.700257957710137e-25,7.54225553809249e-15,6.670395248340292e-14,1.350365313600535e-76,0.03566764810014863,1.0429971757873618e-08,3.477787119261191e-67,5.099681233420481e-111,1.6478099407297733e-52,2.0665565292575807e-05,1.3941027084959095e-83
sim_acct_0822,5.829951863920605,59.662764523541036,0.5192214388951429,0.5626209126475432,0.08365415726193842,0.11805492541699343,8.486192708886661e-22,6.92754593963242e-133,7.138204421564554e-32,1.082179080313564e-139,4.661592865175238e-128,0.0009664902858927807,6.796753534234431e-104,0.0004542746224815542,1.4304046204659136e-38,1.1509858463960404e-15,8.837133995579379e-85,7.46396437217601e-102,3.1207863736575935e-287,2.2223329031828248e-80,3.751265089601852e-18,0.28462346130205013,1.743186368685117e-16,1.079115084373086e-66,1.0285988838209858e-63,0.1657388471341679,2.642504446538003e-51,0.3497288376628071,1.0299598101616304e-17,2.8036487412735112e-37,1.8745416923165463e-32,1.5436028092618927e-37,4.225657509516458e-29,0.08043228141421858,8.82161387288439e-07,5.401480409115518e-33,2.8236200538851892e-22
sim_acct_0823,98.19939348513446,2.549703436730475,0.29980557084038306,0.529476802189227,0.12524625597663422,0.00032102600126368775,3.05665776292835e-39,3.661821172286655e-26,9.689635924546526e-07,2.3594879818774197e-90,1.200708857069958e-18,0.004313694230785964,0.25190115709070104,9.883375701461212e-19,1.2595502455704048e-33,0.13641171006651595,1.493230242796922e-08,9.332747092130103e-82,0.27038475835806475,0.01088737506011324,0.01090309403001262,4.604602579204457e-42,3.1042724387369964e-32,0.0026917371464475555,0.001027402094500148,0.002103624644094246,4.4883074876579304e-11,1.643182217121823e-25,1.9518368445903112e-13,2.7336128918957894e-91,0.003502546328638989,2.7124162392252057e-07,8.478555906010334e-08,5.947454540966662e-11,8.712672344345777e-104,0.30555053492123113,1.0057020451996245e-47
sim_acct_0824,35.32824752286369,7.047129835125851,0.36381266014498287,0.44567815748750494,0.036744519640847254,1.3294311388940795e-10,0.030432828492526487,1.2730331267496475e-09,0.00010056812471910604,2.2873185713032515e-10,0.003170790431268485,0.0014284313584926904,0.00012065835485496945,0.3926169965130614,2.216513588439935e-50,9.242979085226843e-07,9.821934382296423e-09,3.010257915070115e-45,0.021905051628515956,0.027115688074678807,0.1790069389064255,1.8572788153371357e-58,7.18078465837413e-21,0.19764737335692278,0.12361884252565952,0.01973053113156705,8.293764463504161e-08,2.0128372436566655e-46,7.014519718194461e-16,9.096248093226937e-11,0.0031034302220133126,6.9201570515005136e-18,3.684333099626185e-23,2.1093547946611145e-41,8.353232059429515e-07,3.5599640565149727e-66,1.6772929187867945e-08
sim_acct_0825,5.757931132763175,58.21806343362723,0.49905849802750946,0.557022763790408,0.06863957435992835,0.17984512856032597,2.2404900420489435e-94,3.851892340835706e-14,1.5820448679848429e-91,2.3541767702724393e-47,2.4797074080232437e-34,0.08757076347303486,6.253768110329406e-14,4.582149740726101e-120,1.7927090575466244e-116,1.3286380186732007e-21,1.05618123546859e-106,1.6804252544564455e-15,6.148982717632417e-06,4.7946115416949955e-49,1.4786364503334608e-08,0.4345894924524182,3.7019379824627514e-26,1.6761263603526012e-22,1.0967987275604372e-12,0.06864276368246583,3.323084871590072e-64,0.19645347439132727,1.0552113321996398e-30,1.3765168655222661e-33,1.3142218336890222e-08,1.4151905055299292e-22,1.760678580678818e-60,2.6849285984085444e-06,0.03288951559932928,9.72421763347268e-20,4.08984565730622e-42
sim_acct_0826,98.41085368597523,2.5555314432468452,0.18604271605655395,0.46218803628761845,0.16094065344345088,3.834803431880291e-21,0.032852063145203156,2.9656341028404777e-10,1.0632349683423383e-90,9.945151662342884e-07,9.850585732697866e-10,2.54186392495035e-05,0.09282210514626953,3.905593089837469e-45,2.5204696191974556e-07,0.1500683082949202,0.002441527831277137,9.170468082959688e-57,0.15336943851732704,0.002192064337719881,0.054962683506395556,1.014028608501142e-23,6.7184667318501e-19,0.00034586563015403805,0.01822856565942089,1.1345650856199145e-13,8.586782702655818e-27,2.78580907140838e-07,5.304301162544572e-65,2.539643129432788e-09,0.0019123431891892204,4.467782505627892e-67,2.3291662213001123e-71,1.2517103615699488e-14,7.616756263243548e-61,0.4907692963098715,8.79082857586829e-06
sim_acct_0827,45.62795112079947,6.363101937601674,0.5116194161210826,0.5613963833816318,0.04579280718490543,1.5930886956400227e-34,0.1599341549584527,1.9265320092211558e-21,3.900768865389152e-35,2.2562597828502104e-16,4.061318147492125e-15,1.1522170314382105e-65,2.2329374492366911e-10,0.65262023761249,2.9719566120227756e-31,1.2552268445950766e-08,1.412466092026309e-10,3.620250462720248e-05,0.00043646074126417684,0.023085525491000645,8.471862414624146e-11,3.43713027512331e-19,9.305360356363035e-69,0.05131378544018895,0.001972122169688616,0.09571160865023237,2.283811457539526e-144,2.4766915871277753e-144,0.01336601015930045,3.3273775472814138e-62,0.0015238707675919048,2.587929299626043e-41,3.366081256958566e-45,8.503631298970428e-09,4.466405515774494e-42,6.482383071921925e-153,0.0
sim_acct_0828,5.7712566641499885,56.03481001385969,0.457169244418039,0.5892773044424519,0.07206092094491752,0.2693715982359335,5.032047182881508e-12,0.0003490671539291824,4.0852033254669814e-66,3.150779428425336e-20,5.972896023756144e-65,0.002446002683416156,3.4011433014343794e-63,1.3105363757303295e-43,1.9644440960946088e-150,4.571231771084332e-17,1.2293660677688224e-08,1.5285906932285302e-17,2.0488087223718053e-56,1.2114757573661408e-70,1.0107514983981961e-07,0.20005238487911328,4.9071128335802056e-157,3.638556053534152e-58,5.660447943541643e-247,0.11722810804304427,2.1635424338399602e-57,0.40551430072408745,1.5449691083281323e-17,1.4427114437504847e-49,3.8856835166096337e-63,2.387256337558295e-27,1.1060897082063086e-55,0.004945860390722275,9.256451591113707e-05,4.52745533502403e-34,1.1912190442572903e-55
sim_acct_0829,78.63654750637349,2.5400512470794925,0.27975489994133257,0.6447991282296359,0.10607222318177163,0.0012554996369360627,5.018400217569709e-104,3.239650303222126e-13,1.0327016315151481e-07,3.8362655194112346e-18,0.07325509062387306,0.043362149833117314,0.13853469332367901,8.762089879013498e-130,2.3128405385518959e-07,1.8943090330015083e-09,0.049363988702894435,5.846437251920734e-118,0.19959163237826866,9.125764889761102e-09,0.05686419348997298,1.8709508465316585e-48,2.579846331727171e-203,0.009589726384354439,0.0007392183055262979,0.018272867658275387,5.647734578653044e-17,7.409578787819189e-42,0.02861939070429337,4.692283856369588e-25,0.24832734938039572,5.108076704314564e-89,5.229527721050227e-66,3.8287047613834604e-17,3.3762148837447173e-37,0.13222385400379813,9.402532328483411e-51
sim_acct_0830,42.00216771922319,5.156646755188537,0.3752820710942729,0.5940649073663946,0.030841719613640423,5.899708521475589e-14,0.5846995896634992,5.001627368173962e-11,0.002682266697251045,8.020008753865579e-25,9.263787965703007e-29,3.297213279738967e-05,2.140138979282152e-11,0.0016708240122871678,1.282493998409886e-95,1.1284226753090927e-26,3.19874620572461e-50,0.0008415480970853917,0.0016357785505264058,1.6150540166675996e-05,1.5196952420082666e-10,5.537880798402467e-79,1.1791684649097653e-11,0.04459864971602562,0.163886797094932,0.19287976859287104,1.1345137120171823e-12,3.367088220026668e-61,9.89410242203913e-21,2.0977658226340534e-58,0.007035887939277816,2.0423789981733586e-11,1.7042538907085484e-51,1.615881349617369e-26,2.783350655138622e-122,1.9766706483898584e-05,2.2575698271473928e-61
sim_acct_0831,5.834805812894783,47.0365684892233,0.4923469490912951,0.4184989468253203,0.052889662034287625,0.38867243918143624,0.00017951358935661875,1.5357531246292282e-25,2.229412064487191e-69,1.3490457293160288e-43,1.0155072745678305e-47,0.01061189332640194,2.4183865885517777e-12,1.712930935786603e-40,0.0020836830959254263,4.183268658595535e-105,6.592760399870216e-83,1.9818434432511375e-55,2.9092857891454513e-191,4.002017933365967e-58,4.7338770089062394e-107,0.06653760841757164,1.4835586462417544e-34,6.614826369397392e-70,1.8935455377631807e-23,0.05834010772414298,2.910276912903531e-32,0.415197900188501,1.50909358549415e-38,1.0810980333906729e-27,6.405589241881738e-16,1.3475893753879225e-29,3.374611809189879e-21,4.672438519268087e-05,0.058330130089052565,1.8624284439933326e-110,2.9077698146647035e-26
sim_acct_0832,101.65134980926025,2.8936218242156153,0.3305826311331392,0.5561480967384946,0.12589338021128954,0.0025872268655686556,5.637165775901859e-07,0.0007580023001942342,5.856752373830723e-07,6.92975537727388e-60,2.5685875471751924e-13,1.3871749163140035e-06,0.2067861558142299,1.5646387827195972e-29,5.7619045096189085e-33,0.0014135601020031426,0.000927373199209296,2.742962497542661e-108,0.40305616490625246,0.020177290111407807,0.0005224813303240515,7.85802392660747e-60,8.807630072825091e-28,0.005762850190161983,0.03211688221171222,2.4434773738526246e-06,8.203303857208896e-06,3.517819501966618e-07,6.013940242594817e-05,6.756247530177281e-14,0.15728267279814281,1.39898697683153e-13,1.5541897971803715e-32,1.3048214181032592e-06,8.407887949306594e-50,0.1685343608165726,1.3538482677040238e-85
sim_acct_0833,33.849044995261586,9.01258528248742,0.4148806468252306,0.42741671540990844,0.030641184405898896,3.52233506016397e-28,0.0018914190059178056,3.5940989742187997e-16,0.0011112836169630434,1.7793732926626733e-52,4.0970658718399037e-05,9.215626696414643e-50,0.012749282072026889,0.30320787110331704,1.6802248663432343e-19,8.113796248157153e-61,0.0017973933075398783,1.3795152479633303e-118,0.09793163981654146,0.020092525318829185,3.8615096694250985e-39,1.2752457193598347e-23,1.6066947788361277e-06,0.1867036627168617,0.21531259689964963,0.1536145574933966,5.850696792687999e-105,1.29233886422475e-13,0.0008763559865921889,7.953985552939769e-37,0.0005182744637540112,0.0041505540914908426,4.597850112199944e-91,6.220696681040543e-09,8.085235864334934e-33,7.654846194320814e-78,5.327963733775814e-10
sim_acct_0834,6.778262545176972,53.31030611082099,0.4522418878170371,0.4832988452648077,0.0708201066462172,0.00828822083293958,2.7840960198637997e-31,2.161786662257687e-61,1.3223186949017315e-26,1.1175302341289156e-11,1.0717761420784408e-46,0.02559183886658441,3.2331973717012867e-19,1.229862491904808e-17,1.3602167146682464e-34,0.18387136296964038,1.5821172112028795e-47,9.276745910797319e-57,5.897819931050039e-14,1.771103141744856e-29,3.0102134958910995e-22,0.37473763411214495,1.2646927152419919e-36,3.0434478820886e-47,1.3764339308147866e-43,0.18765305744798885,3.655626959597036e-43,0.17957380656048286,9.114985240016843e-100,6.565421832502929e-100,7.268402844616858e-49,3.7303831865545177e-37,1.5090287474845445e-34,0.04028393910886702,1.4009011743676325e-07,7.886192629020139e-122,3.815638008521091e-55
sim_acct_0835,79.51998785137124,2.689297465624975,0.2885631841023496,0.4473964786618095,0.12000782787973399,4.112444418440468e-09,5.771461124482442e-26,0.0011275078248364166,5.188452645575869e-51,4.486709646969682e-23,3.886489492528507e-12,8.988987702522025e-09,0.009131983173252993,6.631720822300447e-43,1.060301162979153e-46,0.040589195409193625,0.0013394415926959574,1.4580453403370052e-64,0.6677570845884632,0.030586534923853013,6.6794922312783524e-06,5.087544342247063e-13,1.345096848086526e-41,0.00022296306632879333,0.029398145254257244,0.005875111527954302,1.897434977753058e-05,2.675835069591034e-89,0.03401327065701916,3.9058867896957125e-15,0.0065151704474063115,3.407051102683615e-20,3.0714055281853295e-27,4.531540540299505e-11,1.5204914257202255e-05,0.17321478040285218,0.0001879392244742128
sim_acct_0836,42.983429301318445,7.780644427249861,0.3770652496706956,0.5233730460504499,0.042364055038680605,2.8099953198891197e-51,0.016836840189306198,0.00020093264642702087,0.0029192278015966995,5.789980679751566e-05,0.00013797249676630126,6.065531402380201e-35,0.06519032658919137,0.1601030310654954,2.403306055675814e-16,1.1428737770597028e-269,2.7999864121694672e-08,1.006123944686087e-31,0.14468929514925827,0.006323899156876916,1.928848173890432e-26,5.299674675886594e-141,1.6549800128553565e-18,0.19938288106354218,0.18522212006262068,0.16868684354048932,1.673874808980687e-75,1.1235357787667714e-12,2.112386438403603e-60,2.3052358458217383e-56,0.050212681878762815,5.709545964818066e-14,2.93554142946213e-167,7.08421813504965e-113,3.602055182417853e-05,2.475018838536908e-16,8.574965570796502e-169
sim_acct_0837,6.765380256596509,57.263114896869055,0.3772930902055544,0.5383815323507007,0.05547949241848998,0.3229825185696108,0.09872429562919438,0.039861471119074496,4.430054228008968e-89,2.711629702226386e-17,5.878092811363826e-69,0.023851652875076533,9.316912241268117e-20,1.761497677918348e-111,1.9859070471330777e-65,8.521897341520304e-189,4.940602726943101e-106,1.9893980765616192e-52,1.758472330104102e-54,9.670866728729131e-23,7.792536201920695e-20,0.3942617049425722,2.53025434916633e-43,6.963537158406807e-46,1.1174232697115437e-93,0.011587993440957728,1.5275134783189645e-24,0.1060376310778627,2.0512564855286554e-24,2.6147336113144997e-08,4.4819579174097733e-26,9.937634081510721e-17,6.745889240030073e-05,0.0006751870533480087,0.0019500602525667043,5.373985731120889e-18,5.895541166380464e-51
sim_acct_0838,79.43924665601202,3.1567572394036647,0.25987847316409035,0.41324035947057547,0.1334864193804199,0.012786514179136546,1.5829869518030475e-96,0.11285185422866623,0.0002617681998898583,1.0426511555257408e-57,1.4663512272051186e-06,0.007797128304314424,0.0001223437511752522,4.2171816511612694e-26,2.528875519261332e-22,0.00017100737601416784,0.0024336596568125344,1.5097166204124012e-28,0.5579253412155676,0.008421845524766108,1.4630489613391368e-10,2.2235839800697745e-76,3.22392547754447e-15,0.15167039354050169,0.029456714896875638,3.132096052176853e-16,1.8304361355729432e-06,4.15246088840468e-47,1.3820209714962203e-227,7.198882764373788e-118,0.0036230897373442823,1.9634964991096518e-29,7.956772216501403e-28,5.998367763981942e-06,4.3294651466907364e-19,0.11246904408750069,2.067530822063753e-32
sim_acct_0839,59.269401129211076,6.5606642507473625,0.36641074880131164,0.4666365095756623,0.03771349523694684,3.0941144649625334e-80,0.035075447896138014,9.932124204673355e-23,3.347326705874818e-13,8.226359883608403e-09,2.6456639909369805e-20,2.654494393729184e-32,2.4933511913839152e-05,0.1552517718005324,3.6150488998420067e-22,9.88413910371795e-06,4.1367285804138126e-26,8.263367369671607e-135,0.06865607506994346,0.0027500464320608436,5.327361521247007e-12,6.127536342049785e-27,8.347781030024647e-16,0.3626615044402297,0.18049329641984552,0.03270512487036241,3.005620498798304e-42,2.4206475751653915e-11,1.4928940024429477e-136,1.0139034871126329e-126,0.15701322872577123,1.367026673001394e-76,2.378084711511578e-22,1.985379185372673e-31,9.181747822245386e-13,1.2411671296062437e-66,0.005358678436951448
sim_acct_0840,6.016266851277801,50.671046079200465,0.5478267309243948,0.517044087626952,0.09000310952985227,0.09744203199947542,6.29714190086552e-75,4.7617038008343285e-112,6.791924253864873e-42,7.934409267301001e-51,8.375713868354799e-144,0.0074941789917732414,1.1699228244068803e-16,1.915235188204902e-65,2.3199457857965978e-27,1.0134835807823198e-13,2.311919498976853e-07,1.4276567547357837e-05,2.150068487863276e-09,6.158435649876756e-22,6.380675881491229e-72,0.6169299892619439,4.1030695173545547e-36,2.528802645447648e-53,1.538461910254312e-46,0.021879081269018906,1.2122186143406256e-30,0.19066328962294593,5.962691929145708e-70,2.6773037600604787e-24,1.3493907564528952e-25,2.277310230682655e-78,1.071407431800403e-139,0.022422368784118577,0.04315452877690415,2.138415258503135e-08,2.291863637241503e-17
sim_acct_0841,94.32723147475711,3.087852568744739,0.25800127263650385,0.44054082106878817,0.12054904816697345,4.4648222076271756e-10,1.1878968842159779e-113,6.514149376809836e-06,1.5916271754985914e-05,8.721027178718631e-20,9.910057952119702e-14,6.821719246291232e-12,0.08164925166734914,4.024264978860349e-08,3.6664677326970723e-118,0.12978438691801075,0.00895096827152558,1.2212439334822689e-23,0.4599010934292328,0.03716489874588092,7.368289390336234e-10,2.637759160802461e-112,1.3735378357878662e-26,0.004044767525208212,1.1263061867366443e-09,0.005724772372833597,3.964460537060592e-44,9.914862946700276e-23,3.090762284838433e-68,3.694257829454486e-20,0.03199952641985046,3.292515232947699e-11,2.678793738127699e-36,1.306999990007456e-11,9.662032271935132e-28,0.24072036060992846,3.7501013865092084e-05
sim_acct_0842,29.015191422586955,6.743109975752591,0.4281231664380118,0.4081093767570447,0.030114578076536058,7.748337019693773e-11,0.00032807678457113875,0.000981677629207949,0.00043459264805653685,5.758791096938972e-14,6.923452567907543e-09,3.3711869475973136e-23,0.001978071021076641,0.01584409398524244,2.0963312726950603e-22,2.7002354439587345e-133,4.6867162956087597e-14,7.515324177040548e-33,4.620290236007936e-05,0.0033013289542460854,2.5235643750219314e-23,3.5042317047290563e-26,6.872414243738357e-12,0.5803050072152678,0.055173450032274675,0.2830384602141895,0.003804209734130833,0.00011517213152577551,6.5590467944442655e-108,0.039949152817366614,0.01469959179838045,3.25161456265318e-57,9.051241705435575e-07,2.011785411919235e-14,1.2428641058136729e-56,3.527322483595544e-75,5.856008357027537e-49
sim_acct_0843,6.204533461149089,66.88100730415289,0.3959892185094423,0.5904320121010928,0.09402032149173142,0.560686411980781,5.30380698495978e-28,1.836765814133284e-24,3.550716138606409e-45,2.583814162873983e-77,1.0423289912337907e-32,0.01961946502800625,1.661930945687705e-15,7.563694131526653e-177,5.053633050163933e-69,4.629317328400479e-63,8.215215791143781e-09,2.4764334050915e-127,5.443727399524483e-34,1.7154097315288825e-13,6.6430693055517e-23,0.06508753517137583,2.8380338527356784e-05,6.589688798552914e-23,2.3196242122197344e-69,0.12283913134636988,1.8636809376869362e-27,0.15295087906338328,5.43966239762617e-69,5.067215198123466e-30,1.5561406596101574e-38,3.5235781055004334e-21,1.908305384182294e-78,0.0485457764298667,0.03024241242628029,2.0460795290645534e-14,3.578391975965383e-34
sim_acct_0844,82.12510858131887,3.2745319476194026,0.3259204482234226,0.5312955147902807,0.12485014480415017,2.261697423892911e-06,4.780741498717239e-19,0.04090856762565925,3.772880041250699e-12,2.5786984252566227e-60,0.004933060242556635,8.930803952460586e-07,0.3298656740140951,1.4073392088778366e-43,2.5743276409009192e-14,0.041608895920117864,0.007359109364564986,7.772910515744885e-48,0.2748640959128942,5.173662083591214e-07,9.099631600093806e-05,0.03033755156542535,3.9528151237821884e-125,0.12183029487239959,0.093321484252197,5.288693373052708e-05,1.2988511197539802e-06,2.9453576016192724e-65,9.460297153987615e-61,1.797106220264913e-72,0.00946932340454711,4.862023770186174e-82,1.809819045373969e-52,1.540399199565267e-09,2.6325751510229748e-21,0.0453530870364664,2.590725497799288e-35
sim_acct_0845,30.84065874460595,8.09704510422818,0.3470859075473928,0.42908996577255193,0.034225112810749185,6.280997556703035e-10,0.23503292231507497,0.00022894538452303192,6.535005180335912e-13,2.0475078029689066e-32,0.03339984245963802,2.345350785262607e-36,0.002322596898158694,0.29702521283021827,1.3758219334169143e-71,1.0166397862776824e-08,3.8980015263700737e-31,3.2501232605362917e-21,0.0424359069734711,0.03667600986227038,0.003584191548537726,4.846006860146259e-27,1.5876637215722175e-16,0.1534715751134416,0.17629890912598692,0.0043326944532557565,7.299674624516954e-35,0.013498812123544644,4.840928531494721e-05,2.1158780636367177e-09,0.00053776282666836,0.001028266402633015,7.737939768141224e-85,1.0921114976144178e-05,1.0964081310422974e-47,1.924858743841774e-13,6.700837106479728e-05
sim_acct_0846,7.281831268934625,67.83510692232294,0.41106980758228284,0.4562546620987014,0.06548499588313061,0.033582326312997485,1.8565793497896988e-112,8.131065842322e-34,5.32393654952938e-128,1.4081986077371126e-52,2.0520020657597813e-50,0.011544678305119275,7.087044874707972e-51,2.3865407571617484e-32,0.36579019146829805,1.229995907532397e-51,5.635558446211589e-14,2.905915279606388e-14,2.4973241270458313e-40,0.019918582921085823,5.873889271804259e-18,0.10893182353165151,3.539009850394347e-101,1.0437274434189124e-06,5.394679118976856e-53,0.023395159429422545,2.510025253875822e-30,0.4334763184959645,0.0005551899242125914,1.471760973990525e-26,1.601501724218049e-76,8.106308688576153e-60,1.4433351857170183e-18,0.00013215387502271645,0.0026725320086965773,2.4320025032110186e-25,3.2047740827272325e-29
sim_acct_0847,75.98794549620904,2.297923992019403,0.2342163715980514,0.48439733811976154,0.17958569798545723,2.009966807752831e-11,1.8100470775277537e-19,3.2044832418951026e-06,3.1001791397680605e-284,1.1321699813683588e-22,1.853552408991994e-05,5.4026313831876404e-06,0.11849960708236122,3.02821267102839e-22,9.57977582012401e-25,7.056620598195986e-07,0.06655061208545832,1.780406300911999e-54,0.3368635230931582,3.92667097123332e-06,2.2929801085277796e-12,1.936101502278636e-93,1.0987263630722025e-30,0.02480479335470229,2.743039677399393e-07,4.624029928584626e-20,0.004513717826292243,1.229546438133863e-37,1.0377385603225372e-72,2.1202930207926194e-72,0.02486624383420644,1.2907447873046776e-60,2.793553048158822e-19,1.8987771596452455e-05,1.3680066886629193e-68,0.42385042430988834,4.1344230019624804e-08
sim_acct_0848,35.667646586847226,8.210534346579822,0.43732866748834265,0.5266757770209431,0.033878903303868245,1.5163780491416424e-55,0.05218117726826664,0.0008338522170215024,1.2972942746259389e-07,1.0102695004397132e-47,3.748452048424083e-07,7.702540991223267e-102,0.0028973430070524317,0.24029493677576186,2.050113488971622e-61,4.910443987459042e-53,2.213579550828295e-170,3.4278595159657e-26,0.012980641009240616,0.07247648339140793,2.4382192873339465e-06,5.646381352276877e-160,9.941525481461227e-08,0.20571103135332958,0.21273936818954234,0.12107371949651287,7.187485635010961e-47,2.1107573529864314e-29,0.012509663288378886,5.475980688692028e-06,0.06629300377178908,3.607429615497538e-43,1.3375456005133181e-19,3.177741941852209e-201,1.6803633381088128e-19,2.620417915754659e-07,4.162389484893655e-14
sim_acct_0849,5.330425796183372,60.58756052391086,0.43530011064792906,0.6385120280887226,0.07121887887570379,0.14918289616992567,4.3778678218506943e-35,1.7198261371802025e-06,1.3141066549894956e-117,3.999766683826023e-27,7.312066734074829e-100,0.0014943764232825698,1.3069430372586593e-05,2.529913334668153e-49,3.519247989811483e-27,1.947313879699624e-148,3.7123944675172645e-24,6.580097252726148e-42,5.344049550199365e-07,3.3402716473232396e-53,5.786259059329828e-10,0.21880179406426314,8.428908221112522e-21,8.97013761006657e-09,4.082445138538809e-67,0.17120788723859287,3.656596511877025e-05,0.45914667233765244,3.9120962738322824e-17,3.0021607913354487e-34,5.71022776277338e-10,1.6016441566030584e-76,8.756473959970961e-11,8.262463769021734e-05,3.1848883237700104e-05,4.1142079077211754e-10,7.708612328296034e-102
sim_acct_0850,94.54190170842881,2.3818177235783864,0.2722273893013733,0.6638962498091084,0.11690487559305125,3.793660573691832e-05,8.020392524020471e-12,0.00868271975678165,2.4616360542940683e-91,0.0006933394579197791,1.1107303261074201e-09,4.641042191520726e-05,0.09048003424443748,2.0206931814427297e-18,0.03927844541828091,0.010615198174004284,0.0031757890022544736,3.922267668244497e-12,0.5209463712302722,0.0005005575452902819,0.02097229183624341,8.419280913995442e-05,2.0883078135970875e-05,0.052877041686400054,0.01270524133449364,0.00016473213282542897,1.2449842738996301e-16,2.9658806259054575e-37,1.7703850331711392e-05,3.353774698679471e-49,0.00046422742900164687,6.183407503322097e-65,1.967267010233793e-37,0.007139917706730653,5.095544804355178e-10,0.23109696464757642,1.01344844912522e-16
sim_acct_0851,47.19417687597476,6.3459236844480795,0.4293407041760263,0.39262734914317576,0.04953374179402247,2.9841685830991477e-104,0.023612749992359565,3.556121567984097e-33,0.32942941923138336,5.454206505960703e-14,2.2985570215070332e-05,1.5585452677446365e-92,6.042761089707611e-10,0.1068412759772725,1.541136878604312e-54,6.9665489584632696e-12,1.0487266522810441e-107,1.2662960444272022e-23,0.10929125353016617,0.30657701476015525,1.6713153433304191e-18,1.0543897659032074e-60,3.572517887584953e-07,0.0008702226475213979,0.09699376510825691,0.0263272584213979,1.9363101969605793e-08,1.9456247831302182e-228,5.9748854319394725e-15,3.3592255780483416e-05,1.5265156745930573e-08,3.076981312299542e-08,2.50567811715345e-15,3.4898289693750644e-08,1.681363252525367e-36,4.346035626612782e-09,2.432786117730069e-100
sim_acct_0852,5.68152369400757,51.267177083880135,0.5293001217701984,0.5310572015293183,0.07457413595539161,0.2849871026662112,6.210888250305274e-48,7.322785511127039e-35,1.0020992216162802e-109,2.2628665143903568e-42,2.464132530212653e-07,0.11066844119140705,3.4504959509094178e-37,2.2717006131922637e-57,5.499366895503547e-08,4.3805536205616226e-16,4.498539019270892e-29,3.4000225316902283e-233,1.1296859017231246e-24,7.62948198023062e-41,4.2922281704774326e-43,0.21583539042787334,3.3231595521383153e-16,4.058868582335422e-25,1.8900348289440054e-35,0.09783680494024588,7.347840199641511e-05,0.06131015654493426,2.0997309894003245e-142,1.7104705892095363e-43,3.308395117383126e-76,0.017958679730391763,1.6209740777545747e-65,0.07381303413023203,0.13751661055797398,1.8112925652371353e-12,1.3336380718803023e-55
sim_acct_0853,96.0973435465292,2.5750019727361773,0.32817170781513627,0.5530762681882674,0.12581442062199083,0.03791968968266321,1.7915737843086028e-11,7.284980682690966e-07,3.456616794651409e-26,2.6031493899109673e-12,0.14196178779362328,2.9691270464131354e-06,0.032180923960857206,5.962600670668167e-39,3.817552301676598e-109,0.13106678672885766,0.015391881676853887,1.5097460101941042e-26,0.573608126431265,0.00020140962884758828,1.5359108565609214e-05,6.810175168687316e-184,4.05076972007145e-131,0.003956898871752574,0.0004264621017089986,1.396846709081229e-09,2.4806075883263484e-39,1.76926264642566e-35,5.908735458285725e-96,4.573692173528019e-80,5.482550620871388e-06,1.0907272658702413e-25,7.812431868518164e-07,2.2779144325205815e-05,7.061825077534743e-38,0.06323287802368062,5.054010711125383e-06
sim_acct_0854,43.6131055804643,6.11204076658902,0.37870737780138064,0.4176974590049152,0.033906464484643864,0.002304486675887379,0.004278818233931232,3.074107767718953e-12,2.1167672943838693e-19,2.745745934058697e-101,9.56052699295285e-20,3.4856771564953975e-50,6.302346642754916e-10,0.08540316737668935,7.054410985854717e-65,1.453001392064974e-36,8.547990001394114e-32,2.672142378993212e-61,0.07228926615171147,0.23242554430747456,3.0829812714771064e-06,2.2534550928391972e-116,1.387434342730642e-23,0.16638966227060648,0.3555861593023279,0.013693663082186123,7.350383085648663e-46,1.0991260863531393e-18,2.765964196534827e-67,1.438617718622386e-09,0.0676261465663443,1.182309117934205e-39,1.0280691943294879e-22,9.796434139613088e-10,2.9606643838593175e-54,5.425902811656229e-30,5.395118075474793e-24
sim_acct_0855,5.6413440998969975,49.41483726358136,0.38195442332735907,0.46023982457250245,0.06501776703648396,0.11955378826775083,3.4560840082328085e-24,7.474770967798033e-10,4.0971708770497185e-148,3.6926323163354784e-147,7.743258539709683e-25,0.043580878731164424,0.003348855216090224,1.7706528951624389e-13,1.2275608033600264e-32,8.536137911811112e-13,2.8805547909282733e-67,8.482660737904333e-56,1.5571599007634225e-39,1.1714175128177272e-10,9.669445424503725e-12,0.10155857459646721,0.00034596843373741794,0.00045290079931875724,0.0021905074933418938,0.4978919275657378,2.1657296478074417e-43,0.22156715061234833,1.3420111358930426e-17,3.679363644615865e-07,3.222659408616712e-43,9.717856899010567e-14,1.883357273554966e-22,0.00023373265049969548,9.315468982085687e-10,0.009275345890216119,0.0
sim_acct_0856,81.14127202865411,2.730218823676474,0.3358504427405951,0.4673048140556,0.12061079889470347,8.784067129953942e-11,6.4175521131086424e-12,0.010234215338078825,1.7844540923848e-06,1.6826176804105646e-56,0.003534975412402153,1.9382267732371194e-05,0.051658159724583014,5.699124710379197e-54,5.423047221600562e-155,0.03398745011470402,0.05010622231223876,6.188289055083367e-107,0.6620972582544523,0.002550234577192178,1.7704082278594645e-06,6.6605566461383556e-77,1.1106473127345895e-84,0.05597924040313445,0.02133631156111661,2.2197412293636103e-07,7.599699856898581e-05,6.91223467841717e-83,4.641895391460839e-21,6.621637578929763e-05,0.046248264015623375,1.207175778162985e-05,9.910799160644343e-19,2.497561876768156e-09,2.8291424362472727e-64,0.062090221458338854,1.604785993651417e-21
sim_acct_0857,40.31439714356169,5.701050497693716,0.3611755423674161,0.504753565613432,0.04789856862121783,6.58617926527122e-53,0.0008747246164769675,5.775290030904722e-10,0.013938130400283027,2.106082760158325e-28,1.3346995647732894e-07,2.9682446837899104e-42,0.025865928124437092,0.5034314312051179,1.9755253311602144e-22,1.464123735022071e-32,6.241782863943278e-26,0.0005289161043685547,0.0033447598617834394,0.012961934741576961,6.0891793401638035e-21,0.03411002964562158,0.018024725941292615,0.10250156094153001,0.2811907523583038,0.0005071507238546926,1.1891986215042386e-14,8.953905481046341e-35,1.761852622191251e-150,5.468373951601287e-41,0.0027051398224837873,6.709075831542429e-45,2.114174372807585e-54,4.098775524216706e-36,1.4681465372217859e-05,9.154408784679773e-37,5.254575507123682e-105
sim_acct_0858,5.210255454650377,57.24049573028137,0.5356168605290357,0.4859537712922009,0.07659844000132686,0.19394974723018496,1.3508775125524152e-22,2.311738599098699e-28,9.43571830552847e-65,1.596748970000222e-10,1.3385075965254738e-165,0.019805156552929977,3.979226199151074e-10,1.3937451658552187e-147,1.1364037051822337e-17,4.7913439595512915e-14,2.135208424185798e-281,0.0001512084840251918,1.3528826873881176e-135,2.1708871418718657e-15,7.4762919873177135e-22,0.1732910385275009,1.6415916585305774e-36,8.079284720771605e-15,3.293888069739045e-15,0.12818095154890663,1.7096628551286957e-05,0.41643795232568853,5.846248195214682e-16,2.1414653882022676e-53,7.676415046006143e-07,2.213375794226145e-85,8.341518957105657e-23,0.04334766725895038,0.024818413244097847,2.6528532317329886e-32,1.2705669224180255e-21
sim_acct_0859,55.52836008240297,1.9927067908790423,0.28534209902681856,0.4235695589516507,0.12721723150440198,1.9399723740854674e-22,7.17528509730991e-86,0.05545139016151956,1.0687885632948352e-87,0.0005030860782334338,0.008244384226252696,0.09898902014951311,0.11170096975479847,0.00011510871959668329,4.723945546379246e-05,0.016659085242233893,0.001198458358048243,1.295454141594339e-13,0.3569160676819385,1.8186149374993836e-06,0.05484932416735809,8.139340828748787e-21,1.5632557472202293e-10,0.08701628206606807,0.0005306038645743315,1.64057751646916e-05,0.0004172809888030862,1.1644780949901114e-20,1.4333188932065237e-14,3.767874032944044e-230,0.01777188079199495,1.3904481788135864e-10,1.0415148623137859e-130,2.697803724989128e-07,2.99715993674711e-07,0.1895710241116201,3.522053246880357e-77
sim_acct_0860,39.40719096493056,7.893449703289389,0.4363747004507838,0.5441194770544375,0.03482500888381036,2.963837850417708e-35,0.0006663753057531272,0.0004817050652389845,1.059189182676118e-06,1.017699689790012e-15,7.042341158884424e-10,4.775582192085199e-10,0.059033932495997914,0.3580333954866437,1.0932679943868968e-30,1.6513561066981947e-31,5.545376849753813e-11,1.053894725896756e-42,0.0032670893607112633,0.05760191243797871,3.825025171260792e-22,1.818582296346963e-10,4.000468997976337e-06,0.1705131829706849,0.17299699321227985,0.08488607845789055,1.5995738781736854e-40,0.0304922926346635,1.3552728487903982e-63,3.6555393012421497e-38,0.062021886770953334,2.5334845792958466e-14,2.551778045400907e-132,1.426156494747128e-23,9.472389077121232e-08,1.9810238590384553e-54,2.0548581680682855e-15
sim_acct_0861,5.118337928946534,54.92490856023395,0.5423293968172939,0.5256625050914788,0.0715848066577921,0.4995111493251879,3.776439873838692e-11,5.809735623770635e-09,5.088440938325159e-50,1.3457431138722902e-18,1.4153429612144612e-12,0.009322745874789137,9.279763003609244e-30,2.990520250176029e-26,3.4011796323394085e-10,1.441060871714572e-40,2.4278839125835198e-51,5.616335807818166e-21,3.1750183718492406e-30,2.3099417517958734e-18,0.00386369737778015,0.2346802305561201,1.3396512686110699e-100,7.920747546323084e-31,4.1852844050536e-15,0.08056407381079896,1.4067869523106428e-52,0.16836292510290177,6.571097234878776e-36,8.057016984905984e-12,6.4242547559045884e-164,6.277099056602213e-57,1.8845700626140093e-114,0.0019886475995009854,0.0017065241558137962,1.8099967208836472e-27,1.2586378329501226e-14
sim_acct_0862,91.17177041704166,3.7471429352312855,0.28820282623669885,0.4699579287174252,0.11989153228356325,1.1896758351873227e-05,7.767571833529806e-185,9.11068874208379e-09,1.6103824534295072e-80,1.2284572842050525e-19,0.021016517151932916,2.2325362802488156e-06,0.018979387588610865,8.846648970006602e-41,5.3521090636716045e-17,0.01439517284018064,0.049665254508361324,1.727871824910078e-104,0.7393214492203456,3.2686960418314312e-12,0.02945306940844191,7.463534277368531e-73,8.352107702455566e-78,0.010925106201631772,0.07600455604174812,0.007667540172011602,3.3920406000204916e-07,0.00011419289598838099,1.4920181263014304e-71,1.3401678150369014e-54,0.020223162697429242,2.7177428279096326e-17,1.0851866239354197e-38,8.344666155962862e-32,1.6543115554837078e-80,0.01222011366066795,9.326597951466544e-26
sim_acct_0863,30.541794514113537,7.8572499319229285,0.3027401687886727,0.7796106925260552,0.034967018817795036,1.5954438074270962e-64,3.2745528448434953e-06,1.598963087703966e-14,6.010932240121512e-07,5.052917230185009e-20,0.09960807500590128,0.0391759728251988,6.289267610269103e-08,0.114039005414128,6.832357959304464e-60,5.185841684189086e-29,1.0814052685822658e-25,4.9996935689270865e-110,0.0764819580933598,0.00292946842046169,1.2704743808634892e-31,3.043210167184136e-09,3.0608146459080044e-55,0.08420054387822289,0.2273246475801014,0.11849449051533176,4.933556576096885e-37,2.1089742483853346e-51,1.0008587410285908e-42,1.8421012486701145e-05,0.23772347567283467,1.385793059946426e-57,2.271400865550401e-29,4.614586130448683e-37,1.7090722667352863e-15,4.2563833678760945e-48,4.897983553463203e-85
sim_acct_0864,5.457362159780599,61.49674723627555,0.44986149188439006,0.6413610940510431,0.06980268725041965,0.18497366664289208,2.3652996973792794e-115,5.916543538926632e-31,2.450172941600523e-76,3.704496288625393e-12,3.420520480397972e-23,0.003244508138287268,2.313120707469994e-15,1.8292406467075218e-90,3.0591258125895907e-10,2.3827075872159552e-28,1.388215864025745e-27,0.005190001295877367,1.729258053658019e-67,5.980590832689983e-57,1.6722990785872967e-19,0.33623261587435643,3.778137481536185e-33,6.509415655905528e-128,1.657096501435435e-42,0.05724020512381324,3.966829418629831e-148,0.4024507447030767,8.138803180220233e-25,1.8631397003040266e-62,4.8073005315683976e-52,1.5479427410870048e-61,1.020097233213759e-59,5.578917211337816e-05,0.01061246873405062,5.913444023075418e-12,5.78018959460334e-35
sim_acct_0865,80.75480888824636,3.4853412668809263,0.26056432298358967,0.49782893881883966,0.11174626794698271,7.676837938645461e-34,6.324313254694339e-49,0.017933622582958865,5.2859263548644464e-30,5.81672149358417e-23,1.0853049510695032e-05,0.0009719951031374123,0.16307875177195752,6.824113649691588e-09,1.0898077047299754e-09,0.00015870694033585228,0.014731785055525533,6.05347692187051e-33,0.30063807904007206,0.07816817435294576,1.0907048304362577e-05,1.4488380006135733e-54,2.521714278659446e-27,0.19083553179346574,0.03780020347702583,0.10178205845675604,0.043355719535221035,9.686709781151468e-25,2.7170939814299542e-17,2.994972569885992e-110,0.008039626085407583,2.299705437555731e-112,6.089477511988553e-54,0.00011283192349070019,8.394196728003462e-138,0.042282636577797086,8.850929216656457e-05
sim_acct_0866,37.8083302414928,5.990778321753963,0.3154899517931325,0.5664426497841323,0.030656620334606654,4.1874035772134505e-30,8.782342121028691e-05,6.150746454250666e-18,2.0829410135181804e-16,2.9223856722747236e-07,0.00010203122867697426,3.8410975159915104e-12,5.093885376254207e-05,0.2725883611418235,2.3012589177301645e-17,1.0312314891147377e-37,1.6475704479712055e-70,6.885062727850231e-44,0.014575893290339858,0.00525143652399799,4.435270158242123e-37,4.950084013683227e-84,5.8478865814542975e-25,0.09137920657176611,0.5149097470666664,0.044289790140269174,9.955849570900298e-46,1.6111898485147955e-33,3.075656152438463e-11,0.013738727817482102,0.04302575167074435,1.6927382653491643e-32,1.1223440070305292e-28,9.54747116750261e-14,1.6432536165011007e-96,1.3891608910753773e-132,5.864773432969891e-44
sim_acct_0867,3.884632935333168,60.91588437732193,0.43199342381823524,0.4327048028443635,0.05663656099273651,0.1940023618202709,9.420922837038712e-30,8.775487784278754e-63,6.580149001408283e-213,2.3145314478158817e-76,1.8986681611744786e-55,0.056492387288350744,2.8235540004096385e-28,0.0011650723969943374,3.0369422998422122e-33,7.825282663532582e-65,1.2936668301006914e-12,3.964474277351667e-51,1.2676564612018854e-93,6.3366310469903005e-83,1.7158177077832756e-37,0.2660961545879491,0.03246104913291143,1.503525380705147e-14,3.2950793942355824e-19,0.05561201583756362,4.49576093612151e-26,0.3939678153341177,6.129814394452137e-11,3.394778576202661e-77,6.413490510501251e-38,5.688073125455403e-22,8.536050599852952e-21,1.8540783083197506e-10,7.431716782098512e-05,0.00012882618598639004,2.0005823515999698e-14
sim_acct_0868,102.03530353339579,2.76807451446219,0.30274875574807714,0.4960891839143751,0.13589263541011062,0.003135812906476657,2.294564776062762e-37,0.0023038176297179415,1.0696920206943216e-05,2.7853289148418566e-14,0.0004082529569943899,0.00014394874722252422,0.004343657088413407,1.0504863596820774e-35,1.497624690467699e-16,0.001626546825262331,0.03787161160049217,2.6253646866069633e-16,0.23944324921788657,0.003005552796427799,0.004983693303752778,4.654848148033509e-09,9.766305557272529e-34,0.1508135536332219,0.00023938491123277038,0.15332261036514666,0.0003216223033604688,8.753530194228608e-256,7.272349406196023e-24,1.3058822438059473e-65,0.38236111356133184,0.0018474720877299207,3.3278642063419216e-112,0.0037884372622511283,1.8932175116974332e-11,0.010028961208569404,4.940781792085419e-13
sim_acct_0869,39.9639979252441,6.38441344978218,0.4434784702872449,0.5144239257628741,0.04184019424918723,1.0860713911750358e-105,0.02244152069425201,4.578410044275792e-09,1.1299855846876966e-05,4.557958104931551e-25,2.1532197880858529e-10,1.0554620804227831e-10,0.0035293410071880285,0.460059126349872,1.3602305542556063e-58,1.0550708696155632e-30,1.2643758478868542e-31,1.2725310649276361e-54,0.0073830612110457475,0.0910770521155601,4.257996211785133e-07,1.2127147140751666e-61,2.8042362222103395e-11,0.1979475370429009,0.21391870172878738,0.0033624565383143378,1.016378093394529e-20,3.898357314273347e-49,4.2016453486025283e-302,6.071078540741737e-35,0.00026947272857895805,8.2604747814571795e-19,6.847488109629157e-44,1.586142813176978e-42,1.7355052721297895e-107,8.502862405126873e-18,7.120502248157482e-13
sim_acct_0870,5.7530183811763145,61.56988552197685,0.4032040230870635,0.48466162747625696,0.07780216140784489,0.3285474980852341,6.84061851969343e-10,9.055821032442935e-07,3.112597572048425e-11,1.2060031548091484e-13,3.885513587648927e-133,0.0006692078180179223,1.0056218772746942e-25,1.0546455626330777e-35,5.294429182916149e-38,4.77829597529437e-37,1.5096988642009515e-27,3.8772614579299044e-16,0.0007029425638028648,1.7402318463960381e-124,2.0334963587465133e-15,0.2306467248547006,0.0001459286670899537,5.863145552095869e-27,1.090570845504936e-33,0.22840714913697457,3.6996706304963615e-05,0.17718349226891403,5.329398701835872e-109,3.51945848934347e-175,1.3089272568608772e-56,2.8702989031249445e-59,2.425816600094615e-35,0.017728408969661155,0.015930744631885804,2.3695471155262855e-78,5.18849173978847e-33
sim_acct_0871,70.17876587148238,2.4835234952382192,0.31465230493411084,0.5396375459809322,0.09912053606026806,0.002568638887744645,3.5581675510053747e-40,0.07749771136050787,0.0006171177086493372,7.322807656205087e-10,1.3440859632700063e-19,1.4200913406830875e-27,0.043804026524730706,5.139673271101634e-37,2.441102258248514e-123,5.709304358621475e-07,3.662229038063427e-15,3.3152063137780204e-52,0.41809430233666467,0.00546153633518825,1.1657779274019547e-08,6.267593544090731e-83,2.309126150654378e-66,5.018418458614712e-11,9.93479921632337e-14,5.192057769417438e-13,1.1581908769526779e-07,1.836241587350645e-54,5.8393115699393644e-21,1.673121260538611e-36,0.05959803447233841,1.604010487472934e-08,2.349871237220454e-17,2.6258961379540157e-06,5.331111017209084e-25,0.39235525583081565,3.541672739532414e-08
sim_acct_0872,36.73116978954075,8.141222965305678,0.3812940826237154,0.5558292759650526,0.03474267466077675,0.0009203710040814561,0.048872743829033054,0.00010018889463435925,0.0005325441358836406,1.044686727822936e-56,0.0023600424725749415,3.1622594939283654e-35,0.007510309415397519,0.39842687900382373,0.0006111737681229359,3.9740556623053816e-83,3.1794457456914414e-66,3.1476889948209115e-206,0.06348829414034518,0.1249295336033805,2.0768779127996364e-07,3.3250020723690115e-34,4.844743278594821e-08,0.16061601296352254,0.10009747315196357,0.05617255165131467,5.889397109544712e-16,4.855880258733044e-42,4.840433335089313e-66,6.773705638420484e-23,0.0353616255984881,4.7371125917498455e-36,4.0183690962097215e-55,3.032384406788702e-21,2.322091481098667e-10,1.2949190404248985e-113,3.4029349026593257e-78
sim_acct_0873,5.8420743526927765,59.45992136671405,0.3888421031300456,0.6745961486851413,0.07453003054484472,0.15967869344956645,2.1255193570544737e-35,2.0991429996603882e-11,1.5116057497147823e-87,1.2030372841699028e-72,3.175044757830448e-63,0.06438162402100343,1.073515552452353e-62,1.0786615202472473e-41,6.142636136939311e-22,0.0021179887990113427,3.688279501030971e-07,2.491033774619205e-39,7.195881121548457e-28,8.132281778893014e-14,2.5711032074760705e-36,0.3813234227348184,8.23568217761476e-11,9.147469124237995e-23,8.992862989824854e-53,0.022007080584361086,9.798145190227776e-40,0.27324741352268345,0.000305064285736714,2.977109391912377e-140,2.913846628814817e-06,2.5205147128481095e-36,2.523503196063229e-09,1.4623183264214287e-06,0.09693396498298107,1.6586026049262335e-26,3.7694538638087845e-82
sim_acct_0874,55.11757797463488,2.896795674664032,0.2861874728007338,0.5095036694939903,0.10828308062453956,2.0682342651590853e-10,1.987977470942119e-34,4.550100554142921e-12,6.971050410629313e-18,8.968437125364477e-50,8.713054782776038e-24,2.5198943048641224e-05,0.07090091604933559,6.31430429405304e-11,9.612676233823208e-91,0.00014956169722439382,0.09242945195765871,1.4606979284535984e-27,0.5046653757794595,4.9505716394724946e-08,0.00336394411630997,0.0024704471327548286,4.512843014417453e-43,0.026705818747766265,0.00024051876529517343,0.0003473019118958548,1.0843198549302733e-14,9.492385415784498e-36,1.066233993547395e-34,3.5508810691560586e-35,0.05023326493747962,2.8367845452474164e-19,4.4109602557620805e-151,0.13631530473179368,3.2563586472956503e-47,0.11215284544973328,5.712487049729175e-16
sim_acct_0875,41.9450124257774,7.436591915960892,0.321847316103758,0.5706415838523908,0.046355856817950084,7.55786446587296e-111,0.011643345650107991,0.00040497490101470924,1.62645202402085e-16,2.3039706143270416e-11,6.816121965690385e-14,2.9520262827977085e-89,0.35814192346627144,0.12980981860965096,1.0255495238399665e-97,2.918060703329667e-22,2.9870316146918265e-08,4.2581655178865885e-36,1.372722975404086e-06,0.003731690185736579,3.80893548760493e-27,6.596391813334458e-32,2.090341629584059e-11,0.023062917857365108,0.2771041777168865,0.08576046152803124,1.404467503046541e-10,3.498068520428473e-36,2.0781258866896081e-47,2.3093998721898166e-31,0.09187313131520979,2.7991408599603548e-136,3.9745995869786286e-22,5.3974614954667676e-61,0.01846615599096687,1.0092906668580806e-12,2.416085499222796e-41
sim_acct_0876,5.804500768557778,57.95494320578079,0.4980670946237503,0.5243767192638483,0.07007683919257222,0.21512792312973805,2.981504518631719e-48,1.224276017939305e-26,5.849223266134853e-39,7.141317675615683e-72,8.748283998730382e-79,0.09426744764781655,3.667420573718784e-05,2.612841278378901e-201,1.974533686536298e-37,1.0833856265632503e-83,1.2225933222163927e-15,1.2499645094629959e-52,0.0039499210444647465,2.629604580189572e-99,2.2504162500385308e-54,0.25166815722792246,4.544675378283614e-32,4.38343135201764e-28,2.1252164026418507e-34,0.1538551578601968,1.7480141308444266e-34,0.20871915499669796,1.2350196864401879e-06,6.982988865294806e-42,2.435639117535652e-06,4.038247604899002e-115,2.915975477053174e-91,0.07144252798163536,0.0009293652469855479,5.0015765826092385e-118,9.740301304220651e-103
sim_acct_0877,73.2578923131609,3.184442837359227,0.2741774087363047,0.5065353700382734,0.12681177798945817,8.799409524926758e-14,9.105946891515043e-31,0.07851159654277004,6.095700489724531e-06,1.9272909284517027e-41,0.007388261168183806,1.1824599203840417e-12,0.005489575387284375,4.213593267211864e-73,1.3202330702134222e-21,0.00465860414278177,7.50135974248427e-05,6.791143295621364e-17,0.7931930963065115,4.100923109565317e-05,6.88879194565035e-05,7.301046900824235e-05,6.184107931335793e-21,0.043149809511089855,0.0012012865437238652,1.4236339592725175e-27,5.177978510514833e-29,1.4481337218808273e-24,1.596297782843764e-149,6.978796043464581e-116,0.04166175282479912,1.965466555170882e-62,1.7673011267225226e-20,0.002216556447007951,4.211562960633365e-124,0.022265444180374558,2.672780522881721e-11
sim_acct_0878,38.07999359646762,7.5577072101682665,0.48055971225198757,0.36341006972506,0.03851228181821631,7.956400192032179e-11,0.04324297033225065,7.151681550343184e-14,1.1028494738838376e-27,2.4118929796347856e-59,1.0806902473871733e-08,6.192073514974259e-61,0.1245371193303113,0.41302022327468907,5.972581234081127e-58,2.0120420081964836e-41,1.9460051702194798e-149,1.5032756101056819e-66,0.0007177347056689981,0.16646613797820214,1.9714419375888828e-14,4.515133182402452e-105,1.5909834354805816e-05,0.0015500668779887053,0.08867228671115467,0.08815360131540471,3.824488359949009e-27,2.71125738957543e-48,6.98421816417504e-11,2.1131807405730762e-250,4.7734226445496584e-05,1.3496880594315995e-78,1.2373830915496202e-21,3.4079721525029366e-15,2.5575347847368484e-53,0.07357620445712625,2.976194610041169e-25
sim_acct_0879,4.589883404366858,48.61995240089879,0.4932454813214172,0.8133306125569287,0.07416369484769272,0.06367742581263983,3.867334608335987e-18,7.684598436304209e-33,1.2206057488557804e-61,2.396228111231247e-10,5.465670461298171e-23,0.031171880985788457,1.5318209822900212e-60,6.673014318147806e-23,1.7670613245888353e-29,4.6112594496753814e-101,0.003034065783154796,6.678890724998206e-50,4.049756178749077e-16,1.0831423230403757e-19,2.9476276329129367e-28,0.046692334393438464,2.7273433765435714e-64,3.1566125879913404e-14,7.523401970699632e-60,0.08222170776099562,1.6345554921480656e-54,0.7727288655444408,1.6331037981289856e-121,5.601586799575494e-29,4.7037823624482804e-24,8.356283309270314e-78,1.1324969607565688e-73,2.033264371552925e-05,0.0004533868361717173,5.845404456596521e-43,2.0307495055826442e-61
sim_acct_0880,96.94352357249298,2.988842302795813,0.28086420042372495,0.4884739956993946,0.11895960595141536,1.8325520485804532e-06,1.3778515588472573e-08,0.0008177477523726542,6.14995173420556e-19,2.1616956261392116e-49,4.0892305899045495e-11,0.053361096789983097,0.12857635515377014,7.897400700242842e-31,1.3829465814358275e-69,0.0008026365863513498,0.025917553837667716,2.843254520045879e-45,0.5255575673058411,0.002310109096301269,0.0005803717847882581,8.107726289355776e-48,2.209131649665452e-65,0.03562556791265347,0.0170459701212657,4.566019927541854e-05,6.11192143181851e-34,1.9964749985254782e-07,0.0001855678520656405,0.0,0.005711404732194052,6.198017083858442e-09,4.3143091618580183e-16,2.973154051611796e-07,1.4071417822951826e-30,0.2034600344867442,6.856346791429156e-09
sim_acct_0881,29.39180794709699,8.689393656847217,0.3500254707960646,0.5088069513997993,0.03206330756222686,1.194287934391852e-11,0.1301787680500624,0.24229913045662582,3.340494692645398e-08,9.81255383715669e-16,1.836532928422457e-07,4.117992567635786e-59,0.01107512186754293,0.3122119798602137,1.7582380229539803e-18,1.4363589031766507e-07,1.647895490546252e-54,8.996990084959732e-05,2.0292418252804208e-05,0.005175920322992785,3.0261537474421755e-12,2.7104546764584533e-81,6.97510394035366e-09,0.17285852315054845,0.09540303376693171,0.024121054056662417,4.68745690045787e-09,3.295599521543836e-17,0.0004316770833700159,1.2308487581248785e-06,0.006130889615508444,3.041964326328459e-08,3.759123925837825e-43,1.5937837054585757e-25,2.0058103762836293e-06,6.549563719459836e-91,7.14110142265744e-39
sim_acct_0882,6.413802360275255,58.17147629542736,0.3997100232856451,0.45673540522657036,0.09694546780653435,0.07585306413952354,4.7893859460319296e-05,2.955256040019031e-10,1.8798752189612367e-35,7.1803505823971e-57,4.4618296626285935e-18,0.01978243570912687,7.824786246876837e-41,1.3641326429626005e-53,2.958831388916846e-25,4.548511050110897e-05,1.0721645601055408e-09,2.9340945460913566e-31,0.0008321218417941754,2.254530350788635e-20,4.6943286918502456e-61,0.4602992103674877,1.1032128726328773e-60,1.521256074507316e-64,1.5200069734666366e-39,0.14514723587405515,7.990712094600609e-19,0.2561964927753611,3.640235894483357e-08,6.747263727967805e-71,3.178458333295176e-29,6.70218686008185e-12,4.140390628074727e-41,0.0006377803807409803,0.0411582421651977,3.564106511709847e-41,2.0724485384649449e-26
sim_acct_0883,83.23575178293373,3.4043697794916694,0.2789472475512618,0.4189379842220733,0.1336348986253979,0.014528464875657296,2.1374617209294912e-41,1.085234805150326e-05,2.9502480047260593e-64,5.9672058289167205e-24,1.3869676857567155e-19,0.005155280630654618,0.0006909240807390211,0.5082256259361027,8.324400044129666e-54,0.0032278837482429255,0.00013191896439000684,1.0172116302117753e-24,0.22610881603629107,6.083922445422014e-07,5.46523117077107e-06,1.499237774692763e-07,3.229373772845414e-169,0.000137620278901214,0.003960433206143655,7.895172476344594e-13,1.2092731066829748e-37,2.6246393205173863e-28,1.671637769355438e-13,1.572241276761081e-11,0.020725475713632025,7.340395106029651e-78,7.030022655989543e-25,1.4938493149333165e-09,2.3317908723430665e-08,0.21708848686858465,1.9689369796617533e-06
sim_acct_0884,34.94270627523896,7.953121764199068,0.36432184071017365,0.5188642283639452,0.033447853450171004,5.846365652678555e-18,0.11678862884238171,8.907110989280466e-09,2.2807016420295016e-13,1.7637364664699203e-154,1.224275071014396e-06,5.725590478042143e-98,0.007361820094421191,0.12047088416036235,1.103403825297423e-47,9.864688633702335e-05,2.5318402790284864e-05,2.5433465039012066e-65,0.2714293235549796,0.007113017925513143,1.3095611340194175e-05,5.807293292879713e-42,0.0053299920251522566,0.2612569940099267,0.10482957402014531,0.09521670202043256,3.752006306897482e-101,1.2516248503588648e-32,2.39846644450963e-69,1.046438796090659e-96,0.009947767297530953,4.99938079549786e-26,0.00011700196627655841,1.0529174698926763e-162,1.7205144310418524e-25,2.90760234600936e-43,1.1418126633894293e-76
sim_acct_0885,5.447871943499966,49.31904786758565,0.5041017318576952,0.48583905369589114,0.07357887539469737,0.04652814960301341,1.0281327182700397e-71,2.500588487995507e-09,4.807038049233196e-136,1.869226991032796e-20,1.0484384938511516e-40,0.0001768909696666895,7.236640931965598e-13,4.221777345369869e-09,2.922388165031733e-22,4.398920400244666e-47,2.5974005504138148e-49,0.00712580612700815,1.4288575690826892e-54,5.5843774653836576e-73,4.4469170325292564e-55,0.27791213683832344,1.0653924437315367e-38,2.345272293438267e-16,3.067591095217126e-38,0.037360698457803584,7.491210370773561e-06,0.4304352718596546,1.262667067634379e-97,0.0005519540775898103,5.818159401281199e-149,1.570771506264413e-38,0.03518245079294685,0.1625390654292279,0.0021800779113000796,2.03093893193697e-30,5.1444649113753505e-15
sim_acct_0886,100.04938579486239,3.3733415951695243,0.2834210960095556,0.42008487401911176,0.12743059188459482,0.00017934423877597052,2.718077889880931e-78,2.1252914256826694e-08,0.06674849325259782,1.0726615909749153e-36,1.182047729801527e-15,0.07900442075478502,0.0010452378458077043,9.182639544292172e-25,5.358058732217497e-72,6.541344521409236e-07,0.0015994499741857659,2.1766183104417162e-13,0.43909550327230207,2.468098197584344e-06,1.3660142636662462e-05,1.7358140876956078e-52,1.4325879885984336e-32,0.00842505813216874,1.6370325997694617e-11,6.30862529563153e-08,0.0003658430288492989,6.061058144664433e-08,1.6152685418370268e-78,1.977897388984451e-35,2.6600158113805446e-06,1.5798777280206985e-69,6.114642016105326e-41,0.00010811367792209726,3.4538591875006906e-23,0.4034089457299704,2.7351993761048284e-09
sim_acct_0887,47.64740367441408,5.279060560367565,0.43991813444405264,0.47286278090433126,0.04045070298747412,2.2399292896984597e-31,2.444161977539918e-05,3.626175480845347e-26,2.6980109856847254e-15,2.7433865046768244e-79,3.6167110637698848e-28,9.910252542251057e-98,7.533952961702044e-05,0.28465119567603125,2.0903979577599024e-22,0.17654183103023097,8.642630507257468e-07,2.108761903313325e-77,0.0012440131917889606,0.21703807527567773,1.338179666827299e-32,2.1661634228049953e-28,7.5447993088224e-31,0.12098763521170672,0.0499919205092402,0.0013156179257783037,1.4006272013128688e-66,0.01801931273282895,2.1649328089693686e-79,1.6821162025630523e-10,0.0766291407512446,3.103846627897164e-76,0.05348061211481341,1.5467568460805737e-15,1.8988973128270343e-30,6.174322146768628e-54,3.02478919933325e-35
sim_acct_0888,5.585713670066057,57.445134647763595,0.46016786999801523,0.5562499957897352,0.07976118222826403,0.04934324323819516,6.78367595523463e-207,1.4021715971987253e-13,1.5691076605500527e-22,2.705233431844998e-112,1.311503259924241e-12,0.18496066116521404,8.019490496236382e-26,6.338442618659195e-117,1.1015079985233909e-97,7.072948174010493e-88,1.0233954512441686e-55,2.086968484956443e-25,1.8693626960694228e-55,8.513118188013298e-49,1.137917776476114e-06,0.2621549380978666,3.7595756823578667e-34,5.669130983277176e-19,4.272132352533621e-21,0.13364358488519773,1.2678800045627048e-30,0.27690763521394507,1.6696104472297124e-27,2.6250529652608523e-34,3.13577138229114e-52,2.5622669638354227e-65,1.9884225284998476e-12,0.07490777038142117,0.018081013923758042,1.202222202924664e-128,1.517318550851249e-08
sim_acct_0889,82.2169387617483,3.247514560895663,0.3731757406799596,0.5538124272272632,0.15893271659018082,4.9850100685936604e-05,6.603649651609296e-131,1.0411138789081158e-13,4.02267675821173e-12,0.0014690892758298809,3.7629176123271974e-05,0.001304130450187026,0.1257344411955428,2.3943160118983905e-08,2.962880399438515e-11,0.00017063801299314665,0.011103023523337573,0.016746361435914254,0.7168652139073277,1.591230599509595e-13,2.4298753039290345e-07,1.3793535054595345e-06,0.00021021065597759297,0.006887065186743067,1.187402833694233e-06,7.61842012858077e-21,9.906247738093168e-18,1.6485794473290086e-13,0.039586834110667476,0.014926816634748373,0.011362398388326325,1.290520635113183e-148,1.870191592609765e-16,3.716153853967004e-16,1.524786901550468e-45,0.05354346422422155,2.6423639713631287e-13
sim_acct_0890,37.51642906525431,8.39756913886278,0.49210488416583775,0.36826503456496773,0.03125438880938612,6.8688979836731e-06,0.3306709824775042,2.0158326333741848e-06,0.02157694021030267,2.8663517991260824e-149,0.002432240496720662,2.3415793489704745e-52,0.006754397980441338,0.08004242620388011,3.2159696693077015e-23,3.588060680572842e-11,6.114344963353938e-29,0.0001957749140484974,0.0011805596169057377,0.0003034375568041384,1.0253246735850854e-45,1.0760031355072115e-42,8.276284776192597e-08,0.2236402976639672,0.3328664327967894,4.8804732169305025e-06,0.0002766743120159146,6.092659676077125e-82,6.0649290803519715e-15,2.9685464137777395e-17,4.5987767438423166e-05,4.824014626604719e-28,6.133597858822318e-13,1.1611295397731907e-41,2.3933799736482594e-17,4.785515912484044e-102,3.2696903265666e-104
sim_acct_0891,5.823063677539712,53.70318935469965,0.430040053643671,0.6660546639164371,0.10480134714006147,0.6360699477313719,0.003767100658503783,1.8270352978407566e-09,4.1778584182013085e-109,1.0018689375263587e-20,2.2430808205464564e-75,0.00037737528288352585,3.640870968496807e-49,2.1419383933833484e-24,1.4259503435099488e-40,1.7879559683387065e-75,3.138156756643995e-56,8.002651368781413e-56,7.102061748784922e-21,9.212394707236202e-11,5.783195678018988e-64,0.1878875221199997,3.2673862225013066e-149,6.715977114366629e-18,6.171137637295913e-41,0.015383923040060015,7.558185200317619e-89,0.155157745118653,1.7315277026353814e-83,5.182257345814754e-12,1.4720260723290824e-86,1.427968423056719e-73,5.420889928468394e-34,0.0013521723665231367,4.211757663448473e-06,1.6241508381052942e-27,1.6584552792009787e-57
sim_acct_0892,102.47284370788545,3.230134153574386,0.3098994529661769,0.5341444574485268,0.13282706358333365,2.0365784427320063e-12,6.574419851689466e-13,0.0014651429891302011,0.016710554870839896,4.185840368600431e-64,2.4373152892713093e-07,3.8137321274496364e-05,0.06670112499303954,1.2484944714916988e-123,3.0893921673499014e-50,0.012008771470988116,0.001237086727725242,3.6408685744785724e-24,0.5307724764809357,0.005188192116494343,0.0007911752750551954,3.720399159684847e-13,2.84586509324874e-20,0.058145356872221075,0.02144941998257272,2.1822490681611327e-10,0.0067278167665998975,1.1846657871906471e-29,3.646613132615709e-05,7.624424250682079e-35,0.2659963635310687,3.90032697283494e-62,3.735090005424474e-41,6.99647990708476e-05,6.700763733800501e-18,0.012661705718838049,4.273388223198822e-33
sim_acct_0893,34.0050197232393,9.076718662235749,0.36408383606738765,0.4646318000873874,0.04107563751711565,3.274226915439436e-52,0.032155037397073226,0.0006264858055887667,7.612420187736974e-13,0.01607221706476468,7.234023848823616e-05,4.872532755867846e-152,0.0033481568440667676,0.21210029343412157,4.379351158388939e-22,1.41749783011226e-25,2.3561774864997185e-15,4.588530897720398e-36,0.16891993903149863,0.2205047515637745,2.281198807107263e-41,4.6201685565182924e-20,0.0007925663907706803,0.16270321599257784,0.17184373634184982,0.001118475218783459,3.443903702878005e-39,1.5993695361660975e-92,5.055133140689745e-06,2.2126726683560625e-82,0.009730188384024513,1.2687851983661952e-25,2.104502435751305e-18,1.7868814700730088e-94,7.541158713069638e-06,1.617051169884985e-82,6.336286329270127e-18
sim_acct_0894,6.720991826073724,54.5328455221841,0.5171450259839335,0.6256833653165087,0.07273851741714096,0.09827518876854673,4.088907032747937e-71,7.272183889282397e-58,4.2381722571133217e-48,3.6248180084843843e-32,3.206279164740312e-47,0.1668903301896912,4.726740070515018e-08,1.2603704568990233e-42,1.6948671679297903e-05,0.0013481653181812363,2.8595365591904735e-21,5.2588139578701616e-46,0.07914404931625367,3.1482973925764086e-96,1.1920423640297794e-50,0.24550256378171176,6.621557353328126e-130,2.2511743409619496e-58,3.6115193562310305e-157,0.008672305101470225,4.3387004722390755e-09,0.042573691872070614,1.0566937470795172e-66,3.0678140712404334e-12,3.788148402446225e-106,1.9324985034674194e-148,1.0530782794205105e-20,0.3567376984735743,0.0008390068976519329,1.3109779101067843e-122,1.397652967570085e-33
sim_acct_0895,70.9250268735835,2.4757581760892236,0.3492940867609525,0.6951517667179477,0.13516304244478278,3.601631967616994e-31,1.853394298392917e-10,1.20374923161226e-10,7.068851230995041e-48,3.843338927354081e-57,0.00014700437982484974,7.439790286539821e-05,0.005041044958205869,1.7638369369706542e-07,8.567588769306356e-91,1.7729482651036612e-09,0.00013506981786323076,2.4960682138553622e-54,0.5023279755066962,2.7950375576946276e-09,0.05216485355021656,1.4513078792748994e-05,2.210128252863268e-115,0.2704699948224793,0.10556135374641414,0.0024429236980275304,3.2876594110088683e-15,1.0104349354101468e-43,6.769935947045683e-121,2.7337233994724065e-39,0.00023854821022191897,2.4034248379998974e-53,6.164860326344309e-15,1.6799867903733951e-25,8.438772606063748e-18,0.061382139070989286,2.6706743021638316e-106
sim_acct_0896,33.68798848997617,7.145277303844183,0.3920858347843807,0.4642943661231602,0.032985248049645546,2.367782097624111e-30,0.023958773230214326,1.5667599024077746e-29,4.530857256300809e-05,0.025985925520398,0.0005777381188309167,8.926875522276433e-125,0.045491217949339594,0.20398596727446697,7.014260180967101e-06,3.25734837766417e-11,1.6061999835893716e-72,4.90645150672703e-55,0.006826968637656605,0.037298062223054325,1.1413571246363388e-52,1.4163306268154265e-19,3.7821331611495557e-10,0.3917272814572018,0.2373702357426462,0.004541810914807405,2.0034692742500335e-21,6.417576987743786e-73,1.7236352967908787e-06,7.036771806278493e-17,0.02218181687971535,1.5517283249915647e-07,4.890759562276755e-24,1.816616536771983e-29,5.822275792841324e-42,8.419582017715788e-15,7.890051650672922e-82
sim_acct_0897,6.59759118227286,47.43059963441691,0.5169170774524536,0.586258062840443,0.0669129173280661,0.3172668954486987,5.305719870749983e-24,4.020163385077196e-34,2.6036588532904936e-127,2.605097072332069e-56,1.6893980796428042e-68,0.001366194931338512,9.419593229342087e-28,3.236227131540785e-10,1.062843068110593e-80,2.4799013694900896e-27,1.105143168983335e-111,3.2548239528877393e-88,3.2283163357632113e-28,3.8714949895268264e-25,4.281037632883826e-61,0.061046655827078584,0.010557661868029939,2.8501699630407343e-39,9.009356799448032e-36,0.3088901714174575,3.0760074722229484e-63,0.27104254229996255,0.00019154172586695553,3.610831760208101e-22,4.853459607679519e-88,2.2412664388402153e-31,0.005840237607356332,0.00010760721639752235,0.023641043957156677,1.6593601402924609e-15,4.9447377032375274e-05
sim_acct_0898,86.8119287795709,3.8688612308241854,0.24236893052953568,0.49789620124365913,0.12186324414330856,0.00016926109624845732,7.884775143982645e-29,1.535739196793334e-05,5.159568357711746e-52,6.89723146751622e-60,0.029161465287615748,1.2942333245342047e-08,0.15621578087385365,4.0247707580264105e-52,7.883410878845957e-22,0.0009298893205293123,0.03261805006218006,1.1782354276173633e-24,0.6270178827076087,0.00021697252216958988,0.018161448165271352,2.7014817536982876e-10,3.676919820548501e-61,0.002721529133928326,0.013866542319835721,6.053701113850086e-05,6.7603312147715196e-09,6.907769388611732e-05,9.197228601945345e-20,7.144274372270005e-05,0.11332437685555208,7.639510187742807e-85,1.1087692394859783e-16,0.00020663986324487087,1.93486120086218e-27,0.005173726978434198,7.34265297467602e-37
sim_acct_0899,41.89468325419154,10.806572254154311,0.36100814669540693,0.6951212675467479,0.05678607708168508,6.067832960034463e-57,0.0015234401310927263,0.028265466725491645,5.912336969416166e-07,9.84580927579197e-35,1.7566973422293113e-23,2.9825899336818956e-44,0.02686692054193016,0.00494891098570328,2.730310739817588e-08,9.956007901564303e-66,0.03064502092923146,2.362758721049975e-55,0.4187318571843986,0.00047180627115443036,1.5344763472287627e-07,1.1843988003411142e-55,1.3267410122175636e-06,0.06652543854451434,0.3809229330026377,0.01453020077944599,0.00014937423617547498,1.1605408541421348e-222,1.6238059557238976e-103,3.64990127042707e-51,0.02295806766449037,1.1617195140329914e-76,0.003458464278282636,1.6285243821832955e-58,3.1283398461429653e-38,4.0954189034776304e-54,4.0741170785443444e-52
sim_acct_0900,5.154829123204381,52.60515678353794,0.4934829917625935,0.5475806047909124,0.07463967507867858,0.021698398184658428,2.987132284322064e-102,9.896990621611326e-15,2.566315338060512e-41,0.0007623476525884766,0.0074075651217917916,0.055580969669912966,1.3424507049654684e-41,3.2424330821783326e-179,3.6130450171514597e-66,1.0335572996680719e-44,2.2804624496816547e-09,1.211258401942272e-28,1.2677552690483647e-10,4.437313172755009e-05,1.103545545372669e-65,0.368869025478656,2.475634905939472e-113,7.385832669426459e-09,2.8119335104466247e-112,0.1903935218157968,8.719627463285879e-92,0.18160289694401444,6.605886131877926e-47,5.5985487391595916e-49,1.1235931533910852e-70,8.114870501551609e-100,4.246737078739387e-22,0.173425099186379,0.00021579302139386773,1.2037607560736476e-28,1.263019603017421e-52
sim_acct_0901,95.10459906900458,3.470561592288419,0.31406366060570834,0.6199713062039606,0.11936644608267116,0.0010947750909756236,1.0607707593568656e-38,1.1419392247095246e-06,3.476473656042937e-41,1.612998405893328e-05,0.06228410201141156,2.062653772646105e-06,0.019000575228178728,3.9189439890283405e-128,1.1393301431611954e-163,0.004908039698589981,0.004990565510800575,2.33757292881577e-41,0.7486000473225358,0.0004082414818367146,0.04432780615194907,3.283874945559258e-42,7.998067901053865e-100,0.04281315521465283,0.007521874279370116,1.0434318455622141e-11,7.532268727680117e-14,2.5885215777365283e-11,9.204441652019691e-39,2.6100096526774654e-99,0.01967716308123345,1.4799319029435342e-23,2.2532915611302604e-141,1.040350570084872e-14,8.77032945575067e-47,0.04435432031500421,6.810150464252309e-51
sim_acct_0902,26.708648125134232,6.815985846946025,0.36138009597724186,0.47079614868994846,0.02938991568331721,1.1164787088540956e-105,0.004290656752999536,2.740129558413587e-20,6.284947779291848e-37,1.3880918399730968e-07,2.2666022239251118e-11,5.60805729441227e-06,0.0009708920754480355,0.7540256637815353,7.719385521032336e-32,9.003418745331714e-41,2.3268003989230212e-23,1.4027302720296734e-68,0.004224952971600493,0.07140851769443117,3.095273975520655e-08,2.933941418031878e-09,4.266493989312931e-42,0.032836327290210444,0.12226004449963633,0.00036675994565762645,4.045128361668601e-08,1.1455070648790708e-26,0.007858714139328947,6.251255788206049e-27,0.0017516496220427215,2.6668089299847595e-18,3.344934844000828e-33,9.605465795597537e-106,4.849326747513656e-20,6.976714021556171e-19,8.938000535353922e-26
sim_acct_0903,6.36818303692712,48.574392872255956,0.4642347477003689,0.8888966397787014,0.06603482636881829,0.20270365690127262,5.16506014048453e-57,5.397957381516504e-43,9.262238840372759e-60,1.5941798068063087e-30,1.0408413886452483e-52,0.002199499279600902,1.19266954979636e-39,9.927095204810528e-28,4.551743044819012e-07,6.214969811873796e-07,3.2789518227724505e-17,1.4564785323461846e-12,3.151766302414883e-72,2.0385154422105223e-37,5.780410867416472e-115,0.050124192195555556,3.3182319285617437e-14,1.1010826233054889e-18,1.1008326105587716e-48,0.271969334499428,4.0007963081546444e-08,0.4671608139633161,8.596398275837327e-26,3.7272378988929447e-33,1.297465507561947e-07,3.0579086321313224e-150,6.8824979815315e-23,0.0034385443544499034,0.002402712379087757,5.5657981839854936e-39,2.0871742509046037e-18
sim_acct_0904,81.90609155468518,2.813900201478383,0.2816368106499403,0.5212898862075432,0.10535692697870065,0.058913510358015356,0.0001049640057119306,9.681828469044138e-05,1.4469119105054471e-08,8.797589990439945e-19,3.591991266444402e-08,2.092222304603847e-07,0.020279975147780998,5.316415772670235e-21,9.686540712266016e-49,0.00785607436226436,0.01941704789818693,7.664205579922193e-136,0.496817444386948,0.00530323337048955,1.6462094252768096e-07,0.009941955492246173,8.003036154437975e-64,0.11773389731179137,0.10373510068390761,0.00047339280020539164,3.443440338971297e-42,6.161094041439338e-30,1.8518362753494108e-70,1.4984652511875377e-11,0.06722295591708657,4.7539273380732905e-09,1.5881148464303104e-84,7.228205362386607e-18,0.0002903967275796223,0.09181280421818687,3.3792048170921545e-11
sim_acct_0905,35.71294010243264,6.660988689532725,0.32615500521003926,0.6022344861038776,0.044419665926964204,1.5933712731822554e-11,1.3976086775091595e-05,0.00016540840851626408,2.5329519561649134e-17,4.927915556619263e-203,6.793089998111047e-06,7.988766212979848e-52,0.0953361705049556,0.19484102300417064,4.0267735887362657e-60,9.716916967903423e-158,2.4199378274657578e-55,4.950015045277298e-23,0.10880624578354642,0.003454268710932222,8.379043863844699e-19,4.980230635670595e-158,9.249064345702694e-15,0.16718071924301636,0.19699933255640828,0.0022394782760887925,1.9543121698475428e-54,7.600318287588924e-86,3.043092053170361e-73,1.0529459586371807e-47,0.23095658431961366,3.49637482031098e-14,7.594402718507138e-38,3.7468865364961593e-44,1.5879493853970785e-114,4.3188951319306094e-16,1.3061869126775897e-30
sim_acct_0906,6.355926344487653,50.01439890958727,0.47667460897245895,0.5224187887772836,0.07506884565957012,0.23946021897474745,1.5423473061328207e-72,0.002720283561379987,4.483202373126923e-79,4.209050118189946e-52,4.7708508095072917e-32,0.11388638131676099,8.599145892133234e-54,8.061188733798314e-17,2.5999020940325174e-16,2.3139458219792536e-32,2.2414847903004752e-29,6.650039040486551e-55,7.818867726115631e-05,1.4847280598686551e-105,5.021028629591548e-19,0.2966880298776186,1.5067828552890917e-19,3.737090794792737e-74,2.623379194377644e-22,0.0020160838385739365,2.724260865232448e-43,0.29814996838004293,5.014816506362975e-47,3.034555602823142e-94,1.0536463467419377e-71,8.917493729294062e-65,3.961391114835766e-60,0.04697166718074775,2.9178192866937086e-05,8.163449745155309e-58,3.979904301881927e-20
sim_acct_0907,76.4237219299615,3.304105725411779,0.35622197615984436,0.47756876283885524,0.12227111921419809,0.3299186773828267,6.560216922351615e-94,3.0213405057643476e-11,1.7021048173992346e-119,1.5970764789997868e-07,6.489959389676673e-22,6.792100561347191e-12,0.0640588028607893,0.0379413648343392,4.809427297476888e-32,1.4476802753459388e-05,0.01410422482124361,1.5930689539275924e-119,0.13863341774836951,0.10130941681063334,1.1429537188975428e-08,5.030077063995567e-41,1.2975456604891345e-33,0.04253239248705312,5.691364725858675e-05,0.0003864971072221386,1.6823732756267612e-50,4.709662923196436e-31,2.72605210423756e-51,5.974952127877549e-31,0.08515521967016203,1.1894688438727923e-79,3.199372755397927e-19,1.1360710563982245e-07,1.0222587090862886e-49,0.1858883110460526,3.11766910131057e-38
sim_acct_0908,42.6483385622145,7.7092818399801795,0.4081208653765032,0.5048277782374123,0.03463827752412392,1.5852939922268459e-24,0.029396231705516942,2.4521065452243004e-21,9.721291685415485e-06,3.28942200381569e-13,0.006230054066812059,3.2701382939597803e-134,0.005927314473468205,0.17674691233142978,6.136231009050886e-47,2.5304819377123744e-74,3.936975796999859e-93,1.2063343928145985e-30,0.1322148818878142,0.000833137611065562,3.0208026725229964e-10,2.5880688219382273e-103,8.777375367495959e-05,0.1981638014599156,0.37859923188706596,0.05180861355632295,2.237610168829684e-65,1.8193748513518972e-19,1.2360846031754025e-30,3.235410967409466e-126,0.012192852815099435,2.4006356225949635e-34,0.007789472853422058,2.6430856284444315e-40,7.065958696380811e-43,4.297768515155718e-12,7.665252097658229e-51
sim_acct_0909,5.733476651616202,63.403066543587414,0.3391727438306445,0.5446617182045714,0.07357173645681231,0.0938199696916275,2.197580484227466e-09,2.757564255940016e-62,1.8281088773769e-34,8.773308220787729e-41,3.1736888116456158e-71,0.004755665975844453,6.745175331511745e-05,7.57637841671558e-11,2.0482544898288143e-133,5.527516136292907e-38,5.241682180723349e-131,4.964988904782805e-22,3.8317099171693206e-17,1.377604064250972e-06,1.834323223643283e-46,0.1276379984790335,2.7768771775279653e-11,4.843244272978407e-96,9.38980017461366e-60,0.23751726714165985,1.2872932584713832e-54,0.5098460781879446,1.075898851072795e-60,7.261622172598252e-135,2.403154668485185e-97,1.5141364213376988e-34,3.362277173802329e-60,0.016735432312783495,0.00961875655261425,6.723926008012017e-55,1.4482342291882975e-17
sim_acct_0910,103.18554818424971,3.2817589693903177,0.3558969327774502,0.4590887795026039,0.14115778822527153,1.8041954936818625e-05,1.0111405825084038e-12,0.0013895453551457553,7.634448077938003e-46,2.1051920525951824e-17,1.1743902080124433e-11,0.0001006369463536042,0.007886376437045725,0.08838224822447706,1.6225170949898534e-71,3.2247036322542654e-07,0.07003771289100928,4.62129937532016e-58,0.5389865977604891,2.5438367864363348e-08,0.002029378084193989,0.0005433191424361823,1.448558488395742e-205,0.0025665524537006744,0.0782155257955419,2.4322238926367635e-10,3.673840457164585e-25,6.183801193245086e-105,6.264342237617851e-192,1.5925396849221898e-126,0.07507336153879314,6.417547479090502e-71,5.420066879612405e-12,5.175089390028657e-17,1.6965925987446264e-67,0.13477035524574826,1.5206602201055065e-60
sim_acct_0911,36.7167547963321,7.235700337305873,0.31388990639592196,0.43374815001442346,0.04398053842901108,4.836940226086483e-24,0.0011599774106736168,1.0044588459820656e-28,1.034753027804719e-07,1.7072574503751538e-28,0.03502522132452029,4.145282561470878e-31,2.780674675639771e-07,0.20979116983811494,2.4973213144267498e-09,1.9617680662715806e-12,1.1468757786911208e-07,6.57440088239528e-21,0.035832794901675694,0.1262119849478903,1.4874137925175077e-06,9.25101810612834e-23,3.8677433633596194e-08,0.23469098722225065,0.241027370246848,3.5333758526754586e-05,3.2233307502745074e-23,0.00014060904730599195,1.3010477720490904e-39,2.740102969851989e-57,0.11608252648133617,2.3747758634049445e-27,7.093300740340928e-19,8.120132633086945e-45,2.2910835092558443e-135,5.976811430606542e-121,2.4262726666902513e-29
sim_acct_0912,5.235853230901987,67.07728383086018,0.509051092814828,0.47235176180072724,0.07054020694501625,0.07936064424927355,7.835876070315476e-17,3.5124460437442665e-26,1.431652830309696e-05,5.795925807288448e-19,7.220780011796036e-23,0.020702191785650473,3.6080538054475117e-07,2.2150394007238843e-08,8.87858259688869e-29,4.514559708597552e-34,1.0285741037082519e-37,1.6429627371573984e-15,2.983056587171118e-36,5.714785514088369e-114,1.7482133934672395e-71,0.11545953149033698,1.2495238646305328e-05,0.004072970340789232,1.1318333610045858e-16,0.4129179072676534,1.5737558589742566e-49,0.32025393617008263,8.512008236149004e-10,2.149522749840151e-17,8.344376363143399e-43,1.724173194959855e-09,4.940998824554765e-15,0.04709413205058169,0.00011148934752731453,2.4282733674150924e-23,1.0069668843513526e-51
sim_acct_0913,95.42099522221966,3.7134868565328265,0.2989917641881981,0.48198657474538703,0.1481875560395028,1.093474857638803e-08,3.7863813964985583e-29,0.00015454193183564926,3.920790145658279e-67,9.335481269700163e-20,0.006526199685865788,0.009996144925158521,0.0029058322208012338,6.021756144119502e-26,6.327397956437592e-76,0.10137368479648941,0.006949804351698134,1.1025838813685277e-08,0.1674789600289869,7.666514113926969e-08,0.05455232332849979,2.664033689007017e-55,2.6344939771987637e-55,0.010077904215235316,0.30050157963599583,1.6010983344875353e-18,1.6356623488907368e-07,1.0608550454000058e-25,0.0013174639726617353,4.516831170067628e-05,0.1585593798963104,1.007439554136011e-80,1.221553252675647e-31,0.0001256575481956692,3.825093592380156e-160,0.17943509295860172,2.5168180556132536e-75
sim_acct_0914,38.79982196991276,10.85817088557316,0.3103262213016733,0.4258931658501113,0.034927658783627656,3.2520249618956455e-97,0.0002889760627840966,2.4678043982833485e-20,1.5672406896541765e-12,1.4451629226715585e-13,1.2111851754586652e-11,9.664051835486637e-16,0.0084113086447671,0.02601836241468281,1.359017440931537e-35,7.127501727288469e-47,2.2894737420205668e-12,3.962954745392876e-09,0.008507751111525422,0.011302979030723257,4.322881917149902e-12,9.933184309767338e-65,8.803148553414018e-05,0.3301480888393826,0.4428687786684084,0.09635707261047965,5.951718983823168e-94,2.023248838442725e-52,9.213165175441642e-46,1.5216644889962342e-70,0.074172359707934,2.72152598954231e-59,4.963370311624209e-221,2.7267004143108765e-62,7.257203937617092e-126,0.0018362874403867148,2.635342239423749e-63
sim_acct_0915,5.383792275373311,49.5698781736112,0.9057311981353281,0.6594064510067628,0.07540907330696846,0.04552195253322087,6.604309152851497e-30,1.274615433290334e-117,0.00017843881632353319,8.013854105499103e-122,2.1141036612076929e-07,0.02163177255136959,1.744582298857496e-30,2.726318735120146e-05,0.00025055370600481487,1.839779051565773e-18,1.250596380750092e-08,1.4236662556277065e-51,6.69413700760067e-27,1.7037864915854626e-72,5.700290259468539e-17,0.6728434784054614,8.891263382688792e-07,1.9162454752251126e-46,8.927178456364186e-25,0.09214293550450058,1.0852598152075663e-35,0.03958852997842852,7.770418162074307e-60,3.910477976052377e-30,0.0019373304941313924,0.0011506154425590448,1.1493985557846857e-47,0.10293981437639228,0.02178620196158851,4.0591295046486616e-218,3.268735698048554e-25
sim_acct_0916,96.52354636055261,2.9271497143793828,0.28682654578301503,0.5054720151611184,0.12310373540351806,0.022624071393510505,6.853040342124922e-26,3.0932149401078715e-05,4.142566720258489e-07,8.413942301960318e-05,0.0068209870172396955,2.1870707478013644e-08,0.029051568458639893,8.529678833771985e-30,9.016876684533953e-15,0.036223154875571414,0.01876553466634935,1.0718099286884607e-14,0.5756906935676811,6.4842238910377e-05,0.00046878404173881773,1.3780610114467383e-27,4.2583742087413855e-98,0.01346542458326503,0.1059339985766414,1.5277211996936434e-08,0.08080327385231457,8.833867227083249e-86,6.624542408025925e-133,5.142350654418193e-21,0.0666134129293913,3.3583239238843186e-31,2.2720041582727975e-61,0.010518522297627229,4.290786718638157e-18,0.032840208523534406,5.530311019802401e-13
sim_acct_0917,37.76344309363733,7.871455267286458,0.3931952795609447,0.5806356316178709,0.03680456935838862,9.894859940831444e-27,0.23110927956439084,2.6674544545073746e-05,1.0778131774504673e-22,4.1698806397658416e-54,0.013364954906008674,5.587306594364352e-26,0.0001502705978980312,0.2540297038809031,2.2510766541717873e-06,1.2700238147125236e-33,2.3421493259519296e-86,0.005957113091753131,0.0005562702645681575,0.03279876680968229,0.004343300821600374,0.00012037952628108503,1.3141111015310035e-10,0.15626319668263614,0.2790844595792818,0.01744181844641487,1.4916265858613124e-30,1.7242681329444242e-08,2.158322586788499e-79,1.319690381554505e-50,0.003607063965167425,2.486977231072375e-83,0.001144478486869785,3.8125236832394143e-10,5.272139058444433e-134,5.566721149810056e-91,5.708650692860812e-38
sim_acct_0918,5.331081783783028,61.98115067082707,0.4667576637663207,0.6596336131239516,0.08834985890403271,0.19245139041849027,1.0082225183566608e-54,3.627013354976522e-33,1.7253618486186875e-50,9.000850083867708e-62,4.793894712847443e-56,0.12971057477854225,1.906270351788197e-05,3.3516819851832405e-99,2.313810086557288e-27,4.270008519768908e-12,1.1659051360573177e-22,5.167508141978115e-35,1.3463031947993925e-163,6.215302018118578e-28,1.7048988541820874e-06,0.10844875141645118,5.352411361834106e-32,5.710768024601439e-76,0.24640274245592653,0.09088172145879032,1.6819766201888915e-89,0.22633790877766816,4.8143332036181144e-11,5.540886147198848e-07,6.569140040590651e-142,6.213068897418949e-92,5.3230957511662955e-08,2.702596713241571e-06,0.0007494016559845516,6.942998766040738e-181,0.004993431467075546
sim_acct_0919,96.63168069563208,2.3835894043051136,0.27441845610136273,0.5626471066725356,0.14536004005446806,6.020394282622558e-20,1.5645910871756862e-187,0.00010304839098594327,1.963709797717504e-06,5.805920070649748e-120,1.7975071808451578e-13,0.002287609631251707,0.23834591076069342,2.805394776653673e-20,1.8554980893251257e-103,0.042961869333862826,0.03387742861100063,1.424456193910226e-89,0.6146804507616596,9.383833514536964e-06,0.0016349150681779152,1.0467767304855525e-12,0.001817905661010298,3.189580607516798e-08,0.00979653531325593,5.835553130678759e-26,7.860476827226037e-56,6.608443100663737e-42,1.1969008464374816e-119,1.1296250515937105e-29,1.1416904278752243e-07,3.3137134515324763e-07,0.030241785512639254,4.65667945159218e-31,1.272746673395689e-36,0.02424059797632349,1.1799840653079399e-07
sim_acct_0920,37.09820119004821,7.55153068400732,0.3642234772086811,0.5064755761463378,0.037794711971671745,1.1605740457666011e-07,0.03923697056405878,0.0002524239755272595,0.00039544747338863493,6.845672003470994e-155,0.00020586426052737668,3.5632111207201575e-23,0.020368999283768632,0.03379823732136481,4.5504919146691384e-54,4.021795936276725e-105,1.2694749422678938e-20,3.4519615586115983e-56,0.0650699604774815,0.015858477113544003,2.119623592697956e-16,1.200364620194666e-12,2.351370727293924e-09,0.3276606079801814,0.22272203791949796,0.21925282275411312,2.207691341722346e-112,1.3402213387447865e-07,6.237624991290108e-125,8.700917611688877e-38,0.052873887803946105,2.5674814725686633e-20,0.0023040106404907438,4.029392608237384e-36,4.279518361261644e-124,1.1118402176356096e-26,1.8210095608731638e-111
sim_acct_0921,5.376648379439865,53.45425393577148,0.4958696893173207,0.5586812941411059,0.07872703985006622,0.16336725125995677,5.998041130385374e-82,1.0837049366186141e-08,2.5295866933665488e-74,3.0727704946941983e-89,1.4502345230854974e-28,0.010268311195526257,2.6532574809963716e-28,8.455000310158649e-23,2.919051228023841e-18,7.908374288197522e-85,3.2168331852401215e-18,6.648274426109127e-106,6.985533211701916e-27,6.3991547433982665e-140,1.6171878565488906e-77,0.1568544081926911,5.594086841936829e-31,7.409687338920744e-14,7.1714663928353125e-06,0.33017511146360035,1.5077609304951409e-31,0.33930861447038346,1.9850802450565333e-19,3.4683237712847684e-160,4.198798608048273e-25,1.1697140271288578e-08,1.4767861576519024e-52,6.298752435700815e-08,1.9046429660939972e-05,3.338330583908401e-48,1.2650336971263542e-33
sim_acct_0922,101.81615292824614,2.131514711330671,0.2617798061585687,0.47333396369872327,0.20391961112058643,6.072009373833064e-05,1.6414743592748106e-16,1.4235424147683057e-08,5.015508250457022e-47,0.0037492717501441002,4.933929450413347e-08,4.232943494499256e-08,8.811577935752834e-06,5.375840558817228e-68,1.1200840662124252e-21,0.06461914173305087,0.03135869298175166,1.8984279436923976e-92,0.7805211136262533,4.548554931222615e-06,0.007053588399442322,1.2330580615385527e-50,2.72767598186067e-26,0.0009837820977829214,3.843673912027931e-05,5.142110784356049e-07,1.7140019664764338e-16,2.2002372956168473e-13,3.7654906840565336e-05,5.024386280873224e-74,3.650986831898757e-07,4.236913773325746e-07,3.221621419937782e-08,2.2207261472288982e-06,1.1440722313071792e-60,0.11156057569113445,2.438218714262015e-36
sim_acct_0923,38.99169871294891,7.608300883705851,0.4289704474147674,0.42748744019089563,0.04098468200945049,4.550421882591888e-35,0.06644244658588878,0.013911173304342068,1.0192851235083494e-40,6.090474892489816e-22,0.2283367824891546,9.142710684438389e-73,2.3880447264933598e-05,0.48987745984642034,2.6842421676075852e-27,0.0001724369565600709,2.2636920857239653e-72,8.485085091662971e-09,5.021653349426806e-06,9.41014538972323e-05,4.000868430652891e-52,4.718466961369307e-14,3.680603607485816e-13,0.17205223836535186,0.028625951635142137,2.9215793621120827e-09,1.4201524352607403e-18,2.9893711254775013e-27,3.960140925564413e-99,1.5549286353391137e-16,0.0004583852032825944,1.5297375902842705e-34,4.601145194499742e-19,9.974107915975388e-54,1.1014551123638446e-07,2.296609879422946e-25,5.067550229246736e-10
sim_acct_0924,5.4413805161505095,50.916613968387786,0.4145712850999724,0.6325396165941581,0.07392168493553655,0.25011188629436987,6.802612394051996e-37,1.1440012363602166e-21,2.8289570713093734e-18,3.20827812791377e-38,3.6950631208141154e-63,0.07754972023978633,4.015371223363208e-87,0.00011075751705122506,0.0003347502280919263,2.5994907013262555e-16,2.809543405219892e-51,4.910073537808459e-22,3.788126319720392e-33,6.0692058450953484e-52,0.0005898299620894294,0.2298081771304328,4.829498904743394e-75,1.3499366344400984e-53,1.3052643058418935e-117,0.1349633790121522,8.614619509659855e-19,0.30026800473349924,6.1253195608816604e-52,3.424839385142187e-64,4.906079105684539e-49,1.4686263525846346e-26,1.8557444929828604e-23,0.005773589107096446,0.000489905775430116,1.327888651726921e-84,2.7540471714299434e-128
sim_acct_0925,118.7204451901236,2.8220176067643146,0.33757324436361136,0.48589517834690144,0.0994134393753349,4.834877874344268e-06,5.218386708017427e-88,4.81694601675116e-05,1.1408066988818127e-23,7.92131760811767e-116,8.225450616149919e-07,2.0065240666621125e-13,0.008894474963417727,3.881150221450236e-05,4.543038187857593e-24,6.07842223290561e-05,0.12000373147058574,3.1204115817421542e-58,0.5750765107835402,9.51701242140618e-06,0.0006456644099671589,0.0006713476324374524,8.088741084783119e-43,0.05518872248652702,0.0005869741123486362,0.006186237765844142,4.538199628783889e-12,8.009000320762275e-23,3.177470088908671e-32,7.938552593537285e-51,0.022986774496958066,3.325782517511338e-09,1.331371818669374e-89,0.0001864090650319573,2.1146755038716173e-16,0.2094101973612849,1.2501466889148686e-08
sim_acct_0926,36.52088803408044,7.653695708168978,0.3157748657588495,0.48642745803063825,0.05023005957259868,5.532404186634022e-17,0.12681220480190855,5.448169894146903e-21,0.036375004519045705,1.102313758870056e-82,0.000325405729678436,4.848849431467596e-22,3.236974527408985e-05,0.2683872728716323,4.936066132864545e-18,0.0004606136138703092,3.166141951226656e-07,2.4758119312899795e-80,0.05913749078356229,0.14103146243609374,2.1072876442844312e-11,1.2445194584564026e-08,9.332886900843883e-20,0.07838636955798306,0.2458318104530975,0.001654347309935603,8.795725270845921e-23,5.567046957421848e-25,2.0651760161980293e-15,9.872840099883077e-65,0.0030846040157625518,1.870551661440941e-35,0.038270257326002186,2.0049007098813558e-199,0.00021045775557921307,5.3256073036293515e-20,1.096060946359851e-13
sim_acct_0927,6.661321220713971,63.93655414228993,0.5904283757983703,0.6046281092710141,0.04587365396126251,0.3843395658116933,5.484948508146761e-16,2.827980892562499e-100,0.00041888714554660954,5.472351691188253e-21,6.343197204779533e-28,0.21933581547930744,4.501816108445708e-27,2.657135877077701e-22,3.0323416069432537e-33,4.524082954869106e-12,3.6082966699227624e-139,5.389759887440949e-51,6.0617603781883215e-22,2.7689230352761418e-43,2.2128551992910485e-30,0.04966691532340135,4.6940948219558096e-35,2.1628239360428743e-94,1.5315158300246883e-07,0.12671846617577348,1.7424745688014934e-17,0.21686763977090523,3.5954955248337167e-47,1.1419043924496316e-07,4.265597791742742e-51,4.6270422717902926e-48,5.077764462120566e-74,0.00026861971673296584,0.0023838232300926214,2.367786758643162e-55,1.1902729807913496e-16
sim_acct_0928,98.56009823062449,3.145207521141211,0.3191290677513282,0.5217832544670431,0.14801208760190293,0.00020480968753109501,1.2967156144677374e-220,0.10469186032744299,2.5618501794435233e-15,1.1274244573924159e-41,7.779440760937447e-05,0.033187765716158175,0.025060198765197456,2.141252431716704e-15,0.002212197101572518,0.00010354599057908451,0.013572300451234802,2.8512563130182338e-31,0.3957687344385307,0.348483393650716,0.013570340210387725,7.049941813579e-33,4.4230017493310476e-240,0.0023999247444432834,0.009888254730422413,0.0005921957408483241,5.663445190075945e-16,3.596565922555039e-40,2.652373153388965e-97,1.9266119603528486e-06,0.0019723927010611747,4.5214121432574066e-91,1.9311791620965194e-09,0.0025905073289981435,2.233312196430268e-53,0.04562185546334377,7.782563385948684e-13
sim_acct_0929,37.6385404832878,6.215288039330007,0.42295047858458856,0.4923784535511348,0.04177755800723048,9.45945797488565e-98,0.0246911296664473,0.00036095046019931016,3.111096356182215e-09,4.198799502288988e-06,4.872486061832704e-06,1.0653441913793219e-11,0.008500662793897489,0.3363233241099935,1.1100577284357567e-130,1.3510993233062176e-52,2.1471332139628647e-08,3.817269902290014e-50,0.06472236580135418,0.00038893101368498936,8.290874910444253e-07,0.0021878774290541216,0.00010939729141925025,0.2116024794397202,0.19435443969611832,0.02856407870653118,7.346002147976629e-48,3.9777405163237114e-60,0.00022846828485943368,0.00014193842966717696,0.1278140319109161,4.3635253898842604e-97,3.284460883910077e-47,4.0412415305089255e-37,2.605384973340737e-26,4.422576466091311e-16,1.8036191404457e-73
sim_acct_0930,6.068737335592555,63.94870597132436,0.3832864040237033,0.48717257297452393,0.054760812473217596,0.2752678386470887,1.1885861142237105e-79,1.2323033942776412e-98,9.785960033247866e-19,0.019203402954300106,3.048694795468814e-129,0.0015621288377611724,3.8269992149651324e-35,2.2153177402190474e-10,2.7037118502285095e-38,9.834949759840122e-25,5.169921965759221e-30,6.193696377377207e-26,4.076227567535365e-26,1.0759065042860849e-05,0.0002416282338668239,0.21931123393319496,2.391581433750087e-46,9.430926107514557e-06,6.059103087637047e-38,0.23755248462045306,1.093274552900434e-115,0.2393891907733868,3.8851846711649917e-60,1.764773953491472e-44,4.9142048147733966e-36,1.060361532844569e-09,8.468644065540048e-57,0.004365886792586698,0.003086013934318056,2.8730238149046093e-63,5.623584330234361e-53
sim_acct_0931,89.96924812249982,3.7825230806792556,0.275735277664498,0.47279429960535413,0.11742279123851825,0.1651391976416502,3.3996319258870643e-09,1.978858498821395e-10,2.6068037909597708e-171,2.2803140076685876e-18,6.669431940834792e-14,2.570763449068992e-05,0.060488140618333554,0.010750178711411417,4.102972567399147e-21,9.432680078478117e-10,0.000650710780585726,6.302819453976346e-53,0.2554010848490416,3.2278840302220877e-14,7.069444960799696e-09,2.1892135429565628e-76,6.97750246291317e-33,0.0612054901215181,0.0026444071127816105,5.485450568001593e-105,9.45344255002615e-17,3.2264627835441367e-27,0.0006726143458720135,3.0008446627189866e-12,0.40110663222461757,4.680081380955839e-96,8.254003214633014e-106,6.388314099114595e-23,0.0005552915250388958,0.04136053282132804,3.2566723592255003e-62
sim_acct_0932,36.040962113928465,7.991771919450349,0.3460394907713557,0.465960457670928,0.04070551423305235,7.105923103528888e-46,0.0011795639658582,0.0007541611682974669,1.7742644123271789e-15,3.130621361477464e-38,0.0002683162773424612,0.025009722475288532,0.05794564685235053,0.43256848507802015,2.364562708191979e-30,3.0001977044586436e-32,5.076706406716731e-09,3.9410321385044455e-24,0.030687649626248068,0.024177611995490005,4.802561463950278e-35,7.282169998527768e-24,1.1016773575384498e-16,0.10752295772775038,0.24189942419453794,0.00038821438014307973,4.184230112032023e-14,9.713393727443846e-53,2.668007860824106e-10,0.009349832388516718,0.06374337631437844,6.52445388646167e-115,3.2358346196366033e-32,6.350893521008649e-25,3.503997065614857e-14,2.8329197257870757e-53,0.00450503221219219
sim_acct_0933,5.544583383814347,57.730498420558995,0.48809325057472375,0.5127003699995865,0.06441686674359826,0.3625064436616859,3.7533772035818704e-08,3.6032747832676063e-13,9.442498683050317e-06,1.8030291193563558e-64,9.723000175847118e-14,0.01776552009791777,8.315053591008851e-22,7.409204499356409e-80,2.2397878270470707e-42,1.3257435765153627e-57,7.0748329631309e-113,2.012457109592401e-46,3.6462216933549763e-51,1.8676473480453998e-09,3.258487052012198e-72,0.14345962759521477,2.4268877319114573e-81,1.5929122199216078e-124,6.022021530758039e-26,0.042145507690845296,9.536140673464819e-79,0.24268891196413253,1.7204853614250026e-86,5.9226123270005465e-12,2.6271182759841236e-75,2.5220675828515684e-21,0.0008249982929835138,0.009502259951936844,0.1450780007338546,6.079477420580668e-136,0.0360192481049463
sim_acct_0934,83.88495481896868,3.2201826760901358,0.24781135497920065,0.36930166704334955,0.1436336262318792,3.568172176203022e-12,3.2344287436100065e-06,5.214531415500634e-09,2.09256111629832e-23,2.609190206718096e-87,4.255803815247436e-05,2.9750636072099417e-08,0.10481489689612049,4.425699689140139e-05,1.3466083621252746e-37,0.0008181455971338578,0.00967486904182017,5.275807784729835e-12,0.38483380733516304,6.039448687157524e-06,4.763736802515774e-08,5.5100990451808276e-08,2.3762915690701718e-05,0.02566239448518141,0.0019671445621909397,0.00014492814652285587,1.4617344202395831e-08,2.4150135433278535e-07,2.334719220789781e-62,1.7856570148671966e-55,0.35067543162946035,1.8511905167461903e-109,1.7029703923904517e-10,4.2202770060121965e-08,2.0096428071980502e-112,0.12128809425582848,1.827745040395192e-11
sim_acct_0935,31.39175860473165,6.1651589123184944,0.5343284621697374,0.4447406949323967,0.027256609295775742,2.8126326782378495e-105,0.006028681264316959,9.98529258570464e-11,4.605571954802493e-13,2.1039105701313909e-07,0.0071920091028220825,1.8726069172763805e-75,0.03244669113789695,0.08773212605887579,1.0266908226188105e-31,1.478400210500154e-55,0.06346248615114905,6.700209513392732e-58,0.07582455214733694,0.009878526356237803,5.958247764623046e-38,3.531841920719987e-45,3.593561825842738e-19,0.13651655373782645,0.3982632385094569,0.10303598052607388,1.9177304246876412e-84,0.008026769664463453,2.8156993377188905e-44,7.699883529514093e-46,0.0709185750382066,0.0006735998084775247,1.0040676899702617e-20,3.867561171386091e-66,8.659109683161679e-28,1.7132569093985104e-20,5.489039151672392e-12
sim_acct_0936,5.637214248641595,51.12853576960881,0.4725644001830894,0.5012152653893285,0.0778929342373005,0.300925181246803,2.3789165502453566e-28,0.022070190008259643,6.865621420602579e-29,1.0813968542644784e-14,8.933988520854316e-05,0.019685766928584918,1.3143828806464921e-27,2.606071279702546e-38,3.4142542075159975e-114,1.536691523284873e-11,1.4091071460608575e-07,2.2581555220005786e-85,6.189401124679758e-28,8.521166805126182e-27,2.4790764835817876e-145,0.3240542820913021,1.0161036243804504e-21,1.2079791195116559e-34,3.850000014712811e-27,0.033953456684736066,1.890504364253922e-36,0.25936976310704307,5.536992816698657e-13,1.175734639841601e-77,8.151855798296494e-125,2.0142959886434344e-20,4.117583369657415e-31,0.01251325458064588,0.02733529166928815,2.602353336904009e-07,3.072636148736279e-06
sim_acct_0937,93.13091243954794,2.7908841054519047,0.26038055936991417,0.51123218349416,0.11297162086926033,1.4094533694319252e-07,6.663054830237522e-30,7.578955683762695e-07,4.1494375533656453e-11,7.289324002953322e-05,2.2525855649180224e-19,5.012116669269777e-09,0.12518285951356925,2.009882343198838e-09,4.601020906259128e-15,5.475481315357422e-05,0.09931433459784286,1.4236385858296645e-70,0.5406982954264602,2.1964346669934867e-08,0.07511516821204024,2.1584401680402008e-23,8.967210406073103e-19,0.09381793064056784,1.2862969038086703e-08,1.1181683309562602e-05,1.666599901365552e-14,1.9134847910195154e-43,1.7634460202016243e-12,1.010887304999128e-22,0.004732819722149411,4.940660277488487e-30,2.1848116066805484e-16,1.6943684274816107e-13,6.783783269010147e-30,0.06099882141720869,1.1351013396393856e-66
sim_acct_0938,45.44369449120951,6.669650471246654,0.2871712461939887,0.402806405276484,0.037082107077359976,2.5542306909070836e-84,0.010861430387111078,2.0571442012024628e-13,2.3196304274056933e-22,9.234822503969768e-57,4.419878096506983e-27,8.356937425563936e-70,0.0006291946547856295,0.32638127282497714,2.3598811727481346e-36,4.172023717237293e-13,4.404422797381778e-09,2.3127163550612605e-20,0.0009559167430183809,0.0005337767925945283,1.1918497081421711e-32,4.1456053914244614e-17,1.927254583447572e-09,0.12083225138576657,0.38095447082353495,0.0154009816820357,7.448140771167694e-75,6.229527348962394e-102,9.755920867230888e-127,1.1037046370253818e-18,0.14136189266145435,8.128701694911602e-222,0.0020888057123474545,7.79630487558238e-48,5.363298856196293e-22,7.401255026281194e-14,2.470461257801574e-50
sim_acct_0939,4.487617763133393,57.919767051611316,0.5225284266900045,0.4858917038613955,0.06344735120924122,0.004290120164544411,2.2557717585390115e-44,1.0321366248546527e-65,0.009250418581588558,2.4654186642984063e-17,4.088829493539201e-62,0.0063304767965590295,3.267665961951563e-84,1.8238715233692894e-76,2.2295055352159694e-66,1.0662118063534183e-143,5.550169791685914e-11,5.034633024386797e-64,1.0600072625604938e-10,6.2153785306492165e-143,1.472505818017419e-12,0.7089058986620015,1.898291961907606e-12,1.1777115328280033e-18,1.640049386401883e-05,0.12714097465695426,2.623491224824691e-35,0.1314202576623892,7.128932945942378e-50,1.3849672741075613e-12,1.141562878182723e-17,3.5547710734705184e-08,9.430460797164392e-113,3.9683912073623386e-05,0.012605733356056288,4.900779420256187e-93,2.9963588673513502e-81
sim_acct_0940,94.68286179602983,3.033020888702493,0.28836298903402185,0.498688533256221,0.11831002066000423,7.473179435666604e-13,2.3655258321678164e-25,0.00017108197739737596,0.0009798239033659854,2.214845664749478e-140,0.00019527253227663962,0.00457965776937672,0.17307102796781199,8.46716893191223e-13,1.0726564620563104e-07,0.02025863553107916,0.006573920582179116,1.7005650462650067e-07,0.2357338951316035,0.020970213161289504,0.0038461663356555553,4.8150979530147004e-29,8.025053507602372e-90,0.012255392446526183,0.011630506454740635,0.002308148543274737,7.225516078900729e-10,2.8317820441555924e-39,1.427630404503865e-71,0.00834965030148749,0.18375762886595795,1.0537477491746058e-09,0.0014186993622205613,0.00019754514030829754,3.4011659848687778e-18,0.3137024380383984,1.6855005799109308e-08
sim_acct_0941,38.77045493306875,7.912146845302463,0.4073918925055623,0.5682445288370617,0.029929861706313787,1.07801071039172e-81,0.022244525990938187,4.7402426957694296e-18,6.659592378533525e-11,7.810557534380841e-37,4.254388695550313e-05,2.0040023533164306e-08,0.0009333906306229493,0.26820054174166486,0.0004568406821865059,1.065210889219916e-83,1.256249565672603e-94,4.4672252836580836e-60,0.15759614907682143,0.0015350716380565356,1.83668823026531e-05,5.659624911505815e-29,0.004719130390600645,0.0438923710438959,0.04715314968488276,0.27150065687749353,3.0746336709471886e-09,5.53456791259302e-22,4.4491420228351026e-52,9.402831422826993e-12,0.18170723260696942,5.613167274465095e-09,3.13115850580387e-75,1.4097913862146959e-21,6.278574551102787e-11,4.24616889226685e-64,2.6782981818906374e-65
sim_acct_0942,5.543740114563509,52.22760986628917,0.4916362150151401,0.4912139100641427,0.07432787152126055,0.1305318609341031,1.9236111136534996e-47,9.124332986241306e-101,8.029361352464481e-151,2.0657068236767e-06,2.582106342210314e-15,0.40303022900672103,9.6877476799676e-37,1.0277146568084064e-78,8.64826041794253e-20,4.435930502498283e-06,1.1074476913158226e-05,3.846225903693818e-12,7.421023675612764e-87,8.031777695211475e-30,3.10207492686451e-11,0.09802445186881716,1.1925212647497444e-12,2.2073341317953917e-30,5.319098532828104e-99,0.06127502883902469,2.6282262100800725e-42,0.2613530724484842,7.937899939664739e-79,2.914621473688503e-73,3.36120896592774e-20,1.4682153013802785e-174,4.871470414123812e-87,0.04368586636396772,0.0020818329198416686,8.146873905585376e-08,1.6216983831449456e-44
sim_acct_0943,93.22935828865882,3.8383321439652116,0.24025761193013714,0.7129361715227628,0.11155656962983292,8.015941773635326e-18,0.006973247011754222,1.694591922526758e-26,0.00016197538072743208,2.4334629288035088e-22,5.135872740565576e-24,2.3633407795848107e-08,0.018531486090486278,2.515808481624221e-111,0.010532558929641013,7.35971500566699e-05,8.004139808531371e-06,5.742981091579982e-90,0.6312706580799613,6.100215533378488e-18,0.013912391058363038,1.043464025099302e-33,2.703783032197426e-142,1.060605043371254e-05,0.0470938241971386,8.712196788687267e-05,4.916114072254662e-12,5.150006111886362e-85,2.6745001974150306e-14,0.028389024181178203,0.04060831719520408,9.780330151081374e-36,3.4582819569255867e-103,0.0007901690031399753,2.1533494306692235e-16,0.20155699592586906,7.192123196553824e-27
sim_acct_0944,38.603295412989965,7.229493117087656,0.41286723306871553,0.4833747989342168,0.04102035628455597,4.3459753872950046e-68,0.011575623425167368,1.647016016245637e-05,1.3588931123423462e-08,1.9132408292139854e-41,0.008220998626562148,1.780483464664476e-14,0.06689674190924425,0.19803965218099678,0.0004508660925522745,2.654216370280567e-53,1.443326044167019e-52,1.7103105202242338e-54,0.009965921685145892,0.008908892012548604,7.337913091063452e-13,3.1435664326789777e-41,0.009012979788909097,0.18751890645625827,0.1796878765190215,0.04749446507809251,1.2311020036868229e-26,2.840799795939526e-38,4.5949886698391554e-97,5.991070326184865e-71,0.27220595515674206,3.2459384808741224e-08,6.716690472560882e-14,7.58594222531282e-21,1.0622650005980788e-06,3.542594461636857e-06,1.7523579365938963e-63
sim_acct_0945,5.2071994035924405,59.67863291436131,0.46580853369950875,0.5586906369177901,0.06668376165522229,0.28184933605481693,1.9632168996003376e-61,4.131781419200301e-30,1.8040222853770475e-37,1.3302188359815903e-117,6.959769858538101e-35,0.17319694881438882,4.112679301971535e-110,7.99569573671898e-17,0.07470370863205061,4.1992070185507933e-70,2.4232874962524983e-55,2.069494932929859e-32,7.354510464888465e-86,2.417329137473494e-26,2.3554306025593148e-120,0.03934233810634113,8.031119469482973e-55,4.993026360662191e-33,6.056083266423479e-31,0.16610129759664483,7.547367213250467e-61,0.258825174215673,2.68843118627559e-85,5.9647622181407236e-24,6.036433076032435e-43,2.317348525789615e-19,2.841275156767401e-103,0.0059099429113685055,5.9760145315596453e-05,8.866057498953923e-75,1.1493523400532022e-05
sim_acct_0946,107.96064394067504,2.994504032397574,0.24643551293669727,0.4987752186441109,0.12570635192150242,8.651096295610844e-09,1.3232112594480092e-24,0.017106892966822267,3.1112258407131215e-42,0.0010658048622966504,1.113612291040275e-06,0.00502990048643988,0.18254142897576478,5.212700520032526e-56,3.0713839277721294e-17,0.014840135554101486,0.0024191551030518428,6.096487441117588e-55,0.6840174166859365,1.2849192142561968e-11,1.922951910529324e-06,5.7022150800224456e-21,5.3904655662411323e-79,0.070673081278065,8.12927101233828e-05,0.0004459020904992797,0.0019561819581267975,3.647990557783212e-50,4.588602238531118e-48,1.1609570807913814e-45,0.01569930272760254,5.468366521194023e-50,8.50894834917206e-20,7.621118441921352e-15,4.041972285700944e-14,0.004120459372974442,1.548544017046771e-54
sim_acct_0947,41.257900192858315,8.133520580412016,0.2912076840406475,0.4806957040673655,0.05559515973371023,1.199645690884237e-55,0.04243727680709869,0.02245316803589674,2.819686434339656e-08,1.4003548465464605e-05,1.6842547541840403e-21,0.0010970846202836694,0.0020322465084515315,0.421037523397285,1.578338148282296e-74,5.820490178628425e-10,2.5592496439931814e-08,1.2502520057173654e-75,0.026507985385329003,0.0011397917393912852,6.724552194854715e-32,4.9358527560697854e-166,1.015746210476779e-16,0.03727643531062096,0.1534126770220066,0.14715601987450996,0.034001587568086925,4.952795654381151e-38,2.1179272684526104e-32,4.985355556084296e-06,0.11140425949886104,5.862613734909459e-23,6.304862552443014e-21,2.489992966712805e-05,2.241479277173721e-92,1.343152129540467e-27,1.0270801488561113e-09
sim_acct_0948,5.739946403709778,53.10687989512862,0.47113397157139725,0.49934031949396646,0.07054612493050225,0.24884695606359086,1.0405395221057371e-19,4.1762738727738924e-18,2.6182346319293275e-27,1.3599767034839014e-22,6.492843389332922e-11,0.06489451914295695,6.100458403590413e-123,2.505650193590009e-68,2.831063111492448e-28,1.6115528929148193e-75,1.0101499211333434e-18,8.005568498439871e-21,2.397783101866182e-111,4.814057898675428e-72,1.2304899688130682e-32,0.1975124588069546,1.4616326379672289e-140,5.051508592603321e-38,1.3484695096948726e-40,0.01844639590453218,0.00017332593350577764,0.42836936349710847,2.10752304841992e-19,2.0018576435617201e-174,1.3849496705230983e-07,3.562468602068259e-46,6.731160032620688e-22,0.0003149970345147994,0.041441845056940874,9.274162892482897e-44,3.0480717348153047e-21
sim_acct_0949,99.29134491059264,3.517353646157202,0.29925446789971155,0.49132045211401587,0.12980290772279834,0.07010379192560155,3.743453530830454e-30,2.573132440141794e-06,4.6488264963381837e-66,5.1225878708406155e-65,3.0109499878740434e-05,0.0119592177961561,0.023955168314372586,4.062703843075463e-09,1.5532205647470027e-47,0.019547013616929454,0.34879093143892387,1.6385971479370503e-113,0.38766616838005885,9.022442945526677e-08,0.012164286586845081,8.968718258917235e-38,5.442301817317945e-13,0.06419166303474065,0.00330847230705819,1.395511284645185e-15,1.0816898506724608e-10,1.2597709583410635e-79,7.976145521767204e-29,6.892893734774837e-17,0.00021901101250177503,1.8734440608516322e-71,9.323635996907052e-10,1.3347870104156088e-05,4.177535549898927e-39,0.05804814975617726,1.224741158089118e-44
sim_acct_0950,36.668492206480224,10.320316258837437,0.3011108954983179,0.6678958239230384,0.030388196992429912,5.116875936139035e-19,0.02936751825513137,2.4636065206789707e-09,8.161920164949878e-13,1.420697784495978e-26,4.723583174077151e-05,4.6355506981509165e-08,0.013532757663967556,0.24888773207369655,7.413807729898042e-07,1.0560188038827692e-106,1.8476677592476128e-53,7.635067989730023e-25,0.017254700849637296,0.1749703234776966,3.563029061497411e-22,2.087331012159872e-06,0.0010916265660099794,0.27670995680021115,0.18178182205403234,0.052535516974790995,2.9439963722758417e-13,2.1206658340956486e-26,4.758115787800004e-206,7.821964903269893e-68,5.197060575183161e-05,0.0037659613153236374,7.352335605757974e-60,6.198273087515523e-46,8.609267929516495e-16,2.3068091369847696e-30,5.595109788541416e-63
sim_acct_0951,6.6305587219744275,61.277136413506376,0.3997328517935337,0.5148355077931449,0.09203230767096324,0.12808213018904685,4.722214490520051e-111,3.358523018119138e-84,0.0057693732159542375,5.257755755439802e-19,7.668064306372786e-24,0.003745135319320429,6.50362934533233e-25,1.174695579912027e-05,2.190730028001114e-84,0.07147476897112694,8.088454716962768e-75,7.239986527064132e-14,9.386040152327144e-11,0.00017349260457888294,2.5646195192361435e-07,0.12502945964815376,8.979354837048517e-77,4.84945382206506e-45,0.00043311956531715077,0.08928753170716183,6.35156733681627e-34,0.27609567994100165,2.231704378838997e-60,3.2213861581679616e-28,4.98732921769321e-53,4.167144935235204e-29,9.007974910405822e-124,0.29279513304702737,0.007102172279627201,2.874958180520235e-17,7.345271195304165e-64
sim_acct_0952,80.15293332192509,3.1196876192636807,0.30970823779853524,0.5405986222163766,0.12545843594805264,0.007661674628390781,2.120310956894921e-43,0.0112535905028672,7.160876196554817e-14,8.573948593305289e-12,0.003678447625007358,0.001396700227734237,0.1322198233076776,7.857118925543208e-28,8.71381078786815e-12,0.08534983716694457,0.00032391898524289153,2.1126328033824244e-41,0.3194241701314009,0.058676700952643324,7.357086412848897e-06,1.1525090017163935e-24,4.6211591425959716e-64,0.15249741509624753,0.007092239658424287,2.232769449526326e-06,2.228701278300774e-05,2.0304072256335786e-55,7.276118729228387e-11,2.3451072739929e-50,0.05945985441554804,5.592941021862425e-22,8.086052110977953e-20,4.232013711344191e-11,0.008523410336054176,0.1524103399647312,2.1731770814068664e-29
sim_acct_0953,39.2193616022987,7.286187895814054,0.40357367088865925,0.4638986658058517,0.03809538633497976,8.135738474646908e-112,0.02958946545069137,0.0013671513581788163,0.0024495988774728018,8.030463194748942e-131,1.0691117061461998e-06,3.860473697963118e-29,0.01436418901268463,0.3012240377986304,1.984140360973288e-58,1.216829915924253e-25,1.8202361530311214e-26,4.184549558093917e-31,0.016558149112393266,0.02836454407923942,6.219550641432796e-05,2.8176083848279253e-13,3.707227915011602e-09,0.014889595908265456,0.25697810121558373,0.15638836291199054,6.08200639446234e-98,1.7799760857388365e-42,9.524508871867184e-71,2.97123123880216e-37,0.17776353593037839,4.89474960873591e-72,7.600003376529535e-24,1.9603471504395114e-89,1.406002546029057e-47,1.147767969756794e-76,1.8860809831922046e-11
sim_acct_0954,6.138689684429962,74.8304637042978,0.5985574559872278,0.5783065601425897,0.08631779852864013,0.08237299058114668,5.785185105795644e-180,0.002197037058892062,7.496479063433707e-16,1.1202830769069031e-36,1.0133569524821072e-18,0.13106299714833705,3.0895134978216955e-47,3.5889226464056955e-95,3.629943681118066e-26,2.646852526246163e-24,7.015112506191936e-10,7.208999922304159e-10,1.1876648138202218e-81,1.0729502660707745e-10,9.265396767923753e-61,0.6804642947950538,9.321248847579619e-176,0.0012617814283013775,2.303640904503652e-40,0.0025591841790931816,1.8700832575070845e-81,0.09529078583800454,1.5630647550289034e-56,1.3873957933927355e-70,0.001239175174288415,8.874843941022239e-35,4.021992699349368e-15,0.003551001486106924,7.507810647421226e-07,1.740489549981803e-17,2.4159105488476487e-25
sim_acct_0955,57.58038524896811,3.0779690311334837,0.32332061001064305,0.5939318778097259,0.15495169005345177,0.054390530622936896,4.717289907130892e-19,1.8379685501744148e-26,7.621071718660551e-45,8.655024526171812e-31,4.8946596592598264e-39,2.456467910598222e-07,0.00021734672877693853,2.390893804725441e-14,1.9803971226992957e-69,7.264541596469268e-05,0.2072554037327056,2.106168123595369e-63,0.72873567498585,2.1138028088596754e-13,7.501149096969148e-06,1.0797720907420273e-06,1.0609730985140591e-11,0.0004126758368042749,7.605505836683646e-08,6.041766187779232e-10,3.62033220607806e-32,5.281549491665929e-18,1.0265277983003838e-09,1.6147383120091169e-27,0.002101465077490343,2.3178014338142724e-16,1.7865488832299688e-70,1.1047779677374783e-07,4.404195376656306e-56,0.006805242857087685,8.586628880075197e-31
sim_acct_0956,35.01417487734278,7.15258323856991,0.36164853343109454,0.4579851871618442,0.035686963559460584,2.56184693774041e-21,0.09492241367543748,7.720992989627863e-13,9.641537037547431e-09,2.437538288625918e-07,0.001205757936254248,3.982804163551241e-268,1.6284625663544298e-05,0.37183259672512436,1.2557010558775838e-89,1.2192424872693752e-54,8.709681444144917e-31,4.706448480438505e-67,0.056075431823824386,0.03224547265814019,1.1650777452121868e-28,1.5888971921903857e-41,0.049905768585446625,0.24603527618628468,0.06818147229696046,0.01723032153738096,7.990190726765002e-05,1.5097501518968798e-154,6.679165762853576e-13,0.0019462673541893846,0.06032278129122007,3.7600303490039197e-34,9.386113738923504e-18,3.469101267314809e-91,5.394316998451321e-33,3.252083260061921e-48,1.3986975662750932e-61
sim_acct_0957,6.6986883545646885,48.07038074816098,0.483429998085627,0.5591909024275145,0.07047097483994408,0.04139221352237813,8.318951034603976e-82,1.2538953600233436e-35,1.848119412614033e-82,8.729270234495195e-45,3.9911278423092806e-27,0.02865828722158676,1.0660866055625734e-58,7.537503666835006e-55,1.691613671716636e-39,8.478077055950809e-39,3.503193905804755e-21,7.820438626780234e-35,3.8010732428668265e-36,3.002960899432261e-150,5.773339388762238e-12,0.7276846820814532,9.903652541624767e-50,1.0897377458953e-54,1.3978024901305362e-48,0.09225076471244205,7.672290111652926e-50,0.08189690317956526,4.481276662305567e-78,1.4544668328736585e-31,1.9321439960173665e-08,1.1639440760281439e-105,0.0024527623729560387,0.02566433493875346,3.2643651814517744e-08,1.7447728688575387e-78,1.1174622813520114e-52
sim_acct_0958,109.51657031050863,3.082478727292383,0.27477327101454513,0.47283975170094306,0.10599875140896674,0.006253263649745839,2.092621000870613e-16,2.74359599747128e-21,4.518191759882523e-113,6.204825841683506e-19,2.0882641030231305e-09,0.09405564109956296,0.025750586892568737,8.734216014507165e-10,7.549412551249967e-45,0.000502531037795365,0.004833113547380324,5.30263888726477e-12,0.8134152542599631,9.329169532179663e-06,2.441094112214074e-05,7.91868678798316e-39,1.263334661290932e-07,0.01658175954148416,0.018959067879111138,4.695997100832039e-08,6.129972366015542e-34,5.59981905827175e-06,6.825639324709673e-39,0.011828149517849107,0.0012741512499853044,2.2373686082973423e-67,6.563939596182736e-18,2.1709599895122002e-10,5.9778968944966144e-24,0.006506964917319482,1.1357845095068912e-75
sim_acct_0959,39.909250968153366,7.079055152523751,0.27914604573584995,0.4251389812858222,0.04858822543462707,8.786555014480109e-08,0.0783142765129562,1.2416059860729583e-22,4.44041452532055e-15,3.0907310627417864e-32,0.000841210438842181,7.473178800089997e-86,0.00407840723503558,0.4065348560103548,5.1206145784720316e-14,5.820644610573009e-134,2.1950487137718453e-56,1.6277956532850668e-15,0.0023478272193539814,0.08781193683755646,2.3798840704591822e-34,5.566953886960921e-37,1.6714976588891413e-15,0.016316828391726223,0.19807604639518409,0.0005707823626490774,1.9000019521871807e-65,5.496347918031482e-84,1.7221639730883813e-14,2.001815035649896e-37,0.2051077398710078,1.3296668619959458e-54,8.597046440572317e-10,1.0556814100668122e-17,6.888036773419131e-35,3.80690892214936e-62,2.5830175907486984e-15
sim_acct_0960,6.582366669049869,53.022779085120874,0.45475016109750444,0.5272221761084526,0.0762264814185005,0.184546335452673,4.5605396552234615e-71,1.6531840319313393e-53,7.155882123731177e-105,6.342040500158978e-23,2.756885124546741e-69,0.093807672192392,1.8526765797504145e-15,2.6770434086297443e-12,3.300005382446483e-27,2.280900844221643e-54,5.645163212460375e-20,2.5356317411572853e-29,3.3550982480222735e-26,5.843038428010445e-17,7.317663085379534e-10,0.21195524366194443,3.1602551927967994e-56,8.93663190197217e-31,2.302429332992044e-114,0.09310864827061836,1.2338448239977766e-31,0.4037217005718227,2.9293719402394046e-26,9.713630254336845e-91,9.071162604924685e-73,2.8822021109247807e-22,1.7984024572196338e-63,0.0004109140894342986,0.010011770350467674,1.3024018085389103e-118,0.0024377146762023178
sim_acct_0961,89.69184154803064,3.0061129505964312,0.25627162161394235,0.46402321400982344,0.10123471886481619,7.838235692771489e-08,1.404773076488196e-99,6.831820455254404e-05,1.776397150071101e-22,1.5318190504960336e-130,0.0007095650612140754,5.542579639767171e-16,0.29353053019969544,1.15526822056329e-77,8.914907068563793e-58,0.00025720270577156727,0.0020662123530190333,1.1601881927612504e-92,0.42384097332122783,0.00031018007458717147,0.0007221432313073849,1.1215041447069846e-27,3.5302282874598187e-22,0.046781901767158525,0.017185179289857022,4.015061864066653e-06,0.003143573920705591,4.823131867560425e-41,2.494031032970089e-31,6.551931358782887e-126,0.19545729918611557,2.3509825635820698e-26,2.637327819399385e-19,2.9701785850167337e-06,1.1848143445422758e-77,0.015919857061981745,9.12032870814047e-30
sim_acct_0962,36.36654195345727,7.355061606509621,0.38032177833084335,0.5523976716134495,0.035665928690433724,3.363913381587216e-28,0.027529838811757325,1.5431855270531812e-06,1.9293222312045204e-13,0.012592689163420026,5.187214748213408e-19,2.064899975796979e-33,2.8689751610419928e-05,0.1916694791118969,1.5269833211169842e-33,9.826422119316531e-94,5.245171254167136e-13,2.881158281210986e-11,0.005936278706846659,1.1713392411764984e-06,1.6597291436398067e-06,1.2823495060143267e-39,6.785395450339013e-20,0.1449385786848706,0.0009412688685211443,0.0023941569027686404,0.02545327936311897,4.0527770248537194e-12,2.7352598913528462e-98,0.540646386668772,0.04786497967892095,2.8444457922937076e-15,1.920170082160913e-35,7.655718380995307e-133,1.180813800657077e-21,8.421973332732215e-53,2.4788798448777353e-32
sim_acct_0963,7.236789756719088,74.23409669732094,0.40338171616532426,0.6496922489046616,0.11323457877334142,0.17247447682885006,2.2814982949896367e-16,3.1608498588577267e-77,1.5266839742575524e-21,6.469114754240178e-38,6.077482876684572e-104,0.13467556418186002,5.151317613097567e-47,5.253695320021325e-46,7.682156086238716e-35,1.8658340542749392e-48,0.02594856174056311,4.0539285293387204e-35,5.757090548883582e-29,8.975152944261834e-130,2.9597669014435058e-08,0.07530387035800432,1.0100872653450779e-44,6.543840961506765e-69,3.0214805977051025e-192,0.055551386942227395,0.00012673075249083053,0.506728669821327,4.715909411368889e-06,1.0649399657469382e-91,3.1841168011421036e-30,7.678460261861538e-51,0.000618486128872392,0.022755657605198577,0.005811850133525473,2.3779889987056898e-33,1.0945588308885342e-61
sim_acct_0964,104.82890743485763,3.0481184232072076,0.25480809583388464,0.5798641069363473,0.12476112762797067,4.673227837585062e-10,8.582279835001607e-28,0.03781561272558187,1.067303721864602e-09,1.36502189093163e-37,0.09231606404400765,0.0010409190949976456,0.3116430715257274,1.2370804127589904e-14,3.5552220666206106e-68,0.006053208726352972,0.00016135450704924382,0.00025023346827954116,0.1736956825615622,0.0006857663563614488,0.0006440717596974583,3.027706059217076e-36,7.628246158312921e-06,0.042382200907029176,4.5285583958856745e-05,0.0013812279320969064,6.663976799597027e-05,7.193505518870623e-15,2.386181901905408e-111,4.468555527492986e-28,0.010107092318364997,9.389518158742874e-07,1.2542264271721955e-16,0.09401040851601203,9.261679483633519e-43,0.22769259147230445,1.2438901968799063e-47
sim_acct_0965,43.71909006387994,7.861886449048094,0.32414854686452405,0.5578823966264029,0.03639051745505882,2.898313652127066e-175,0.03420006396865004,1.6479562336313652e-07,3.157956282026255e-07,1.5469546148011647e-43,6.56858855844391e-12,1.0884690616352771e-21,0.022912240001478942,0.4290341210828242,6.705518113073199e-09,1.2924742292657942e-44,4.471447613880174e-07,8.021382869000262e-110,0.08661197788168735,0.20454706352157329,0.008147611043884999,4.486685318152181e-32,2.1505899147906006e-07,0.039911183655716796,0.023562155741531688,0.0429984451234807,2.3537666028422165e-21,1.0403162092917885e-10,7.18573675752099e-55,7.262400335752766e-83,0.10746078575555827,2.5647492756075318e-74,1.724827314052054e-59,8.117695572771138e-15,7.716151884865122e-56,2.37814733919637e-23,0.0006132026124830151
sim_acct_0966,6.433716760769075,70.20476211016008,0.43009233151404525,0.6584204300929977,0.08464534062722864,0.028440002743350033,3.2586836768983924e-10,3.08486214768646e-142,8.993361490965636e-25,7.04649855086685e-21,8.086984231161431e-141,0.2657900708074281,1.161338684828383e-70,7.356718054172488e-68,1.2868203573832424e-45,3.497436153175357e-111,7.640691515796246e-45,1.3446079702649974e-18,1.3876362417022889e-67,5.126412867210389e-88,6.920499097859706e-20,0.2856022227673538,1.5456537065681123e-09,1.7642472193610038e-14,8.980981667449971e-08,0.20335682191069793,1.108755505693559e-59,0.1975943026657984,2.345010467123054e-07,1.5125054199907948e-09,2.285108164563829e-34,3.8012762596381646e-32,1.40667801268894e-24,0.003829611145740906,0.015386640264721993,1.2986303077359963e-16,1.2246382995620153e-29
sim_acct_0967,110.30780634039017,2.5963506663830103,0.3576869882829375,0.6545984627807521,0.1301896473724105,4.993018580362451e-22,8.703234297507777e-31,0.0036767130182085153,7.209585009948946e-48,0.0009540066712061353,1.4126490178928356e-07,3.737535642489132e-10,0.03556617537623791,4.878855412175988e-40,1.8010746101524157e-57,0.24927847770426237,0.037712116343331506,2.702166115430272e-13,0.5591490076644884,6.36994268472935e-06,6.185160657478673e-09,1.0679456493546335e-34,5.004077800522702e-21,0.07749631483258136,9.004315886032264e-11,4.3310699033908166e-13,0.0002736030832911588,3.0273898282412637e-61,4.254951509686348e-16,1.6348404124857132e-57,0.0034184188528124286,1.2392186368301228e-66,1.6285175221318386e-22,3.230909291649033e-07,0.015567812355633998,0.01690051314976953,1.2967234680014135e-39
sim_acct_0968,38.21696693191238,7.747646112061234,0.4005768145003162,0.5111214149849346,0.0349956012363938,1.3544613126473877e-57,0.01945512294412799,0.00023807786982881418,0.05889014861307695,1.0763578309120135e-05,0.00032048003191838866,1.771760719270618e-20,0.0807367091618714,0.2760628459008906,3.4827898094280187e-10,7.989754939444939e-38,1.3693639081795585e-12,1.7161915323129006e-43,0.000796402550709418,0.016665084368083425,0.011442701564505086,5.09466167286578e-28,0.10884471621909585,0.34900316613103866,0.03743413824501204,0.022181215064047893,6.052729933110827e-05,4.6422336824647335e-28,4.2106710814830375e-33,7.108128174744799e-32,0.017856900668766162,2.7510632263815783e-78,1.9492696259489495e-117,3.190088851996742e-45,5.8448084295783585e-36,4.9189754716983944e-23,9.9943973882259e-07
sim_acct_0969,4.986315299052975,59.771201101206096,0.46514336755413543,0.5449465898443561,0.0676655398644767,0.2212061193208198,1.576618450301905e-44,3.591122870285614e-26,1.5344731816596062e-09,0.005300613293574445,2.9714743085800093e-26,0.22609227175785734,1.4465034811412503e-110,7.685777836506664e-83,1.7714861087708382e-35,9.65899830461933e-15,5.337022968082029e-141,5.5003022024245605e-98,2.8773019474063713e-32,3.1520661228935393e-13,1.9185136982688875e-96,0.14969983708673743,7.194905640789722e-12,7.316094768068305e-09,2.4481144047366674e-17,0.1446335760285051,1.9264705247602245e-61,0.23260835537715502,1.0786221815080256e-70,4.433145830003525e-09,1.996987165469941e-70,2.857623851133874e-12,4.7084692037931e-09,0.0026199142898731516,0.017839294842917165,3.6568772782317363e-16,3.305780210356971e-88
sim_acct_0970,75.89900983423395,3.625854500715478,0.3600870576637327,0.4642347823792416,0.13878037639311105,1.6846098685034536e-41,7.731576894458456e-35,0.0006938298105069239,9.186590027006659e-22,0.003019493560328594,8.841424446186206e-05,0.01770014335720574,0.027628276050346585,3.133875201351881e-26,3.916159065463625e-06,0.02158299551010738,0.0006782044243581935,2.59892206321967e-107,0.5653709930649023,0.0020709718672730394,0.0004300717736035118,5.8407608250614095e-21,0.010026410517846843,0.023588943534284507,0.16918176367735044,1.6355408319856766e-05,1.1756604665810048e-17,9.713728090182277e-19,2.472031639572287e-07,1.5329975383445337e-70,0.014482702498836644,9.30665432534156e-82,6.238157129664397e-54,7.42962979364075e-30,3.677300924156574e-15,0.14343626733803425,1.1530494495961513e-60
sim_acct_0971,20.67442304484598,7.216339434980168,0.34127978622242283,0.5226402309645843,0.03696902792024523,4.783939901451403e-67,0.0006863039921245866,3.977465699153433e-16,1.700161504677506e-30,9.163550865505916e-12,0.0075990059320678455,7.18043018335005e-10,0.09921104627596962,0.5486276737843546,1.850024780720278e-09,1.6168604564781925e-16,2.007128790298018e-38,5.209910879918534e-115,1.7866361311364675e-05,0.025149564903844297,4.354404937083658e-19,4.2738716441252616e-16,3.7423167648847147e-17,0.13048620707187977,0.1639834358967556,0.00690766762865851,8.907006783308881e-18,2.777606014782626e-21,2.002235774589263e-45,7.887520962747207e-07,0.017188215783278935,0.00014020563387443614,2.0147882441402978e-06,8.669336546669101e-20,6.1818982038321e-10,1.177464323667978e-13,9.863109408067227e-180
sim_acct_0972,6.05519236438764,57.52810002545399,0.46950998441523484,0.5962993774776958,0.06882144916892574,0.4380966036097109,8.804100015385264e-15,4.7671038877736276e-11,1.4362862904345314e-24,1.251157206649534e-15,0.0106531849590591,0.06546338664824201,3.501856923316949e-12,5.3017101129521204e-05,9.166199574115038e-12,4.3349533042321974e-138,6.65369281255062e-60,0.002240112700312921,6.469250946580484e-29,4.758441729978039e-185,4.329597895450291e-80,0.3232798175431726,4.9676078548298883e-17,1.0562744309629312e-08,1.0080657376384536e-60,0.05381022744209737,9.491947667893804e-35,0.07128527381880924,5.670283878218502e-39,1.081948264900278e-62,0.004625208750059464,2.734096906383083e-50,2.158260552478661e-05,0.026675832931726286,0.003691678312374828,1.3267491646045648e-88,0.0001040629546875343
sim_acct_0973,65.48199443198271,2.80322105693294,0.2546208788193008,0.4317437419024255,0.10935839838029507,4.761905706012427e-18,6.484489066164798e-75,0.012455296299749813,4.613104878770061e-103,1.2755305955723738e-31,3.130416019414102e-07,0.006429413766214807,0.0005167021360377394,7.956905026927275e-11,7.344178653903965e-23,0.00025100816906651604,0.007606331308233694,1.161804263215831e-08,0.778342153547104,0.00044126413913227305,9.355103786596744e-06,1.2979433579511906e-06,1.4516695086814936e-194,0.13897275417111973,0.00529270162579626,3.560019237206839e-17,2.2266659734755153e-06,5.361542716326966e-16,5.9582381676700444e-05,2.052630598812167e-21,0.034326332548257524,4.341863636359667e-22,9.169160566720784e-18,0.0073447815829896625,1.2122030745363642e-55,0.007948473872289082,1.9064108663806254e-22
sim_acct_0974,35.07207027716139,7.385519215748027,0.5268059962669795,0.6211845871554141,0.03867641013147286,0.1267870372791323,0.015487221895124016,6.395902693896217e-15,4.231938303125094e-22,2.8989889569204994e-139,0.00018664440129129658,1.2297186351175213e-31,0.009376026933359429,0.3045757610656913,6.194009288800756e-48,8.256326577313557e-11,2.3846340698972944e-08,5.094546158296735e-26,0.014788097540389037,0.078267549622852,0.030611117766873093,0.026753766399599723,6.232048489275267e-11,0.05542913782948597,0.32449085275099804,0.012975489164443186,1.0252457833114882e-25,3.6923994514860824e-10,9.796653193415788e-54,8.808395625119904e-11,2.2536703326445372e-05,1.0682346353988824e-18,0.0002487361988791277,4.6322822248234636e-18,2.817016351625208e-124,3.3876607493043472e-49,1.7824077303858453e-25
sim_acct_0975,6.340118303550199,67.06679258041744,0.5147048006659117,0.5503279361236851,0.08127199627376261,0.3455249988622166,2.200694611037601e-26,1.1179229344714874e-59,3.6498356867944006e-21,1.6847753158724383e-27,1.822535611564319e-80,0.1280735874491632,8.690477975004214e-09,1.0286180594890403e-25,0.00025667097708522585,2.5427055928146534e-27,1.1810398874777274e-45,8.203879412640722e-128,8.452857515912958e-25,6.719741365873257e-24,2.0933415332731585e-18,0.11352307943953292,7.0820044057046915e-09,4.3100799708032993e-10,5.85458494010295e-47,0.07642248110321484,3.3043380498453896e-07,0.0661079757518971,1.0787778806224428e-09,1.7209955459397988e-29,5.2123849287459444e-42,1.3248788284572963e-19,1.314583717813399e-34,0.26788930708077935,0.0022015513533241906,7.937352014756862e-35,2.6671319639160427e-10
sim_acct_0976,80.52916596633938,2.7540411281487547,0.2785885569099853,0.5290070417271896,0.12799133969772636,0.0022480876535523374,4.5674408185629454e-182,7.434915071244959e-05,1.6352294534950798e-12,4.313298645895078e-09,0.01680521211703687,0.030201005208334932,0.0019608199366285377,0.00020209409225372402,8.69042499521337e-54,0.06419799340488087,0.10600982051523007,4.488235238582515e-77,0.5281927170491942,0.11859867241711225,0.0008672259513176918,0.005296886640091157,6.645315378688003e-182,0.01493239488427703,0.031978926679171765,0.021406966163317605,2.397350140609607e-08,8.379292151300387e-34,1.6880448591320856e-54,1.1463337328519266e-05,0.041953794680783335,1.8517057940602094e-51,0.006722496411377298,6.096481746496356e-14,9.807355346908945e-112,0.00833663330121526,2.4121176878777845e-06
sim_acct_0977,37.925174314793885,8.305144339274,0.3223656377495834,0.41957614890595896,0.036816727380340565,1.7116293414681839e-18,0.007835283314626034,0.3597014426424713,5.76083307763525e-08,8.695112028767976e-14,6.158302762637517e-11,2.0191783827160153e-66,0.024870363632741716,0.13277857783977856,2.3692366843018662e-52,0.01942047034183768,9.90795269461077e-75,1.108293458334617e-44,0.008069646406327154,0.024849132049814128,1.6740785066846968e-12,1.9702156581373483e-57,5.813742018028726e-29,0.14028613452796415,0.13959623242601185,0.1425344965289701,3.1392956808236395e-48,4.203363995808021e-24,4.519153999819125e-30,1.1485084553020811e-130,2.3719359449326892e-05,4.417732077883719e-57,3.4443258333059814e-05,8.952156227102984e-72,4.3112406465574294e-20,2.1722776432590056e-60,1.2453810724043594e-62
sim_acct_0978,5.213303455861834,47.11771578708335,0.49491380027922943,0.5343095864830206,0.07296226150379252,0.1236913229624322,3.3260155137459602e-49,1.0663530930877858e-05,1.1855375367768724e-48,1.249595167558843e-146,1.044827854039845e-05,0.011113970984247422,8.097462695535848e-106,1.13539343638814e-52,1.6227834616077349e-15,4.635651822084249e-52,1.5965770360020793e-14,7.668192524954695e-27,6.621133848471962e-42,3.8015443439391675e-16,1.8912002221016755e-18,0.36731049506592994,5.4066709153648455e-74,0.00014309372013451886,5.6365534278215435e-09,0.38966789077223724,4.9404035994564144e-188,0.10735248921661801,6.016742231776048e-19,1.8707112484316268e-90,4.459456322522351e-08,9.721348086620819e-15,1.0318898072179665e-129,7.315994934023507e-06,0.0006922592428509298,9.834822051861084e-106,5.056991542488167e-32
sim_acct_0979,96.59912329735465,2.615074707444514,0.2878732955428363,0.4463717502578666,0.07582595794674517,3.2520385078339565e-09,0.0009553180987959208,0.00023771917693572725,1.9393466579098726e-06,1.9651622613075067e-08,8.541995824995139e-18,0.11723708950634767,0.0013873722818476524,9.445970164598785e-31,1.673983200241615e-12,0.0003996281925547279,0.04193848217969689,6.172336616384223e-15,0.4132777444105877,0.0009945726189426367,5.0512333219206865e-08,1.5530048274334844e-43,0.005094165018467739,0.0031379735644025764,0.013867738113436091,2.2947355602909076e-06,3.716636308094451e-25,8.260463673665197e-35,1.0031714534402505e-19,1.9314494108753027e-09,0.0044837063730188715,0.018729232924565877,3.5107203616551255e-61,4.529942451582199e-10,1.8930869653513877e-20,0.378254947634926,2.113778983610616e-11
sim_acct_0980,36.66619659852723,8.11117349396482,0.3988683559595608,0.4910409547619403,0.03230781052598997,3.364986970498299e-73,0.010755681486853432,2.5614028078537568e-30,5.544580120872342e-07,4.493464858304774e-30,7.504926842924454e-06,1.2440698772593983e-51,0.007029758499354526,0.22180057715812304,7.614974234561847e-16,1.3816490206109735e-28,4.07354648074738e-70,9.20176354217469e-61,0.00038569124035001297,0.009289872293711166,6.068537406754165e-17,4.866129958150443e-08,2.1286279335498533e-11,0.1810474502809531,0.4792114139247637,0.005849483634561131,2.1657127459601596e-33,7.574081062819236e-77,0.0006776305662112434,1.0819770133107111e-09,0.083816474383667,1.6391318578235008e-81,0.00012785738203300773,1.314667117819544e-106,9.85045836205766e-57,1.1266207961993835e-90,1.1406330750912709e-125
sim_acct_0981,5.643309223341478,58.738540794981226,0.5394913574607074,0.61760637101601,0.07640385109171376,0.26588602838918807,1.1652200456150087e-37,8.977055217619972e-59,5.61592192107229e-76,4.213034317340436e-161,1.55288036442022e-14,0.1271678423263204,9.570170228322516e-26,0.0010479408963896919,6.243888847066569e-26,2.671223293309593e-08,5.57977987457755e-121,1.4567906514724144e-84,4.0950296156285877e-42,4.495436715920797e-30,0.0008985784580017898,0.2434019245350552,1.061938299784069e-22,1.5165628642089227e-42,1.8045794519247357e-36,0.1004875574118978,4.241150807300636e-22,0.24811277489736758,5.703555026211764e-06,0.0010273388963591222,1.946380936752782e-121,1.1115853630755067e-11,1.2160891692010447e-65,0.007177132162783815,0.004787151748246193,3.6302818595137216e-28,1.4140585742544241e-64
sim_acct_0982,78.38588198662089,2.245870564876889,0.2776697629958601,0.46118514982633063,0.10945316506932422,1.0595150142457688e-09,4.454696478908407e-64,1.8996347536315486e-08,6.690218910106e-33,1.0772271304484701e-56,0.001029929045871119,0.008580828389661569,0.006299896909604916,0.046431195804888595,3.0107327044826543e-41,0.0047328590553378114,0.00014539905722968792,2.31904883459598e-09,0.45957281526972615,0.0010262776833455105,0.030679468995973007,3.671397887518422e-71,5.730761694101206e-29,0.07274712803479837,0.0006626242967839732,1.206713124890735e-09,9.293832149705967e-20,5.10977531772267e-10,9.218894191617648e-26,1.7567169018410112e-16,0.019634986579058298,5.083159712421433e-30,7.854114078313272e-27,4.066955969879245e-09,2.7377348124170802e-12,0.348456562715425,8.184932073485004e-47
sim_acct_0983,27.086940032343325,7.2016996137967855,0.29746273854204913,0.6591587402965499,0.03261796410623684,1.6107420950987495e-84,0.07342931876916468,5.6740210779583936e-06,6.647361219201796e-07,0.0004486428637643078,1.5881112795823077e-08,1.0670837934376477e-61,1.1670134809154677e-06,0.2817666714883379,8.918797593328675e-06,3.68298905856057e-35,1.5317457265499886e-12,5.431727658997742e-44,0.15455775751785855,0.0107714500360688,0.004356428653941461,8.914667873134754e-133,1.0281621126226858e-06,0.23163667288718312,0.13345174403421198,0.10940032574695534,1.3054362933440665e-139,2.63587507018381e-36,2.0688583537930002e-18,5.469046302068294e-12,0.00014286446251404056,1.9206358752221067e-54,9.967478657812538e-145,2.0015218777740976e-17,4.986711790422382e-91,2.06549214994862e-05,7.746099028846505e-64
sim_acct_0984,6.216591688370323,57.96745451030035,0.47034403687553766,0.5325528104189773,0.07029754646121082,0.2348594903312975,5.894703199671682e-23,1.0558089894171057e-07,1.2260747033758764e-10,6.271904948834775e-44,1.433423078428023e-55,0.08877882523864064,5.328521320406457e-19,9.745424819266237e-160,1.6635288186706707e-70,7.553016353403006e-57,5.909974967193763e-61,3.7944853482096436e-88,2.212705997978049e-43,5.251211100010997e-44,7.598359718683803e-105,0.2838328441735087,1.624056280140177e-51,3.7046130527226063e-84,2.7156357100598225e-63,0.23365586930987356,1.4006309777215336e-23,0.14006739491940523,1.6456773372803154e-11,1.1648299847428377e-25,1.8204733029645383e-36,1.9445916919081708e-31,7.49836357571377e-64,0.001233344340042266,0.017572125967268922,1.4967240176079435e-63,2.2491003928177575e-77
sim_acct_0985,93.18258254156102,2.877451882338544,0.3239563734223725,0.4688345657393394,0.1161892007460277,3.421449248095084e-05,7.819838261987375e-54,0.003741526039019831,3.736340067072304e-12,0.1809524422946906,0.0008286294144744769,0.026437554792617887,0.07539751294164138,1.1599593243866392e-24,4.2398568625657755e-17,0.056429389504482515,0.06074269747668113,8.659670701780488e-09,0.42914919106101207,0.0018299253115745936,3.1012135740626672e-09,6.215246398153838e-88,2.2351936005618126e-19,0.12297972262059041,0.00012461218619058668,6.260523657329438e-08,1.9235656039751467e-19,1.7778139177122537e-26,1.6874372410674913e-74,2.210459642517477e-40,0.003976382663111003,6.568061282203501e-25,4.141129204031192e-08,6.948010752724159e-06,4.86523676199641e-40,0.037369135409530414,1.2008196185193051e-18
sim_acct_0986,32.749184086209645,7.416364109475116,0.45159569778805864,0.42916581381951213,0.033978478101877235,0.00011900004983096298,0.13380915514803596,3.808317243623618e-06,1.8164082813880802e-06,2.738502917695032e-99,1.737531672962612e-05,6.400172757347348e-22,0.00990297346588799,0.29296363916502666,1.4040181801734924e-28,5.245013735860281e-13,0.01006103057756413,2.6171624408237145e-41,0.008355989536734373,0.006523758131106839,2.6107946916526828e-55,6.898753421661427e-27,3.043352307002741e-07,0.17647408936402806,0.3592613424932073,4.98229609833961e-07,3.7442531714112954e-90,7.860134100473192e-54,1.155444949563955e-21,1.816676005470122e-89,0.002505209192357403,3.077006177291798e-40,4.286513107481065e-57,3.47846231979191e-23,2.21185059247021e-36,1.0268600571383024e-08,2.606475651992469e-100
sim_acct_0987,6.065379237525501,50.26917527882075,0.4645747809949889,0.5108291845402264,0.07141053432081614,0.3576816193818781,0.00014711170239945442,0.001700080388101454,1.092204671982614e-10,3.3241526643527806e-18,5.5414637024172097e-42,0.0008305316264452364,6.367088278414089e-26,2.0298428535580065e-12,1.1243911927322792e-72,4.088364461986461e-18,2.0428051800520074e-109,4.094480858062152e-172,1.4470509733920107e-42,1.0215991810190749e-88,1.7772235813360663e-32,0.40630244843770935,2.0318246070599216e-112,1.754280155075949e-83,0.00011433764100064673,0.024811223074312414,5.511521245933384e-72,0.15635081007564136,5.405687461815007e-13,6.596220286142405e-24,1.4850931790630064e-11,5.775835504506484e-28,5.773932878218254e-19,0.0027602566900030777,0.04930157916542114,1.6904461014214494e-09,7.795626024829193e-61
sim_acct_0988,89.10638962851027,2.740797585466755,0.2735561029256946,0.5150969714717557,0.12448431971508003,0.0003735561900148691,9.732883405519057e-13,0.004068733933438421,0.00014018094900836547,1.2365790113223187e-36,0.018116464371197155,4.4853553520363214e-07,0.034412299981173906,5.949749759552293e-29,5.905455043812455e-05,0.1947340403911532,0.010022339603037235,2.5005198229315014e-18,0.32172283110062677,2.971377874946647e-07,0.002680333256430963,2.101734954870621e-09,3.9973297143793945e-11,0.020324086338338133,0.01906833728128052,0.012358725638418397,0.0008337915722023097,1.422003920083722e-68,1.925973765514427e-18,8.945012770565215e-114,0.16005984329510264,0.00868945383213903,7.954956156560285e-49,0.006800224743905228,4.451470809041182e-149,0.1855315346107321,3.4205453584319e-06
sim_acct_0989,43.069630376987334,7.203129850716101,0.3895236184626439,0.4835828832422432,0.039635207575585564,4.120132385298585e-29,0.03147558458938618,1.5810357796089744e-07,8.753916708884029e-09,1.1798224306889418e-11,2.1612711314107976e-05,1.9161532533407637e-10,0.0020101934266997254,0.09857910562119646,0.008132815347037413,4.539948147345383e-127,1.0678037694561676e-12,0.000709519762140519,0.023142590390349903,9.289113629746725e-07,2.172090094250786e-06,5.380226853150731e-38,2.1806330579863423e-21,0.6553621107135685,0.08207388685724544,0.09786498055064602,6.435601121489462e-05,8.460595111013236e-127,1.1691880432809844e-26,1.0162107858582629e-60,0.0005549917588700044,1.1569346646523848e-23,4.389618943073303e-27,4.9841481373739785e-06,3.2242920259859715e-37,4.875985674006459e-11,4.042764945299886e-138
sim_acct_0990,6.244810648202716,51.60532461555255,0.4981486696474019,0.4743502560043298,0.06980840468174028,0.15007015052834563,4.300871110747494e-82,3.8594550401530926e-82,3.2331842153421007e-53,3.84018443860189e-24,6.687742259906524e-100,0.02302180922526993,2.2223099406866347e-26,8.046447470366626e-15,9.438722207302431e-34,2.2989045640444075e-21,3.499690826403717e-57,3.0371125298496918e-05,6.614791832883912e-13,1.7987934542810443e-30,1.78263041262012e-36,0.1552709749246663,5.410459840614299e-09,7.380605237525354e-18,5.902579129685358e-89,0.19979618112309439,5.519325779031081e-21,0.3792608770229759,4.568931715096262e-66,6.09731099911479e-07,0.09244223041476106,2.2256369100936794e-13,1.1649126198460867e-146,0.0001059811367447295,8.093556680385135e-07,8.450566501493578e-89,7.235043080295219e-13
sim_acct_0991,97.61132676490715,2.386755944614231,0.2875711793040574,0.42113282369068,0.1411170875220354,7.85949195911551e-11,4.3701977614431356e-13,0.00032558955598760024,3.449568327698437e-47,6.800024448115898e-102,0.0015201974178351342,5.891973447730141e-19,0.11352329850007564,1.1061370532557047e-32,1.5201883172323236e-45,0.3038915579507417,0.007175664431967366,4.0800789849775395e-55,0.31085987345526855,0.03255053209034607,0.009078071231302113,1.964705201371254e-07,1.4711982267892263e-118,0.07585004381715925,0.039640406845844224,2.1590317372773443e-11,4.9826004761404064e-20,1.0565759231910829e-07,2.2885475415541984e-55,6.063754760079282e-86,0.021760875611398244,1.103105439625532e-07,1.1939259107601934e-10,0.0009085310965428371,0.04953052026580351,0.033384425046113726,2.494286901793724e-11
sim_acct_0992,38.11387544477772,6.704746819332667,0.3972177735175701,0.4741556210263493,0.03559351154381908,5.967613593359038e-38,0.26999591796787914,1.9339542186737014e-05,2.3150385312180788e-06,3.187977872869941e-08,0.020299105591532186,1.9903108169949353e-131,0.009212224420247725,0.17819254017317285,8.555212222294688e-08,1.6110101778163286e-31,6.870006771751086e-42,1.4128904057331582e-193,0.033262621242115785,0.026741534934259552,9.164547135538998e-10,1.3377675757336714e-21,0.0008380323367819203,0.050627738870548236,0.23141446081912048,0.009099093237615609,1.356383144761906e-39,0.0019223725151570287,0.12785895770654998,2.7246322478037054e-17,0.040378504845927,2.8576915941014544e-14,3.8803120608882643e-07,8.0966342039342785e-56,5.1480260969548166e-18,1.629937079182123e-45,0.0001347343787844458
sim_acct_0993,6.151259817721091,64.99157390312371,0.48708188523068113,0.522027745810991,0.07469715229889462,0.150804852419971,1.0428764736323691e-94,1.7154023102205768e-36,1.404097041041913e-64,1.881389782846501e-05,8.550805723897073e-51,0.31062039466598046,3.327257840579652e-12,6.055025982897596e-28,4.4009863179930517e-104,0.005130195413934236,7.388511459566657e-08,1.5116578364970592e-44,1.0813415407296008e-188,3.2075755468525516e-71,9.201842472511362e-87,0.15794536489279642,6.898490315650289e-19,8.025512937745462e-192,5.202477143411737e-14,0.06658089759601427,1.8987505888518866e-54,0.16191916625539512,2.2578490662780502e-66,9.435133014571197e-08,0.04955241517803172,1.402781704337149e-81,8.10214075135719e-138,0.0472591047118196,0.05016862672840484,6.901431194219468e-124,2.088015214046851e-32
sim_acct_0994,59.18739142258624,2.8762839795326034,0.3800249670558085,0.48644532000375384,0.12710797463592033,0.06594677585329027,1.517951040474614e-49,7.208065179276388e-30,8.316902385104766e-247,3.271335298281162e-14,4.69223832257199e-26,0.0001575497409210296,0.027637812699590123,5.315484201724798e-51,2.7194161743596783e-58,0.001217302273214036,0.0003800978675817803,9.926026954943175e-47,0.814897473925764,0.0007228036713296519,3.483674195864984e-06,7.317736580085827e-55,1.789618966213635e-38,0.05199231026229147,3.664173886638051e-06,1.1636592486251543e-11,1.944539988619073e-78,1.4419752976722116e-14,1.5587762769117412e-24,8.50730205841218e-17,0.006979182248153093,4.7043508192966805e-55,4.791957172301566e-117,2.4684266379191e-13,2.632425794843042e-17,0.030061543594323673,3.5277723839405867e-12
sim_acct_0995,38.97358123393177,7.463805432596296,0.3088653782633208,0.4482553141547802,0.025742558365567544,2.429110229173168e-18,3.2069535338838737e-05,9.426833779603738e-21,2.0137911735626708e-05,1.4967298049643456e-25,5.845811157555547e-12,0.02193293046644751,5.70846713887148e-14,0.1415588458985604,1.512841217274602e-10,1.0570199920045716e-60,3.383114499371789e-89,1.9558612408405498e-59,0.22788608158725832,2.3756310887699584e-05,1.303979570787882e-05,1.6752074514254168e-20,0.00019964531911738088,0.15200354081147502,0.3633747856775748,0.0050449859328825924,0.03379927298717512,1.852081264943945e-49,4.092559374009312e-49,3.701133192945775e-27,0.05411090759712451,3.817413235425414e-15,4.920030864156519e-17,3.5961470803319884e-18,1.9138825759847204e-69,1.6847652163381396e-46,1.152365417384058e-11
sim_acct_0996,6.047725323489347,56.82767154842306,0.5171248384033091,0.5662885016790765,0.07868719905209527,0.14726400190797967,3.523341614474918e-42,2.198577231833692e-29,1.0049080095692356e-48,0.0007555856691975223,4.560437496299861e-12,0.08062514495306292,1.006301432404007e-25,2.085042908682369e-58,1.2157316594050906e-85,4.80152959612456e-10,6.386351360996932e-58,2.9738999581637177e-05,1.9770924399555726e-45,1.9491947829086838e-45,7.499493961863876e-25,0.21775122852781614,1.8951092828746715e-26,5.438172410099985e-24,4.1552042026816975e-06,0.2407701954047249,6.816382937754921e-30,0.24339098961608405,8.210574488767059e-16,5.589337296367446e-23,7.728685934178273e-16,1.9378456008929188e-11,3.0353987081474966e-05,0.0006780080524563633,0.06594374182891792,0.002756855344801547,7.935574674652238e-23
sim_acct_0997,106.8771601148016,2.8559481959979895,0.2533192339160942,0.4986933465227063,0.14734906122747823,1.4614717602671276e-29,1.8940792195819618e-98,5.156671873978346e-27,8.270115423095475e-24,6.022672110296026e-24,1.9532479532454913e-06,2.1774290990409456e-10,0.1345478903848264,1.0620791216550605e-09,9.552554417282025e-50,0.002076829873343951,1.2948510730072741e-10,2.689255361942425e-69,0.6858190940566996,9.796735857146284e-09,0.046971541929195934,4.0634770259603657e-32,2.5113389257884574e-70,0.0015955193988934073,0.007749872496798025,0.0014061045372617048,7.078654240472228e-14,3.529431691233117e-07,0.00026526238283662026,1.5048974373015217e-29,0.0012851101952302687,1.604394556426288e-12,1.943441430678264e-121,3.3530923286746803e-15,0.06788180437226382,0.050398652973806274,1.4643606685399509e-128
sim_acct_0998,27.802340165190174,7.628296661701394,0.46105349816283386,0.445309896509667,0.03458151209985989,1.9729670421959777e-07,0.0022524105620834165,3.383636442969231e-05,0.0008206391107084754,1.045613457675631e-120,4.028919624528806e-15,4.041197850332471e-49,0.0002887100420325515,0.4356154135288074,7.078109305505975e-38,2.619680971530663e-22,1.7160452527855003e-41,8.586828273388698e-66,0.0003518463186843095,0.07530236945270238,7.214556564878785e-31,6.06885502156819e-07,1.7696451246981114e-15,0.2703295583851798,0.17377935911434683,0.0012938057760338015,3.231914079913854e-28,8.2244802638061675e-53,1.1169393542161551e-14,8.4243176733204e-24,0.03992133222737048,3.786267118086888e-50,1.0636253184513171e-11,9.394460592697912e-06,1.3115269167275727e-07,5.64115911513107e-28,3.893114767592664e-07
sim_acct_0999,5.368915956048023,42.12938468691673,0.3897899825921882,0.4822033079195796,0.07411277047218628,0.08057095594547707,2.8756252076959285e-38,1.4144877463351414e-33,3.186198698068126e-12,4.985604437152973e-33,1.5836972789057418e-34,0.15479022900181383,5.590637295690582e-84,3.742360661628499e-76,7.270786471157815e-108,6.665491331929526e-28,4.9647637039498524e-17,9.027328960330866e-60,4.784469894479606e-67,4.362571871090689e-112,6.808623320216427e-51,0.4451992586589693,4.929131421594352e-205,9.344115497469938e-81,6.886526152054395e-13,0.1460238023535182,0.00023213013374103893,0.17224054891500132,2.6157304235719287e-65,4.257489288193896e-58,1.8468400102614086e-08,1.543917738590103e-10,1.968922333065047e-25,0.0007668207575739019,0.00017623560723876172,3.200598473265751e-33,1.249779509855184e-19
